PC1,PC2,PC3,PC4,PC5,PC6,PC7,PC8,PC9,PC10,PC11,PC12,PC13,PC14,PC15,PC16,PC17,PC18,PC19,PC20,PC21,PC22,PC23,PC24,PC25,PC26,PC27,PC28,PC29,PC30,label
1.4555163137622962,-4.0132610931245205,0.807561025376686,-1.5492952088420764,1.2267520666075853,-1.3987536420206772,0.8408900086827633,-2.5511511574172854,0.1814385151832553,0.7358957571302823,0.38100017378965767,-0.15524252850663328,1.7100785450243867,0.6170249499096568,-0.659807477075109,-0.1295101695110177,0.46184203933325335,-1.0501730381831955,0.3948606858507473,0.8794509863461718,0.0595555194809971,-0.790362289954524,0.13224362673012982,-0.13055488025361317,-0.7418160548487016,-0.2706232939861305,-0.44367103847002887,0.482394803421867,0.051242442559457785,1.452224153696906,6
-1.8799804484940432,0.9322787255901678,-2.4962943133463624,0.4938047296349176,-0.262097725502252,-0.047013454645478334,-1.3781839066504968,1.2587737300811255,-1.798610376398166,-0.45366205568048695,-0.08690867995113151,2.251106788102998,-0.18334273416512217,-0.6992638005149773,-0.1522474725410816,-0.6010267898592716,-1.0653529978557934,0.9508283654063634,0.6979242063591845,-0.005073315816650546,-0.5545396481599091,0.9599191684273247,-0.23604980581720153,-0.1884708899328026,0.4651804540172553,-0.8875625966322843,0.2447718363264664,-0.1085066957516794,0.2375594099188422,1.2056170867955243,9
-3.9163872579171843,-0.17224368290386133,-1.1542980986734013,-1.5265472835733915,-1.077694464299226,0.4385045707820022,0.03956197559639399,-1.7097471950784309,-0.07949654069091272,0.2810968140427757,0.6578647788956224,1.0807979326137787,-2.190583778394929,-0.8948779761305325,-0.17600348822309125,1.111898983552344,0.4754866536208107,-0.29583012764252975,-0.4585853252924916,-0.21494824970552273,-0.22429539144579283,0.6768816124560805,0.1369446003750542,0.5561891156350743,0.14967115684916615,0.1895058987990444,-0.2184809493061171,0.37756753002048365,-0.4122192580131856,0.2092183306259424,3
2.4630406235241065,5.472199247268995,-0.4120737047746663,0.1054594286402821,4.680345208767873,0.6118675268165655,2.271662125798374,0.402517955495042,1.8806857951112839,-0.8966537113171203,-0.783764309996887,-0.6877041906448598,0.9475669522125975,-0.9735606398744021,-1.4535293797916646,1.0428569196724575,-0.3125519707667861,-0.6246109265281748,0.9208989040489155,-0.7939404121771205,-0.6392911544683297,-0.4086975054681441,-0.7669611301461912,1.0328109323825088,0.059342034736580715,0.2857609349297065,-0.7270414664812935,-0.41324158936472893,-0.39620827348752463,1.0716597979589788,7
-4.89877450361292,-1.9242226822144222,1.3958984195989999,1.7036835188452055,-1.5857297232962229,2.7626790747582795,2.5752462145286112,-2.223839141744492,-1.0192180987324375,-0.35899546127675813,-0.5897188972510945,-0.6652134685570935,0.022588127387357826,0.3016563064555583,-0.16205457696526346,0.4593405767498823,0.7057604266929262,-0.5840095475303961,0.26542781264445303,0.046182557166461864,-0.23693860798252983,0.09820215288778145,-0.12634561127151395,0.3999811827998636,-1.206049518403169,0.5114860364646635,0.46506350303863686,-0.36342229359136896,-0.41772525953125333,0.9952574956036008,2
-2.9686926519184325,-3.1233348184358922,3.011907496021496,0.23027181019737794,4.41949800869919,1.4885738200933083,-1.2089780400467016,2.209030566484114,-0.40519683227223646,0.5321842948772172,-0.5451701538466721,-0.3227170323589243,-1.881973922007609,2.0810318936495475,-1.72732630365582,-0.4608172395459224,-0.6177259246633644,0.04517909606848222,0.26010058138972386,0.5012117185021527,-0.5054217794075986,-0.2874071330648085,0.5268113683638661,-2.3687645108392714,0.6271197079100314,-0.36903738101633154,0.5496090092968982,-0.439124864856841,0.922775116398691,-1.254636734367853,1
-0.7527398633048733,2.1041804328278264,1.2169037088796864,3.126208000846025,2.1435425836781468,-0.0911531687052918,-3.1730293199857287,0.2058335845916833,1.1698743675348497,-0.3995916488609416,-0.21424754093367687,-0.18844755239084893,0.49120121414165174,0.1662774613313442,0.5875406701429362,0.47381612856593686,1.2576311399942213,-1.1911782845893575,-0.6606095862351112,-0.06170905911048327,-0.09549501395802747,0.8270619164789355,0.9139469061713444,-0.16387796381071656,-0.5516562128814176,-0.38875157202461613,0.5334036659633618,-0.2680609836035321,1.0683192791705416,1.145851029113978,5
-1.5542848741071418,0.8856986582482376,0.6893975201673375,-1.0434325123448094,0.8560244672796492,-1.4450305600519815,0.4537363745399948,2.4467627246394743,0.6987815060711337,0.39739330522407035,-0.4236672744087168,-0.6212599410761679,-1.2778703565119018,-0.899455416161308,0.6243880883465871,-0.34253345091882165,0.23417377488523455,-0.9911414872975065,0.32628437031849744,-0.24907197791667268,1.1433559248312706,-1.3003024345302732,-0.8250836873936053,0.7025522777588156,0.6496324573766451,-0.8566438390627601,0.06258627091561278,-1.5681171109190524,-0.32317023474767087,-0.5327948248560728,2
-1.573146104911228,2.272327748065026,1.5009102657566626,4.693310263372213,1.5530144996762587,-0.2900487575689824,-1.8991955407256118,-1.0854595813373988,-0.08510696209781723,2.336726807147588,-0.44601684437334327,-0.08312200454805109,-0.4452964559250396,0.506498620963332,-0.14854789192034965,-0.14887323031869643,0.6179241936621408,-0.7197828871719044,-0.8876604360318162,0.18825715295623027,0.23389986089131098,0.2592982391388654,-0.4753525826455239,0.5355575378539998,0.6385638126536501,0.15917459943583173,-0.7365083380253824,-0.8203522689811413,0.2705878747694077,-0.04194387445647926,5
-5.164100954606308,0.8878825663699269,2.2859468738159596,4.01749840292156,-2.1651623973889724,3.5761816024653763,3.1950841720833836,-0.22614594898985985,-1.6023749236099707,2.0052278386596587,-2.4116167271868423,-1.9147350675987178,1.410258864894641,-2.615073210013259,2.0126390300208565,-2.3016341026623803,-1.6896707814399163,1.2093743386714322,1.6355030389823042,0.2782063152999781,1.1957151886144712,-0.04127453065519612,-0.02661171863302407,2.505054930837263,0.6382469324719233,0.2780268019052919,-0.25624202190593715,-0.30000689042909184,0.8650106398476416,0.06046321198472626,2
-0.7977392440691308,1.3058778726866602,3.249318099814597,-2.3553030777435486,-0.9175922567352233,-0.13165754980387667,-0.2308882688474613,1.2092268291260557,-0.36879210858232825,-0.7698058388693674,0.03505225560890123,0.3573632922271582,-0.39978679694706487,-1.6670168117005133,0.28653829807179726,0.22915339004198185,0.3646366344428581,-0.910330185457833,0.8464192356814323,-1.0092369709645443,1.028159162576282,-1.022949427130531,-0.07810824416850795,0.2848892408128668,-0.5477846478098229,0.2987736177220601,0.586433072508755,-0.4894302654579113,-0.1515222067813007,-0.23412959183663812,1
4.324494685471942,2.709312138052449,-1.2707631921799962,-2.395811513924195,0.5525951231971982,1.2866280651453916,-1.2953624782184885,-1.9043755111712208,1.007840010516053,1.8602040693118531,-0.397931713231671,-2.146847620661605,-0.21635197279013088,1.9843131206588696,-0.5753066955341662,-0.5868090770558414,-0.8587683371081678,0.559445553662471,0.5024220427676956,0.09122163711867316,-0.3426016712821254,1.5290775614909562,0.633527233705989,0.03584641724594762,-1.2100930153434044,0.6820857746603507,0.7345414176320986,-0.4323655078243217,-1.3575404800839233,0.602687208321538,9
2.0111163300841564,-0.08517508803789099,1.6159648483041968,2.7850134414096814,-0.06925389344250388,-2.5770766218924166,-0.2442221842804946,0.46571206129002135,-1.9213734284570827,0.7878984023690209,0.8520026514489982,1.9486442273088136,-0.007782868191574285,-0.38249187208520097,-1.7047404755007753,-0.43817583211800487,-1.327729087845989,1.5931694731196218,-0.29415005487218093,-0.38766709870712385,-0.409198375134537,-0.1098756977455566,0.29578251118405086,-0.38056582714687176,-0.31124363498697616,1.0272051525527208,-0.057098019727324555,0.02229836456308758,0.09237743718801295,-0.6386782314579337,4
1.193017569752565,-1.2081864025653524,-3.194533246976961,2.297883658906709,-0.7839286970153616,-0.3895994440500465,1.228070818025428,2.2802965359200598,-0.5471573598902336,-1.3072193198258124,-0.8556072313135455,-0.7023520479998471,-0.5433811840536924,0.06623734268526714,-0.23506865175217817,0.5156269385854686,0.48673862432506815,-0.6685789575491592,-0.14048202616799835,-0.26179466402329243,0.5938601264668182,0.7695800171706831,0.37779703449221225,0.6519739694597777,-0.6861363170137258,0.5260733232948447,-0.10849477535345027,0.28187957330177504,0.08503577039159105,-0.5575534666171652,0
7.454700300489471,-0.13864712102689364,-0.3821966662390702,1.9920765004701089,1.1574779519474319,1.2126898217814548,1.5376670721587455,0.5066491092322287,-4.107099841868005,0.7120058721672997,1.2656124429477926,-0.04416827170596853,-1.8982715103455365,-0.06759472885916387,2.3302448269232166,0.023498910920391233,1.3915298693553924,-1.0176215182344273,0.004590835686946996,-0.47113033081371836,-1.0426714684343192,-1.1399479998737614,2.298759922623867,-0.376525316290304,-0.26949101589059427,-0.6497375453361875,-2.5740695818579518,-0.16189171814846273,0.8786922021071842,-1.6824515426801323,4
-2.8554805535901195,0.0025647721539655277,1.7970994246261862,0.37068871451814983,-0.9376109672425262,-0.7596691709316661,1.8380809543133871,1.7808244568444738,-0.15561090426938426,-1.4582450442312371,-0.3430721449073869,-0.6704330615327694,-0.6506174338148184,-1.9698547540908287,0.7265782389837195,0.09023499125626158,-0.5815972450207534,-0.5480316025256751,0.5088008344454129,-0.3846270460491406,0.30868309806379896,1.5824126625757076,0.5715490059397865,0.28177089410453543,0.9465788271027551,-0.281170946088627,0.019075534111774546,-0.6282428992778636,-0.8938711378337348,0.37631640134712335,2
-3.2500918296307213,0.1287804724290431,-1.1310894696099953,-1.6614780830652924,-0.6401172698553339,-0.22894907158566868,-0.8059952233857518,-0.5204467249616629,0.10886678345809213,-0.4641904324345363,0.5531203059748994,1.5287631819097438,-0.3304032432290673,-1.9855406264793312,1.0779518605903717,-0.2558385433425383,0.191170057817961,0.14123136381041082,-0.15806909389690957,0.3482444872390348,-0.7073343869409496,0.2197544013255497,0.5326761438307422,0.2661233507331966,-0.029810659816707934,0.24096082334516136,-0.06686845575572525,0.6354134438195456,0.023493130675159974,-0.08993109235706183,3
1.181748591697148,5.95531433042581,0.2628608748774027,-0.0170224335665217,0.40528349750267945,-2.5186794748718038,1.5009830482404125,-0.28840361464930764,1.2730060093601976,1.1548210273771897,-1.5390754316069373,0.15520063999918948,-0.3134601999250051,0.47072981484244814,1.1877506066322034,0.28385221189384047,0.012908798073030449,0.2887932676346019,0.38173124666063396,1.105712886560535,-0.5340118200509605,0.46089241237538087,0.4865626357857973,-1.8540291740665593,-0.44815736150532093,1.7221987312560894,0.3177316113131207,-1.135778025496337,-0.16053010961198028,0.9457086568096755,7
-0.6170294681777814,0.8363843695516809,-1.063451772099347,-1.5473285514623454,0.7720210391983158,-0.9317454482593275,-1.1842698705473758,-1.02510813827228,1.8524917668533687,-0.5010510393166633,1.1769566648200762,0.2370656223068624,0.6435960221338425,0.2608098411432314,0.7507575869978803,-1.084417072582326,-0.4166438667487954,0.6751939954158397,0.5484492496240566,-0.31439818113081075,-0.38085527121410595,-0.6894228669715322,0.3544602155206863,-0.736270118831917,-0.048850282311153126,0.696965319917252,0.18953727860473724,0.9629321211125543,0.22937828251450837,-0.5415212705544554,8
-2.501332719481441,-0.5512010545870336,-0.09146597120109956,1.560047144834246,-0.5580668549181134,1.4925670387611358,0.8113744491344159,-1.0525762669630117,-1.0151077556822221,0.13483168447712499,0.9585592650920653,0.599357539401322,-1.4489779479318388,1.2776447118767453,-0.40014964372991646,-0.9054135099719696,-2.057800791764938,2.1837418134074786,1.2666179884814706,-0.9018412873339551,-1.445444817968052,0.7354699726298658,0.5734351401305284,0.10692495996892724,0.8046703950093157,-0.7072220684401669,1.6756972958428908,0.28873278694782895,0.6683866567093822,0.1281080398860586,8
4.337615018587047,-0.4522571865449472,1.9076451050087477,-2.1288926991765127,-2.6299406293558136,1.3924393225395193,-0.9247391451890425,-0.8378133418153869,-1.125834523258162,1.6049038540562532,-0.06913255852517268,-0.8325339600118922,-0.6848481636946108,-0.8394988451596854,0.11260496589119938,1.0947031364023003,-0.07493592571317356,0.5662935463865632,-0.6101352894446116,-0.770937783284489,0.22352160039419533,-0.35203452103678445,-0.5660144074788225,-0.537867287054886,-0.17530435421827664,-1.0801994959818355,0.13583853555170247,0.0874298855315036,-0.4858033266981538,0.6738490163366676,4
-4.53005085776449,3.6310194254102828,-0.5680081466000955,0.6117269105682929,-0.955477180931295,1.9027824790345764,0.12541409673130707,-0.16054273738286756,0.19342445232195263,1.191885459826875,-1.6276186248229436,-0.9613391258411123,-0.7224812460659917,-0.8541445524724206,2.7471910599665823,-0.5443165549965754,-0.1732057337459181,0.4419354543929352,0.38876708264490517,-0.5802913713121592,0.45583678839281405,-0.027034986341617044,-1.568044509780297,-0.18946382834659684,-1.0692093636807687,0.16243328600367213,-0.3861982793961697,-0.40089164648866693,-0.8283752180277606,-0.9892951582003638,3
-1.5884066320602697,0.9152337995741149,-2.490181701957665,-0.11744373329260983,-0.13146840660894216,1.3975067354861561,-1.469365173548845,1.9213892590981858,-2.077120552146341,-0.7351649775646257,-0.5123729838231555,1.8508428470531488,0.12528819903167643,-0.6348644311265481,-0.14898817048648724,-0.8543348302481508,-1.4089091885383704,1.223549643948272,1.2363098412432012,-0.7013716392883246,-0.1846829005189057,0.4904814439920216,-0.025107235380918923,-0.3274057931827907,0.4089336510519443,-0.6373875689519677,-0.18206370353179335,0.10437413993238671,0.380981960757925,0.08015947223226699,9
-0.05355550980354154,2.612022073113102,1.5565167745171486,0.04247127279547038,-2.545127554431786,-3.157655289267911,1.7087746569852318,-1.2106419071417742,-0.28964962929236165,1.51903340405971,0.547652516435838,-0.7251831914029241,-0.29439421407391714,0.25098518418262167,-0.5092254347178772,-0.14967998678266217,-0.043889206510053146,-0.0891451396645001,-1.2507312347897028,0.9734422374127951,-0.22457927480064002,0.8347617722125125,-0.405673524761822,0.9735690790228493,0.19761331802023221,-0.767374863740219,-0.5021279315377631,-0.6673513879659546,-0.6503035346222605,-0.29729536813986535,7
-0.3352414334650282,0.7448306650003831,2.193760724214876,2.9732762102753147,2.2594855886285927,-0.12257535676089816,-3.8719689284796397,0.7686705228106959,0.24562608743321418,-0.6370902558795695,0.9771489292126583,0.6342835758980698,0.840555979997178,0.542161686653414,0.06460428594587968,0.026243742740575927,0.9332447447014466,-1.0875104671308304,-0.08083418807104242,-0.9140833511549656,0.3356625963703349,-1.0405955069697603,0.6038025085917215,0.29126731932016586,1.2904852318924356,0.6180865506731441,0.34350696662704716,0.3772427909412234,0.6508063565784017,0.6101430162194009,5
0.9876920215759326,-4.893843397830397,0.770945236689435,1.9119135776181666,1.7097672705843154,-0.20446523897592095,0.4672020818238804,-0.7163102049181956,1.6018657244032743,-0.41269190292162755,-0.20319311855461544,-0.8021079141890707,-1.5198066805584456,-0.02157889301864356,-0.3906843684797465,-0.11431901512076792,-0.7514197173434377,0.32561928872997153,0.2892758178194258,-0.4881536666991008,0.6663412112073261,0.43437114741234806,-0.5349970894344526,-0.5170879684607612,1.0967763296079167,0.001717730893335406,-0.4902264548767802,-0.693052169866499,0.6864564088128574,-0.04716667993679464,6
-2.3317945704601852,-1.4639389717691829,-1.4076463677540167,-1.8511337967268358,0.3976855766966075,-0.9053110437581069,-0.4706516040448915,-0.10694754550930699,1.3605440709947172,-0.0023111999054177775,1.6482738121312077,-1.1280991587432583,0.6414082884587075,-1.0097063603032752,-0.13502955544678347,-0.6437962531704723,-0.18304082876776906,-0.04651372126481232,-0.5649524915356242,-0.375805277244603,0.47218938829756196,-0.37194017531833173,1.2093120182859627,0.7149660942577822,0.39941309070059744,0.048937298594748595,-0.9489601368437384,0.37509591339260134,-0.017919860761797503,-0.501160439120782,3
-3.3310406975459244,1.9339025760958566,2.685019392275839,4.404238939726471,0.8554215388458047,2.0173561722765383,-1.1987071026248453,-1.5034542332753524,-0.8740323300111157,0.6276255487277413,-1.9164818936988712,0.12502419488163669,0.989922298690349,0.30950896257985033,1.5328692645662294,-1.1274470353521526,0.6081243015453383,-0.8394196792039881,1.1726099192725683,0.2933054918891293,0.2383604815541297,-0.7142269782448347,-1.6877111324290555,-0.6617374803216212,-0.04413985673321823,-1.066958508206873,-0.7654074723968414,0.23642779548482448,0.4709324625759654,-0.41749965066361316,5
1.1261881949282813,-4.46263483465737,-1.0545650247038614,1.806851115114944,0.9907347163747529,-1.245415921127435,0.3587614013280043,-1.9538956510575791,0.651733801932772,0.840600795437563,0.4505941787781039,0.2080655698267437,-1.9180492134425033,-0.7194054084103352,-0.20870498295552375,0.02501456171351207,-1.0560090942448894,1.3224412833327932,-0.06878518460744537,-0.42418638329185715,-0.2507527754960329,1.0225507687590256,0.2992680471134779,-0.3034446690447841,-0.8149064888085327,0.34992278780352004,-0.039111647130030174,-0.4615944805393045,-0.14763864998116044,-0.06667704614767572,6
-2.705952587412699,-2.4335782278341194,-2.3499417931925564,-1.4791224851227016,-2.947087033673743,1.300673201860665,2.9204143649725847,-1.0163394582070764,0.12272563514996623,0.24012947674729798,-0.7155860992414418,1.1182533422833123,-0.03781799103287359,-1.1452641300665989,-0.2908032508360411,1.212847520749031,0.7217198778235951,0.7834926248760492,-1.4857403137283147,0.5637965774269058,0.14595403622929415,-1.680827602607893,0.5653345935572274,-0.5826727934212139,0.38657123696327694,0.9842077943144528,-0.3729007102641478,-1.4942518853562803,-0.06359021390334987,0.9359815456766418,3
5.497490462066609,-2.650448311745852,1.0614132323846077,1.8927044580347037,-4.217636581114642,4.951105422283378,1.2221683471503755,2.0593632175005188,2.852199049776982,2.2606446152986672,0.41666861431548363,0.9477820826205547,0.4451789932095564,-0.6377784863067769,-0.029369704789289762,1.4826438147212864,1.1874372519968646,-0.2867573688357021,-1.3814957177567457,0.5551001934890009,0.0467912173021369,-0.6822813671906839,1.114873390969515,-0.4158885822122943,1.424606067297626,-0.445868578378245,1.636087740044454,0.32323163580499636,0.25729385493142815,0.523999341024471,4
-0.8216301460140132,-1.0977051678455025,-2.676765167138597,-2.554078312751146,-0.22198808862526948,-0.9445976595127487,1.5926401418564848,0.08262795451543661,-0.21991238230990084,-0.9917982999363054,-0.1140242249940453,0.7132472646385553,0.9912209540789865,0.554429264235429,0.07456157771955677,-1.316675401155968,-0.38153133228765673,-0.10729992918476747,1.1561947849606593,1.0222291974400297,-0.558810088337616,-0.6006979818784055,0.2812477903051481,-0.570174731715342,0.09169079324875493,0.28960090283043016,-0.5080306264854754,-0.6705884493718043,-0.07482607622561684,0.1017672606082399,9
-1.909847161504844,-3.4808635469050655,3.49287496404783,-4.732474653618886,3.438446836068,1.5249995479196312,0.7312387445462839,3.545122303678902,-0.5119077665001687,2.076351706060036,-2.202366089209168,-0.44590485796646645,-2.2974731599941776,0.7087987037493081,-0.7752738736748693,0.12207438946420897,-0.46071936675858044,-0.029760223989759912,-0.7538028530311387,2.6990176164432054,-0.17821520687453432,-0.34985026070423025,-0.2721905669573518,0.4397969533391716,0.42194704543297484,1.6103656499038226,-0.12789695616033914,2.1545239414953516,-0.5365945483262008,-1.2702707138151599,1
5.279175240209028,-2.4772155451422706,1.121752947751601,2.0574178390750744,-1.732565402288011,1.1633478960438495,0.37856192156005847,0.946671191093931,-0.725211264180438,-0.0636892087596702,-1.5328878919944542,-0.12094438505411682,0.3063620728495429,-0.995748764085286,-0.341595858746657,1.5237975391963379,0.8624027367208008,-0.21980933999574664,-0.7892372310715556,0.2679801500178008,0.6286472624409818,-1.5484643928705204,0.31347761279058045,-0.886637973787669,1.3449457649200383,0.011391956862653247,0.20015653933601063,0.6795190035317056,0.04126531723561752,-0.07514177019735903,4
4.7391837674498865,1.6559153545882113,-0.4401153139056111,1.2327854098117097,3.0740381995056474,0.18671870575429975,0.35822495602248544,0.5704975373981402,-2.9247316199332336,-0.09825557388374709,1.3796128670326566,1.262811881299672,-2.4103118435789628,1.3856725194042918,2.530883086694581,-1.3227842642824097,0.2640745328811372,-0.5118075825195342,2.3185663516194026,-0.8440323737462244,-1.7621669375007438,-1.1721546436290977,1.3771138698997023,0.221673166719079,-0.5232625644457642,0.46124677752432164,-0.7994710758834949,-0.915201128195418,0.24557525504934619,0.008949403507844978,4
1.7723055672173464,-3.8872790665289405,0.714375577194427,-0.0663564415122363,1.0523319603100694,0.11735715499479019,-1.7385365997327777,-1.34439413725002,1.3869259931672469,-0.5995823007845927,0.6549521259152961,-0.7775125995321525,0.6091750279608383,-0.359811048212605,0.8547077163860209,-0.9166654598469803,0.564031037917027,-0.24601097516017448,-1.0094654296959078,1.0372824511583285,-1.2553999836542682,0.1023972205169894,-0.4310710595604792,0.6164829798508331,0.0852730081466993,0.31214936991126174,0.09563745284294455,-0.002012317471930099,-0.38713022072510705,-0.8192454190398697,6
-2.1832606821947977,-0.06848986251844547,-3.457221674126914,-1.2522993117981829,-0.4327537970827533,0.10476885890547621,-0.5776416166344656,0.07695004918882588,-0.3506081143408504,-0.3996796223363327,0.37035004342909805,0.73173549057654,-1.1406208209382964,0.7408514236102788,-1.538344734924528,-0.02787026468160131,-0.584430243709302,0.13551417757209244,0.6377756577727189,-0.7048571539284062,0.7521962768751622,0.466421578962702,-1.2894868100981043,0.33333247448255976,-0.3832857406514169,-0.8542332817842173,0.3200112215639667,0.33414365058975026,0.5794206285807116,-0.2208222807699017,9
5.295617722809322,-0.5406837352370881,1.3109160553163903,1.5010295290180948,-1.04436640455872,-0.9115423225436446,-0.6407024868749353,0.9508417965203613,-1.6232059413617494,1.7314743971909756,0.0022492194747349716,0.37904677143522914,-0.3341809538114832,-1.1972384729900238,0.03663380089650146,0.6094368632857193,-0.280257534862604,0.8750348599867189,-0.5720427321608793,-0.9484213274936105,0.07711944141626134,-1.5512633642866263,-0.08743597776712711,-0.8904460611270159,-0.7350575159223731,-0.24341783153932958,0.35413415411599863,0.07299071509996058,-0.8223890801053689,-0.5536265885984911,4
-1.026444435437861,3.082182576546657,0.7230363627830639,0.3414086609367139,-2.634135927905271,-2.5017477793782663,1.9962171965412607,-1.4711568756721085,-1.4481506528184576,1.1175081817397274,0.8422103469533695,-0.40224445048913043,-0.7027501701528427,2.1930824508812576,-1.6586487058860624,0.0652217685184286,0.5520823392356775,-1.0731163055631794,-1.1504547583573963,1.2774425722710685,-1.0159450525240976,1.4283166260732645,-0.5770788510232258,0.9989654954522084,0.9450635620847896,-0.013768625010330727,-0.03480326482844323,-1.2703894645404616,-0.7826078197998393,-0.47091178556770374,7
2.0182215469209948,-4.410132803502757,1.8679593199988087,-0.4717300674298026,1.036847766392092,-0.40147047060365676,0.15002255451979582,-2.111721774298726,1.1301632433154052,0.0037190156510397087,0.31491232836668115,-1.4089496657544724,0.2884824742783176,-0.3707665343282373,-0.13885861805890598,-0.5515875108410887,-0.013901865616207399,-0.6063115795765174,0.19428259974480436,0.7403184922391246,-0.12071733456861303,0.3656173034994724,-0.20202315588317069,0.040827179942534327,0.24307521474693175,-0.5989791328149974,-0.682318472794005,0.042990586854824375,0.06340078283329492,0.3229274630707135,6
1.3307363246098693,-4.404794586901622,1.0273282704645113,-1.6957166590932304,1.4051459899501797,-1.2823463581432981,0.8957962970835687,-2.9309778817243477,0.7120153150884438,1.0822128261702069,0.4684392810849215,-0.5979923747528302,0.676523604327751,-0.08866296804000959,-0.4304426046619219,-0.31570072720137965,-0.024857565085582147,-0.7069444450993805,0.658928274852474,0.823430990595197,0.16464391716682966,-0.5995556197573751,0.14674622940813414,-0.18088327227357692,-0.27740895542461247,-0.25026272250824,-0.4176615748916184,0.147403541426171,0.07400709770219041,0.9049471068958839,6
-0.8528685335581067,-0.6612062969851844,-1.9691881634774615,-2.847519889129416,-0.4958972584177951,1.0255979132820572,-0.4052925561869935,0.9430173333677153,-1.1864485931480644,-1.146732430528155,-1.0488635797543133,2.115143055591718,-0.12851395356968956,-1.6708828033685053,-0.6089050058798862,-0.6977704663805048,-0.6664505156407063,0.2235039226048865,1.5958063304478154,-0.02499676888390255,0.5361492111944235,-0.08374579066630149,-0.1831424995511888,0.3726935962015157,-1.0270187208999444,-0.8577807923806452,0.1208308796298393,0.1750792710541644,-0.28997091481583115,-0.003313590701933158,9
-0.30820862543508,-0.6070611131668839,5.074879470992335,0.4655788182322528,-0.5625196172445899,0.4950706780586287,-0.18768249775777945,-0.42810044780754025,-0.19380085154815582,-2.3663492083594524,0.048863303067750344,0.9687867986725726,0.25003916328978565,0.4268007957565657,-1.1609330653449352,-0.1309382375574495,0.12940038257011835,-0.058387895880824735,0.354899358989657,-0.2436764642030852,-0.09634952274696938,0.1521382082599108,0.6800294723687278,-0.036499832036934396,0.03774323453488524,-0.4130234718695504,-0.10225169559030982,-0.6292823712843897,-0.035648266254190465,0.3856284807263388,1
-2.6020719965963646,-0.7023253255586851,-2.3813200272048114,-0.915369022039809,-3.057433355846021,2.2204536482637423,1.6980786810609154,-0.48470519457181505,0.8395861806902027,0.5857229875133108,-0.01260458171894455,0.7726662954083481,-1.7859121451164972,-0.5015316076376554,-0.5351288401227091,1.7604483428567044,0.7219930906356121,1.0704112450099226,-1.519339062566836,-0.23890822492204813,0.5878097517961032,-1.494794462369961,1.254603420695178,0.9745060376558516,0.5387127046336496,0.2718876059430595,0.8488422420250027,0.7577925138754779,0.6674882741873338,0.8058888126008805,3
1.4104011902188642,-3.280212376082698,2.1930051159920225,2.2893108118341248,0.1033483116509758,1.14949699977089,0.5077618631416052,-0.19655447495279313,1.0602896990956445,-1.9780906256147963,-1.3972658789721142,0.030414592458106057,-1.629869479685369,0.24406118326882992,-0.0011805092580765791,0.6355340020933524,0.04947086900393112,-0.09321063818185527,0.6764898165058411,-0.1136717712451217,0.6515951751012697,0.6589326400821752,-0.5748745744174925,-0.38323562978554265,1.3310374071547604,0.07999527153678615,0.300119364224213,-0.09052286219835888,0.6097359932615583,0.19938655820998713,6
1.291823922934909,2.0265432166035025,1.288476797523101,-3.094131397345361,-0.1831974128367771,1.7491134650036564,-3.3797237316719038,0.6188878848674491,1.1177155390689724,-0.952364117465175,-0.30767411994113203,-0.08019869289619508,1.8234215411897374,-0.1962476616626569,0.3554564076111727,-0.9773274520089534,-0.12077216098411117,0.15630299701612319,-0.36072239613372414,-0.241422400658438,0.318199422999755,-0.2798147690002934,-0.3875918673325318,-0.5388948984382269,-0.08743425596953874,0.9543990424994933,0.5525826008356216,-1.0516066506426722,0.545424217599346,-1.0685292979795642,1
-4.0504015175815695,-0.045265404872376055,-0.379041987822365,-0.880301044627615,-1.2825886791847692,2.484901845840076,0.012906823904867217,-1.4318022518060705,-1.1123693023343275,0.7411789924275555,-0.7270207206753748,0.7733520516404471,-1.5126047384505257,-1.8148433867482523,0.5564836192589262,0.01112392221364379,0.12555136973590453,0.10401438486519683,0.6040522169561962,-0.2684531845164288,0.19682696637714117,0.6180927480950962,-0.1987720255594426,1.3940566477056286,-1.276982624113771,0.325245016094232,0.20026843835245708,0.42693497790273865,0.22602530508266527,-0.4431349676324755,3
0.8169037435314637,-1.654299558774576,-3.5079909685748416,2.4849322272800127,-1.3764692975600608,0.8379167119006236,1.2276436689789048,2.4435774172047515,-1.1998454267020748,-1.3117031820118892,-1.3416984089296835,0.5494854574107143,-0.32525597627512787,-0.23658779181361994,-0.6794534217969506,0.2934953629125808,-0.2395930899167084,0.7027929870977438,-0.23379133632035035,0.11413713091508176,-0.0596024192518498,0.6399679581376468,0.538433358782337,0.4237568371556844,-0.9406919988969673,-0.7091162482869267,0.7480783331625891,-0.21492317573174213,0.6789881044554917,0.26368357759213307,0
0.9419997336430007,-4.344737669265876,-0.4123874202737307,0.936933901887432,1.2818537828422218,-1.5902255192092862,0.3387231436354335,-1.6180683465554506,1.2585580635911178,1.1329256974689865,1.3354657217164598,-1.2429005416903827,-1.329097269939942,-0.9875510437469232,0.1871949305380049,0.0884131282791619,-0.3286425877848847,0.1767520111928864,-0.3857955520796492,-0.6778243090257176,-0.07932710316503191,-0.1550518400559216,0.11173906860665422,0.189428880865086,-0.5570370898151297,-0.18450666295485063,-0.042354391666912836,-0.35595345723826655,-0.35760855749693266,-0.08750504293693744,6
-1.3302273895935466,0.3203924674828402,-1.277224470686968,2.4516455379358018,1.9472210716231626,0.3635851384480126,-2.8944668814816894,-0.7564238760127213,1.9021920901653981,-0.06226387717216231,-0.14072886497284717,0.605885110133372,-1.4513733363777768,0.01620101499167969,0.8072822505975112,0.3087649222714972,0.7916987195238215,-0.19311522886558594,-0.932219235204086,0.03623726833016239,-0.40248749986878424,0.47301946369665493,0.4812376697526312,0.5239390056617452,0.299837606295822,-0.14599660879394666,0.7883209102641263,-0.27122531010901624,0.12980755460610982,-0.7718101943202684,5
0.8262583036994675,3.006629444524532,0.0653866879169504,-0.13488586630897806,1.6514265566428914,1.1049325477605128,-1.510152492530846,-0.2521487582040827,2.163318791330382,-0.900119471092991,-1.6204912250458867,0.4328561595976983,1.2429059949225716,0.04592713230707886,-1.6651502272979406,-0.09881463929918602,-0.029478645943087137,0.2966471956660707,-0.3158055315030198,0.8164089161229576,0.8170489475276688,0.9794823093107545,1.398277191428741,0.16041643649792472,-0.7908376667019549,0.8514868843441873,-0.2832916209880157,-0.006642499780422261,-1.1763832089489512,0.7522067198855668,5
0.2926901801869316,0.21076754316302043,3.874215761918243,-1.6092111350451517,-1.143903253409977,0.5712922029559677,-0.5516792317775807,0.008209797257374588,-0.3800914772595938,-1.682202814300609,-0.30652129812875945,0.6616052038294118,0.5127299793623921,-0.15471446434187391,-0.42588043214738563,-0.93834777522962,-0.6534300868873916,0.3866717159028156,0.5753065726598827,0.2993736869026393,-0.21108018516160568,0.557449921838403,0.0239867753147498,-0.09029996453340486,0.6047367850700929,-0.20276153691215898,0.11662106410738197,-0.7608192152083377,-0.0694313610336518,-0.189828949652907,1
-1.5546367048946528,-2.415259102152316,-1.2269375107475038,-3.0152975081709634,1.1683203865912684,-0.4669895236163872,-0.2759471861455149,0.17247697737312784,-0.8401744717376541,2.3158352094671155,2.199666802846075,-2.120343825087484,1.435690965778122,0.13837847429606917,-2.200701110527079,-0.7650038350114097,-0.5125448142377123,-0.3635084679106236,-0.9264587504804184,0.3987047097339185,-0.4904266006912416,-0.575756331283968,1.2381396500617263,0.45868408275982775,-0.07003006805924766,-0.9830786137328246,-0.2507507904424103,-0.3119791641936758,-0.641044185562843,1.288595845042362,9
-1.6259801745759799,1.150368555548798,1.1167050922269606,3.11425192853231,1.1784492064577965,1.142900377403527,-2.451870438170306,-0.06516214382717968,1.0089954929479352,-0.9169359758413831,-1.0181489441616998,1.0655610687547383,-0.6598726464467025,0.6386347971597777,1.1847423738176617,-0.16315596683017292,1.2575945481491415,-0.46193984103464814,-0.6662221390662365,0.16318884562658928,-0.4410974535149186,0.26437569256636656,0.024488501459628022,0.29989668077689513,-0.7558978561171121,-0.2794026482585393,0.38086345421955536,-1.5041170492561111,1.181367000195793,0.27163694208047484,5
1.438071289902256,-3.035932833965379,-0.06858776727141133,0.5142442465165523,0.9092787129052583,-1.2962627788890784,-0.5315418107036793,-1.9312983885182458,1.449219785982861,0.1626764298907027,0.8042764763873099,-0.8924447287485949,-0.13966391202976924,-0.6220791019596711,0.3459787453623703,-0.43829242294555126,0.7962279654517973,-0.6712830025693841,-0.7024452032802506,0.6829873600562307,-0.4987702003063517,-0.08493942125425354,0.08505649606075634,1.5554776767207732,-1.4396190323018352,-0.6986218382556146,0.15796035027989758,0.2134704074469444,-0.3664784785955975,-0.19315572483620808,6
1.2202250827349346,-2.0450038983244525,-3.5363671206153677,2.2318841482420804,-0.07960865879875319,-0.7595449929329838,0.9969725207271324,1.1059884010125387,0.479065386920828,-1.5753390356788117,-0.3754275397165155,-1.1438122955119703,0.13856475459549653,0.5744799433844763,0.04432743436448925,0.4684036369668579,0.8337945696230411,-0.781735924289661,-0.41962424348088523,-0.047482368819835356,0.07718705030530938,0.4341106275063104,0.11886831271720734,-0.10746531849426,-0.9490523972694993,0.21919896187479296,-0.5994660624569894,0.6232614425057396,-0.33694694771404265,-0.6323362606758228,0
-2.033241634236934,-2.4259565628154665,-0.8557159716552653,-3.381761316747931,0.9027136514259914,0.9823146197466658,0.2568986272812069,0.6489423522195634,-1.314534852960418,0.06896262927502922,-1.2556545966720463,1.8204086581371508,1.3153792148095436,-1.0429279193615193,-1.4053957437842146,-0.6697510688619892,-0.4061804585564566,-0.10893107402492953,0.3457351409220259,0.9471569183674371,0.10901502829557,-0.05058231152150732,0.659647529872708,0.03796271195896293,-0.15070710175920166,-0.2910636496898336,-0.8986209911153547,-0.6605585478305753,-0.9932979944189438,1.1152515955777975,9
1.7805761696720552,-1.0474782703805983,-0.9854268509031716,3.0522940451547944,-1.014076338887072,-0.2727500719451617,1.01099279278997,2.641400231682007,-0.3405771219379491,-2.0367115086011447,-1.4624324841362946,-0.16264483063395352,0.69202557155523,-0.3723462928433422,-0.43270255233992816,-0.21414186405346927,-0.3587325811536774,0.3006878811985676,-0.17206167914731416,0.08040390487558047,0.7804335372840282,0.7505073100384911,0.2700188154358236,0.33921319488907403,0.23984215120080352,-0.4081711902633261,-0.30451757665739304,-1.0522918794521763,0.9912472621510167,0.41008719489781315,0
0.6151204204720853,-2.000336439175072,-4.084358026262358,1.263929240741366,0.4333812429391259,-1.3818845015990424,1.0796915205964053,0.3655416574947147,0.4219519748500622,-0.8205771006728073,0.5399473570642819,-1.4244138132847528,-0.39483122574449225,1.297789249528855,-0.38295675011419067,0.4916124128829307,0.8444276689998937,-1.3654556477267268,0.09561684870932023,-0.6906494637633542,0.5216869575608676,-0.2075633635136088,-0.4610214143971869,0.04480923261987263,-0.8549367155482716,0.18687231048920008,-0.30689018925866485,-0.12109686060708533,0.46789109380915417,-0.836608573637502,0
2.2169433818344837,0.9185514317340994,2.201276406652294,-2.815659144654356,-0.9645317140240129,2.0987108729522728,-3.1844659061656513,0.2798443574731017,-0.605659478548151,0.49350997107097816,0.4090854421379629,-1.1475567680083152,0.7999534723483355,-0.25681497551825433,-1.0876026604376827,-0.2228993706153017,0.26296984337387963,-0.7758358032711017,-0.6455088395597695,-1.1535875064913754,1.2217176463137083,-0.11357235835812172,0.11935877569921317,1.313897620650879,-0.8472478539006136,-0.42851729199004496,-0.3560296100908702,-1.075150521396369,-0.034646742269901935,-0.25411527166627673,1
1.0657505523462159,1.407987131571219,-2.1514733166762614,3.625461194945879,-0.38124898589670936,0.4015420516149392,1.6559292920832187,1.7868102690866268,0.22841822234600243,1.1521979545887564,-1.268522661368633,-1.1241957145848387,-1.492355418564908,0.6629870136764178,-0.18945256862767368,0.46817317678282483,0.4705407337454915,-0.04215678426829626,-0.7498090072132456,0.11793788897637215,0.435981623717123,-0.5307438934481769,1.4967597526427265,1.1144296466992587,1.614286971065257,0.03899786981125583,-0.5855959453340565,-0.20038350208844685,0.19611382323641016,0.14019071412618053,0
5.998396109556559,-0.383291530568386,0.7990014492429194,0.20202669672254833,-2.050675969278759,0.09024165342777854,-0.8932895606568162,0.9109972811503662,-1.9353983362727607,1.062950577272239,-0.3147228149197661,-0.06028044987162873,0.17749226017556952,-0.5849951028935878,0.4347112470602663,0.2892291589125775,-0.2647568062453933,0.712185915012125,-0.552868753311968,-0.5147044501028714,-0.5146518760716163,-0.8024412033635927,-0.9650167282831299,-1.059210084723178,-0.8863701230259585,-0.5424043933452394,0.7625882201099704,-0.32987271522499717,-0.34724468083280885,-0.5712558255437004,4
1.1104034640340708,1.8120387758912815,-0.8370426612450581,0.145771320408293,1.3264050526059095,1.0159371882852677,-3.6888051053225315,-0.22629247394344654,0.6860502853509699,0.10619654919408975,-1.0922493819673287,1.6694109423662236,0.4771926361550245,-0.004133379904542155,-0.5605992882340102,-0.8584300759622998,-0.05090175749956764,0.479701725773331,-0.1113927871775213,0.9690453274545655,0.07849207191720171,0.3473848919397934,0.5937998392772961,0.7510112294710848,0.406918557167032,0.09804530101979045,0.5449536507139968,0.14290144315598557,-0.6476250790189694,0.04678978010513471,5
-2.961800982138306,-1.836351652341502,2.0480628443356905,0.3861775005785495,1.4702217504412218,0.4247756786347431,-0.8836520487770416,1.1194316484676814,-0.8434512045621316,-0.06512653122286334,1.455224775172463,-1.0011950487223211,0.44601753085924417,-1.4375221619249998,-1.040770978749142,-0.4507342012238049,-1.400252236760958,-0.08171359794389911,0.3631099720209895,-1.5226610600505657,0.1816628534598832,1.7158302320471865,1.9209680737677883,-0.18040268041902202,1.1003766348596933,0.7131501002711566,-0.0988984573161806,-0.666735983626587,-0.1333950901300536,0.49248594450741545,2
5.267970526629643,-1.258445296258625,2.25769130493628,0.2170153395015263,-1.4936497169312684,1.6586794044907092,-2.1662063629176527,-0.471743068226845,-0.4756628850670279,1.0607205108565079,-0.1988828915423721,-0.4170750574132752,-0.7741303031122972,-0.8833394077677653,0.6232479441606078,0.5838227352900023,0.22230542838018494,0.6953288001174899,-1.202525061150653,-0.6278621707977392,-0.6882141836372903,-0.2717357728133736,-0.580800592528629,-0.19057789852543838,-0.6748056398516928,-0.8207082391180145,0.6734054975429832,0.17024029444832514,-0.8751516222274062,-0.08381552401579753,4
-2.998474056541225,0.19211539620370643,-2.92413936125614,2.072163581563352,0.7426876289966656,1.856620405109356,-1.1928002456791773,-2.3319931838335464,0.06962012860590416,2.081428219764852,-0.9742460285845637,0.0820944250988218,0.7659996335738727,-0.29971642133582743,0.39124238704309183,-0.4981484132640284,0.23961901466796895,0.07165943911152062,0.02416057174238007,0.5133785762514964,0.246349646458327,-0.373401298121757,-0.1916112541854544,-0.15958929616762063,-0.7201374942704808,0.12719548317304252,0.17960648711254376,0.11921609333586865,-0.08842485860158318,-0.32493213318183606,5
0.26519318712756473,2.4891145902539806,0.7651479757978524,2.0109757682417673,-0.36149613876154424,-3.120456715126134,-0.8615627226252274,-0.15379002389079724,1.205514947974902,1.214311422738912,0.9127798402772993,0.05173675315859748,0.6859070057201967,-0.8974965136457134,-0.2881711999279498,0.03245698875334056,-0.10987725473853527,1.1421723724165733,-2.213830786818134,-0.039408879127358507,0.22990730871164614,0.03872898307051049,0.8906082229832851,-0.150378226758303,-0.1653858186152128,0.7404118228602719,-0.7626631252281745,0.5183078470049546,1.1664789119878634,-1.338673758468151,7
1.1625387464372698,-1.7352568066907885,-2.199150388854029,0.5888724911641319,-0.5633284391568724,0.8730501990172308,-0.1267622801998955,0.5429504391394125,-0.8725020306512512,-1.9005644829591442,-1.1571329838590558,0.5256147262274936,-0.3355057363718873,0.8001970954414922,-2.030537354214783,0.001063301141211128,-0.682426120451199,0.23878000119823065,0.707104209975324,0.029938099310032384,0.821293421896522,1.7656754308053468,-0.6054196536523498,0.42536788986893637,-0.47008291439111427,-0.5615855544946309,-0.6589293919355834,0.5051040173735775,0.26015265670291243,0.07023198192452479,0
-1.6087895076657792,2.1949717048111324,0.9799551963275157,2.1411910270351524,-1.547185454659724,-3.425409578440974,0.7924194244892985,0.4040768727720218,-1.9880882058893623,0.8890868496512381,2.014726938948252,0.2760452990205203,1.2121087404448971,-0.735450410736378,-0.09721083992079634,0.24253401213096365,-0.5537602601548065,0.532656835657037,-0.8861550619777125,0.263090702567545,-1.4572282177226532,0.6300290374664466,0.6772174933466949,-0.6604927469819183,0.7061842697642732,-0.1826178474332397,0.10421715156552776,1.3661777253319176,0.5178591637788204,0.5929314562678072,7
1.462865485237882,-0.2777645910537439,-2.025256343103512,-0.8754863721313589,0.4689556656916289,0.24892874511820806,-2.5716887815639917,-1.7255623231343007,0.34664647446435254,1.024425657087972,-0.1271600459861862,1.293978298025741,-0.6705772057529686,-0.02290807672103433,-0.21125295530226296,-0.2272752976111609,0.6162644731244502,-0.3086746926268563,0.07939318063347492,0.5871897909965592,0.10702139657749554,-0.4604318860722293,-0.36584196824273013,1.236149759332669,-0.5351845154992847,-0.15089886199109048,0.8645333910269025,0.6329464815265923,-0.38125192110375705,-0.3292458354497633,5
-0.35172538018829447,-0.41603306184363886,-3.300005391923763,-0.6665980504955904,-0.09804821613152406,-1.481920280031317,-0.04604598710112991,-0.38707725756181754,-0.8428591627026734,-0.29358195992288805,-0.03711155629400936,1.8747971509887311,-0.2258233684929439,-0.4903264768097306,0.6978273615222964,-0.9118172372120852,-0.4067701649656927,0.31983086756736623,1.0519080110354677,0.5105121763207855,-0.8805214631371323,0.49133578429066666,-0.5507729549358289,-0.22291774210427087,-1.596024411415108,-0.8557188668086778,0.3504497619971885,-0.3492730848656941,1.5991768336029213,0.2437603675111038,9
-2.0626765338826436,-2.1312635016745847,-2.359338273907496,-1.341988588434877,0.7434439401769728,-0.3419734502387359,0.3094793966110517,-1.8205346477209345,-0.15089264884798764,1.0868632364960145,0.25608141630573106,1.3800504638623323,-0.4737729803228154,0.24017217992671053,-1.450394507446814,0.2107782262691051,0.6163554038426406,-0.8090049142670503,0.2468507829623602,0.5072184851774282,0.21734207453845358,-1.5373922100237873,0.15166021759776668,-0.6648074097531727,0.8555952050357941,-0.3057137936733144,-0.058615749246668125,-1.132841639300349,-0.9382835716763201,0.5061944615723706,5
-0.09005315397564305,-1.7260455159380446,-1.7887214669511637,1.5245511781928198,1.6434950264250274,-0.13787208728997807,-3.1495116701252055,-0.905421896092224,0.7211065443640683,0.2410977806532202,0.3997621737030613,1.3232622814749053,-0.8541662012344025,-0.775039331536089,0.873882486942885,-0.40605332899335594,0.9076214936566664,-0.26419658991108397,-1.0435942851891646,0.19486745326871932,-0.709995098507267,-0.008328279669585012,-0.20770413191441792,1.1675485493867879,-0.9807585407277487,1.109721002196735,0.6290536410172668,-0.6875495906063238,0.11161694615357787,-1.0405352678383313,5
2.190499283251296,0.31647159497924887,1.119099757409139,2.8927985701908865,0.025272199009972695,-3.3944033276150707,0.5668761362291557,0.5472085277522211,-1.6336843526778297,0.868333220571154,1.0371500737889643,1.2706213744408201,-0.38788815627670176,0.6104582155905343,-2.0403268734849296,-1.0389974449054005,-1.6273158177310871,1.4027292699103713,-0.0234818693237519,-0.3966039116138325,-0.09646517403087887,0.2989711417676142,-0.4755271818215802,0.38656716480873277,-0.8359843233670217,1.463670877063197,-0.31581530966081484,0.01759280752928348,-0.3012726225855751,-1.0914119714399675,4
-0.4873221324892847,3.4665676888802146,0.895367680857362,0.19483897722956756,-0.34151152083356645,-3.4431401553315015,1.0219144960269537,-0.5478177997132427,0.6645634346864179,0.9229458396382064,-0.17611714383050928,0.35693445180275357,1.042886956423407,-0.6755322696809648,-1.141870231271681,-0.8140298018803107,-0.5562748525340779,0.4763877120676576,-0.28209626065621823,1.1422117666395488,0.3833042884318188,0.6822266337491363,1.647014493462486,0.05061862304599629,-1.0275439372010027,-0.5444797205278336,-0.3125894293212255,0.3738170675567031,0.7387391832139264,-0.9295281767700707,7
1.8573106768033179,-1.8754756741744896,-2.9420301819508254,1.7494364950024768,0.2487350374512496,-0.3722678237130758,1.0765215512441275,0.909989651715918,0.661305246260433,-1.0633128577460882,-1.4698320661320945,-0.9397821820993051,-1.2233000513831467,1.1515707946713305,-0.747225874093435,0.135824441137896,-0.777619625441972,0.11182633500212481,0.8092450987321614,-0.3714445248232767,1.5738977343244476,1.3476421141900945,-0.6162325881167675,-0.23652390125162548,0.327392154331837,0.3329855354785895,-1.1114839715811358,-0.014259406374461133,-0.2854657829733844,-0.5621716939736615,0
3.751844283645843,0.15651814386092303,0.47837456054906025,-2.268110028219419,-4.197156031661849,1.6323627926325417,0.7337640796139702,-1.559235004685417,-1.2288909784861077,2.7999272139213645,0.07425268694485836,-1.8893534524046864,-1.2807231366261118,0.1789918503254296,-0.9077348640763905,1.4851159632950028,0.0913050620745762,0.5041845626525813,-1.5699968550088645,0.2063818246184997,-0.2926244427929143,1.2128300482767929,0.912930503790677,-0.09315328309397541,1.3564819829555326,-0.19939992155048986,1.1728381973284745,0.7238689975578863,2.650247723912966,-0.36489743306248223,4
-1.4443754379385902,0.7351457052109397,2.085406892710755,4.156533631099799,1.0114649198308667,-0.28999418781690994,-0.6504625042854314,0.10423572677823016,0.2967176612419649,-1.3035863005920147,-0.8047844657722087,0.060585467464015934,0.014350750448261626,0.9582524926656486,-0.10799482761370278,0.15587471105374032,0.893266488628833,-1.2509773706344167,0.25609870069852625,0.07704379775115108,0.3060865146192927,0.6284290413105662,-0.0723355991661201,-0.36890302007838105,0.026981713426250935,-1.115324968310361,0.003075888321699494,-0.8400737562512162,0.9308389763674898,1.1511871492737844,5
-0.7776077061468414,-0.5838743950115289,-3.9339724271047927,0.6509984518470757,-0.39008575356489444,1.3506994370233687,-0.028076574985792344,-1.0666998310589808,0.8135771929464884,0.8573888609867402,-0.42843711449895333,1.5644763659212162,-1.037496814922991,1.874444539609513,-1.802097271330295,0.5453940560964068,0.7756162583960438,0.21546352167356492,-0.5106796867164292,0.4722294652374967,0.5441005436635714,-1.9650729665998583,0.8806068891227536,0.6758271129526732,1.097344665194688,-0.29118597587690387,1.5872233056338514,-0.6420401435591649,0.7537700843428502,-0.28326154057096525,5
-4.613259116640471,0.04845856075836028,-3.6197972826662386,0.8737655267865507,-1.8592666469297612,2.41765516199231,2.2322167893688887,-0.9895646427639735,-2.1912927773058026,1.178906459341246,-0.765310887804024,-0.6817238843162741,0.4813396721748213,0.7946265864151986,-0.2740519720448029,0.05808023475443482,-0.06659735883497377,-0.3854835895982758,0.9700429799629047,-0.6762681989768301,0.7855335982860413,-0.9166806452252328,-1.5237916079955651,-0.7950075561566783,-0.8345805701043614,-0.4245648745004825,-0.1875690801146425,-0.31597500301501863,1.0164119627351986,-0.2939365546514833,9
-1.3260271111354522,-0.3474114723547552,-3.33529343854224,-0.8548159782544887,-0.8565257483879012,-0.7785047426390173,-0.5626678650611777,0.30819006325439224,-0.20207818147979725,-1.3220359794117993,0.7481549229469154,0.7742754180615337,1.1328247088181942,0.327124306270123,-0.14174147224462189,-0.8759642826751954,-0.09130686910466423,0.2418622641964132,-0.3492099474407125,0.47152908003596666,-0.7977767810695262,0.16866016808268103,-0.40903486196827177,0.11597824716217518,-0.10144644709299708,0.11766955882328524,0.3232036698034441,-0.4023614321030266,0.1677210355583109,-0.15460167687486812,9
1.4926424936571725,-1.5539619039922417,-2.042758658256685,0.2427676675251898,-0.7610444161343475,0.4150006563131447,-0.7997559763292454,1.933897966009935,-0.4441799346390166,-2.0203324572462806,-0.6273566681267069,-0.03359461193936064,0.30984904334731794,-0.9770614766162139,-0.9139272226858732,-0.487984080394465,-0.7608847306649867,0.4136722061366718,0.1724753559171872,-0.26770977913963995,0.7958767813436389,1.0678319095150675,-0.7525708822321534,1.7396472987945788,-0.9560804041036283,-0.47717498380572976,0.044260324700336084,0.45899659610414467,-0.9407880623259434,-0.07830437822409704,0
-5.737870190515585,-1.1453191450640623,2.683473401943829,2.2180508296123285,0.9260688464563154,1.613103205044971,1.2026352056948335,-0.39723237434202535,-1.9275366499062654,1.2559682409586461,0.18683876454352422,-1.6165713358979528,0.4488513563962001,-1.2404401563389957,-0.052358050064199205,-0.651401616133293,-1.5884933978041884,0.016130292749121183,1.4823432805471428,-0.9652427522688481,0.24914584235784623,1.2435549061386941,0.8220306199048492,-0.8767287275695386,0.8186787522067911,0.728543479240075,-0.15263073327338575,0.3042603544706408,-0.7441046570423819,-0.1463610192293427,2
-1.8602949653008878,3.8605635528195594,-1.7004999949126351,-0.8003129306767272,0.00496944071381857,0.6893229799003762,0.6996656833712872,0.6917585615386841,1.2820579975377586,0.5022280227538669,-1.3948673958173108,-0.9189021825978764,-1.9436484578697744,-0.3465260353277154,1.817551474441588,0.4094421140009616,0.03878968016371382,-0.21057684829917356,0.6649984472529036,-0.4120010160567815,0.36867193064314624,0.6737217651671193,0.32358620425499485,-0.18675945485615414,0.7446733216951636,0.7812955759415495,0.060288400623530664,-0.28262226524734885,-1.7629073078491126,0.0011495927976270237,3
-1.4489210077743775,-0.8867608167617351,-0.8824081372920551,-0.8199604161737674,0.3144350661440421,-0.7832577598273763,-1.7384673035204394,-0.7651001984253699,1.5967935455299744,-0.48233246657685286,2.030290030584632,-0.605759117801463,-0.3452849079367833,1.48983107314017,1.2599075279360212,-0.8041598820055927,-0.4851126210035252,0.9029324422364621,-0.759478880003575,-0.5219839655174563,-1.0069860218076259,0.0081824618167725,-1.7484302372682914,-0.35831894214346344,0.745158156281849,0.07149821939599425,-0.09013018713282893,-0.13431204349910725,0.7463928444706083,0.0008365376557206495,8
1.7890457057589766,-1.4189572186428916,-4.0867592036522264,2.426580596438936,-1.3859111903306958,-0.11593717308552523,1.8033516797982374,1.967820112281939,-0.23503415578612347,-0.9567223463249096,-0.6223307427503265,-0.6708438214988997,-0.34651879177818073,0.5904152852344379,0.181831097381124,0.47857119602360393,0.5120284870473066,-0.061960335057694334,-0.6406234491702815,-0.02909980398675387,-0.057722001588760674,0.15120453581616222,0.26407995448135185,0.8085408150914999,-0.3698635756782328,0.7792083477545605,0.39481944488318954,-0.4872912764736922,0.48168509046903407,0.404342910005063,0
1.2828913649905764,-4.551010177195481,1.4180303007432802,-1.7831339000077036,1.943873920887334,-1.9206041977305215,1.1685571143528115,-2.835738802329241,0.4259652490317304,1.5842334991433769,0.12375625546178814,0.3056164805709538,2.428840989487001,1.3939907941353158,0.07795303092226112,0.38199786011222864,0.6383403163250049,-0.44746961953511016,0.01340193013311348,0.16486926629880558,0.2469324803771135,-0.5488102790978784,0.00010181466146631343,0.08116351034619615,0.27128543062454796,-0.6726591606252661,-0.4702517889723716,0.12319485127071576,-0.2896770408683198,0.7229256848443917,6
4.608749306937763,-0.05481140805686632,1.6861440165570927,1.3752684978411938,0.45615807460978053,-0.755492497574193,-0.7521683755944091,0.41477143074336137,-2.1080639771410845,0.15494445298345783,-0.30251304851940747,1.7323654933263535,-0.5238207562845874,0.21431508728680373,0.48771416592043915,-0.5274148207446788,0.031113383839625305,-0.2740518217182661,1.493595952861459,0.30607579329637646,-1.2465603992598893,-1.155062557261547,-0.3404660355335412,-0.2939207105047767,0.06105703539275558,0.20537811264934852,1.3399113104091778,-0.0833156440587195,-0.12387152479004741,-0.17150622564923904,4
4.836678215094751,-0.34813867408378885,1.682465271732933,1.122850072227751,-0.03210757766247495,-0.4387635765372176,-0.6884622324475793,-0.06281817254756127,-1.581059798893591,1.382297950240047,-0.2639835218974432,-0.5001925563569182,-1.018992866036494,-0.021220230631930723,-0.026123517847983956,0.34931288162254787,0.3062687248997886,-1.0208248163897342,0.7873663797434969,-0.2028584031005472,-0.029370808357409958,-0.3022228937002666,-0.24509904549811887,0.44333158266883793,-0.24968308045935325,-1.121761740366559,1.0392615349175724,-0.3703731097449835,-0.17317804043268326,0.5025452171842179,4
-0.998986299488143,0.46018266161940546,-2.8167999677454585,-2.370195955132419,-0.8046805748097924,0.5165074649620298,-0.8100193229698064,1.7303107915504705,-1.0548821045891783,-1.394214388692216,-0.3828422648732092,1.120521409935207,1.583448179931832,-1.6962674541538507,0.7664339095806256,-0.6564297478323224,-0.2940610798674624,-0.03002462321762293,0.8979929575419707,0.05591144614003806,-0.0956094885829457,-0.3850035111833741,0.10321813310840851,-0.5275169448374628,-0.2470102804189451,-0.9201812436287389,-0.39831704355283754,0.8083141081620463,0.31813398300105256,-0.22823907327200196,9
1.0370636818745191,1.2435969931719304,2.522225968818777,-0.8560250286082695,0.2633484225879999,1.3302455570579617,-4.2516219771263115,1.5021272596046198,-0.33254103592598006,-0.5007417288740644,1.26538304911803,-0.7453116347347634,1.8854715167078284,-0.11287206879418646,-0.8783052330048599,-0.39224159654153534,0.589976973113695,-0.9652922511407869,-0.7682660519184439,-1.968873715701206,1.2017850086557234,-0.9681113036092339,0.8209891505486008,0.8349567958130419,-0.6696336593582393,0.5657980438387658,0.09176014389789268,-0.6414959506945013,0.31909959646820757,-0.8350056190390485,1
-3.6789065551959648,-0.8281664689085411,1.3832658142631837,-0.998422095459576,2.0083928411916805,-1.0276579352789013,0.269453074911597,2.8858369147681073,-0.13519369319222535,0.8369954336810096,1.3169292068556013,-1.6974805684325538,-0.4629833025491824,-0.25971305379595083,-0.4809939361304056,-0.11320086195430205,0.13105520939210777,-0.8211903393473281,-0.7508232084984746,-0.06726178423698252,-0.43584424852612114,-1.311859956641903,-0.047037981687045254,-0.552398810512664,-0.3635108858122483,-1.4919122673926566,0.4395654302068254,0.3223888671746602,-0.3196045481104186,-0.8916719646501053,2
0.3846474752433577,-0.8376911482734106,2.109562685236118,-3.830844991481765,-1.071917881791479,0.628270777562057,-0.23340101130328406,-1.1289059930392469,1.7887068026865522,0.12897729205910016,0.9767474411901006,-2.2578054453439527,0.6306511943993911,1.495368499873974,-0.2289665690195287,-0.8456389723660185,-0.06950731889621505,0.42823694023346875,-1.1930857352089923,0.46890166634520586,-0.0798785080081762,-0.5989968856979097,-0.13504781200911917,0.3339377839783613,0.4589772579425475,-0.4333987203202144,-0.7140702058128746,0.27407719624712296,-0.01710012977217069,-1.1708033210113031,8
-2.3038886419305498,1.503238690895679,-1.4245181920946761,-1.9782253770006692,-1.1269041703580551,-0.3156832129660699,-0.49951519621759516,0.3949271962878725,0.5916848746996438,-0.4255492114754198,-0.5373745955241914,1.2837878232907796,-0.6867195406532884,-1.9903466464232504,1.0298267221767132,0.009893749651604824,0.3369866333112996,-0.05937108366318035,-0.180156118948709,0.5063295640655403,0.42783050779306514,0.055375933074903724,0.07752636064516222,0.7076466729784643,0.5600747743502975,0.5574310589966538,-0.4493901861757845,0.5239079386854649,-0.5198077243545206,-0.48966505758586787,3
-1.7228906263768,-1.106206873169623,-3.3216627202299422,-0.6574091264968296,1.4080232500295768,0.6777654656246825,-1.0724433942742284,-1.2719359458029216,0.6806515355832709,0.9516408312274653,-0.17924898857527666,0.7657968168246543,0.00636711988138178,0.21911873105541294,-2.0382188821559977,0.42085344016848036,0.24124513068671966,-0.13506366796995256,-0.5211578703535399,0.08709075876440497,0.5289362706909255,-0.9661723781547223,0.479607962881483,-0.8459991092749855,0.03370780252518378,-0.6834593361748101,-0.09055783518444491,-0.8659252906201214,-0.6953864002302783,-0.3940062619954035,5
-2.1398774604766846,-2.1161630132891567,1.851774520880084,-1.5122736014253078,2.3760580185053795,-0.2312503380851008,0.6684596365828599,2.3532582911122812,-0.27180599592527865,0.4723648324086235,-1.3281940997551354,0.6716115092723972,-0.33655493866332287,-1.4446119990992006,-0.5071725273468112,-0.6891187078441641,-1.200233096164833,0.16785241305094314,0.35646696895329827,-0.08755067587222684,0.8565283434297802,0.9437736965313537,0.9584127525276133,0.7545694667375025,0.618941511994028,-0.07372648636152368,-1.1707002630309236,-0.850760212385108,0.026720159949971803,0.789773316285711,2
-2.54203654818729,0.30486361147068824,-3.202099261194536,-0.5686002477069455,-0.27984247261303224,0.31528841013402437,-1.813507660611423,-0.10424678559323873,-0.2875553533131719,0.3529353254512754,1.821623379936645,-0.27510342322576503,-0.4348663150808841,0.7585379788709387,-0.8702788029015536,0.3846242181387943,-0.0931960614635132,-0.13670200568373492,-0.34882055292840847,-0.9199098224237214,0.11095003443557203,-0.03055850644673632,-0.5847809068970061,0.6170304403311754,0.6134974119886709,-0.06911586086599843,0.7410342445170592,1.1169298065350026,-0.504054076406234,0.2278781978145083,9
3.8094806722638808,-0.17366090393002068,-0.8100307309403466,-0.3788962902955698,-1.1920445113288247,0.07657117434555538,-0.3811950785355736,1.9209828617064266,-0.6666804363816955,-1.493291118315284,-1.506624642235467,-0.7172408022258392,1.4030755970753113,-0.6034016142042496,0.7182256873599978,-0.540055387430303,0.16665188997027622,-1.0892916099716448,0.725685720774563,0.6969889181641539,0.553072037705738,0.27688654793350154,-1.2826720485304246,-0.45837257923891184,1.0541110856355247,-0.5543044170395736,-0.057771172058817925,-0.2503795680662701,1.0061173364811655,-0.6388376159161171,0
3.391530584173704,-0.2506970974796919,0.4614678751296463,0.8751815245785264,0.9856097978426851,-0.5513838025117297,-1.5914644509239675,0.09669750569457221,-1.1557203630544677,1.460190493607281,-0.5060380534994209,0.7841547595940569,-1.4122392823896668,-0.6633909990801284,-0.008251398444635884,-0.24460873763783494,-0.36597552524849947,-0.16443683882514396,1.2885849774363476,-0.28816216211893775,0.24311191911663455,-0.3059912080719537,-0.09301972771008445,0.7859734692101926,-0.7292177190163656,-1.6944868935217003,1.2717768404405603,-0.5425900743269366,0.15487216305901558,0.6496369827721554,4
2.324157909098245,-0.714079591374789,1.155627830564554,3.2814779662063405,-0.986457244920266,-2.643024950671784,1.1073576190964827,0.6989440952074778,-0.43949773951056953,1.035586618299993,0.5588829941960037,1.2483985585692716,-0.9319393806075371,-0.2603417859383687,-1.8486058533673082,0.1593942821828079,-1.7125446773161925,2.8175736508217697,-1.2008155388335573,-1.0472296530434388,0.75344427544478,-0.480058272454335,0.21227755604868628,-0.7170317806704101,-0.2827335019260176,1.4529709376799658,-1.350082427491806,1.2739191810382986,0.9077586945249186,-1.565015285779889,4
3.8900396168073303,0.436213436795688,3.337366409787197,-2.1911199472047054,-3.4322012156038824,1.1490879756438794,-1.2047726379196328,-1.3792694009513888,-1.201210194971981,1.0286741002213244,0.16909151220609686,-0.5331857807767105,0.7624529309801193,-0.6894872180796485,-0.35334326205467526,1.2537002584309718,0.5733423102856362,0.3397827754334504,-1.5859812264110318,-0.1938818836162122,-0.16488019533908083,-0.16643880842956482,0.25658047893287916,-1.2861727583288138,0.05305940458500862,-0.1553719350779013,-0.2664687081646771,0.35037997729194753,0.356295084231394,-0.11938567647221977,4
-3.5480309758502835,2.2261880964237513,-3.4812020466066294,-1.5011750970547535,-0.23083215428195328,0.037814476329439406,-0.3399015005936127,-0.43748001662146163,1.088603341959562,0.4287117351106413,-0.11005986692537176,0.5760098516492895,-0.3975520495627496,-1.34736838164218,1.1500570893719724,0.8275172613986106,-0.0006658267540515158,0.526577110320661,-0.4009814297424437,-0.12758874120560798,-0.1307233885057495,0.29702103268792185,0.5683440663404312,-1.4690116956158479,-0.1966597057004235,0.7399007734789529,-0.26051858462858724,0.819157491230794,-0.8231872547731731,0.11131823910625947,3
0.38266516365530506,1.429896083114947,-2.3672522571693952,1.49613566283878,-0.10349993015907959,-0.07919111591961701,-2.4037100738111947,0.6144904126138532,-1.8590293916619747,1.4566226934318314,-0.39024701613241924,1.7725255573935097,0.09562356178982817,-0.2642812614440782,-1.169024119629695,0.06449108499140013,0.16553323049002763,-0.13718256673119233,-0.8175371169130036,0.7546639957634445,-0.1601955936104175,0.03090071025926312,-0.06715789168865977,0.28900414794679985,1.947968983513088,-0.38136806761303516,0.07085533431745733,-0.4745294065235812,-0.2618295537359973,0.19218448068294788,5
-1.3003828152856922,2.941874231375711,-1.0528622207562095,-1.573590636098731,-0.4494129360740824,-0.22008159371719452,-0.26412144522744985,1.877807370150599,1.3872762298134764,-0.5613088274363288,-0.43398422922499486,-0.8627521497078151,-0.24990919093306324,-1.2823253564029702,0.8431928201995514,-0.04145754610935083,-0.37409979233766943,0.14809324323850923,0.21266692791612946,-0.5482293289878131,1.0355593447704983,0.18572728055433216,0.8241537398132419,0.6728481162674932,-0.015316101993536295,-0.01075952240583841,-0.12999821134983475,0.5455709878801804,-1.4785909597783529,0.18845322848855287,3
3.055894283457515,3.018466707491851,-0.6813410711258764,-4.652849143938923,-1.2983280699016018,2.5701813334490238,-2.3622993235451033,-0.6379491546224482,0.05799349495440883,1.1850291768366095,-0.36804512579053084,-1.3724362022176684,0.4913110997944896,0.8693421016992753,-0.772526015137522,-0.7124236076072447,-1.3786722406729643,1.1438869373176221,-0.32475414579238365,-0.38089343422792876,0.03697583857596389,1.964227806744681,-0.13540275047159292,-0.36570454004070796,-0.052013127569877526,1.2144626579338011,-0.14323390290946503,-1.498495277628611,0.34420610771943927,0.00637335107307418,1
-1.6288914764781612,3.2960373621899626,0.8042230502284679,-0.6320345468060601,-0.9126469472997253,0.1609494746068558,0.012276981591804091,-0.439939198907753,0.7929278872887887,-0.5831252174582067,-0.8008837862655559,-0.19072752479204655,-1.7028739829450932,0.9562023987923974,1.5397812935483384,0.5992169840024185,0.7724354876865126,-0.5351420781306717,0.17464926124417338,-0.4541352010282656,0.08278188480726645,0.9608735565091902,-1.5279835901329013,-0.8340347828900045,-0.5243536119313685,1.3792806526151768,-0.010821203873506708,-0.8775318087551053,0.3982276239211972,0.11173054864706736,3
-0.47831281076634025,2.286236752860815,1.6514309483111427,4.340043285879009,2.200781173603082,-1.5491120201965443,-2.674383543866626,-0.5033165118505627,0.8015438188586532,0.9924843028880578,-0.005686091643915426,0.727242268316357,-0.14574503772916766,0.42244875986708297,-0.47017151775857935,-0.06733899163362643,0.8543219621282241,-0.6352461406364273,-1.5175641705978453,0.5354095227520108,-0.302364460165952,0.8366304475882417,0.5031256989395645,0.47817994527380675,0.04879892042657358,0.5722576572856486,-0.1696760677808086,-1.1504070082532445,0.7200181917537662,0.23701509050346994,5
3.8147868910536005,4.951998926267833,0.2965787320027784,-2.2547745228257927,1.6626053488830155,1.9540516933335474,-1.4506235309009392,-0.6084654414644314,1.614323759946142,0.15295046458687783,-1.2714088784643933,-0.9279292713673146,1.224361402549121,1.9203261036883577,-0.6330553514302533,-0.30080160612908086,-0.5229214076582515,0.5226336507557329,1.0119150640332808,-0.2944605258549613,0.05058391727724606,0.06465952531546719,1.0243107738225588,-1.278484575434187,-1.4061006923719086,0.3475809203096185,0.14345775808580039,-0.34206666373110467,-1.548224235683532,1.4066874471194615,9
4.2134803500665265,-0.5062762331390743,2.215234500633413,-0.05966280131134746,-2.206259159081736,0.5981206893204425,-0.24408566222373587,1.3515053692014125,-0.882124740620943,0.3450108581666062,-0.5136740530914405,-0.5290511398633058,0.01928826596779825,-1.6476661445394525,-0.7522440684677195,0.5708213010189669,-0.841524650839068,0.9886524816783832,-0.6210809407440417,-0.9749794873850145,1.0606590548392598,-0.15729065840568826,-0.41363148401551786,-0.01653656515215462,0.606106580148647,-0.4204596174460517,-0.8157678065089478,0.49769818545625216,-0.8082412981940298,0.5381206593428416,4
-3.9956967222115862,-2.1122837966566976,2.282411621695455,-2.3546796871493214,4.295506841326682,-0.1090335507128273,-0.662976544945423,6.057833153925057,-1.532271775450068,1.9275133976548484,-0.6634383949132284,-0.27372018994187663,1.0107793116815866,-0.05854038356777156,1.5844949652938154,0.17994674599886362,-0.7021985871344502,0.2834169446841283,-1.9705744281858635,0.7908253699328718,-1.6867720718574792,0.30299499121616064,-0.3491634649514252,-0.30174479917527963,-0.031090569937513687,-0.8124225159825419,-0.20159874383309306,2.1599047849424515,0.7962701511535667,1.88588507128354,2
1.4611878202700421,5.733124008909726,-0.34382305303188515,-1.11083879634196,0.7235151317886368,-1.5877163987932705,1.2589541905092552,0.32426071060667166,1.0132546586358284,0.7735556416133399,-1.5821962777736687,-0.049661866664496374,-0.5850571581597815,0.3601603220832434,1.8027514368923703,0.30861296259194415,0.4898880427420996,-0.6101377771062936,1.4473260436706892,0.6895545260308337,-0.3760632693145434,-0.3611113401980993,0.8346836197888552,-1.1813795793821742,-0.7239245128917038,1.266785159355276,0.9642957885683986,-0.5766878570634006,-0.1499645177309886,1.012220163632742,7
0.2614230360312975,2.7217760136682,1.7672262102611669,-0.06715679386744455,-1.705408418012265,-3.660226005636943,1.312228456187401,-0.6462542679477274,-0.6668578377895091,1.3676052665759022,0.3837033818454173,0.4427528150224798,-0.14299674323469588,-0.7088816862272592,-0.1436600731002951,0.0748788223897879,0.41441953901009315,-0.5754734961072677,-0.5185539643258102,1.0630200823858436,0.013337963205724817,-0.060772254704361886,-0.2550286510288753,0.7880600756889139,0.17501105597055855,0.47207603614443916,0.08380798207612691,-0.18124695115264775,0.31013938782101264,-0.18830413751648445,7
3.920323088795063,0.09864168214779198,1.1219062478837059,1.4088050255338522,-0.34596390159773194,-1.8415784542592852,0.12015025752347516,0.9536025818113744,-0.4937814752225101,1.464292686736191,0.3135526388577823,-0.16873656458235586,-0.813249162070564,-0.6701052638862299,-0.3422359034232516,0.03141735400628671,-0.9055717975700783,0.974156448460707,0.03572264144771724,-1.2372245568394316,0.8455724423811,-1.209617065084099,-0.3966665166534274,0.0460101922683927,-0.2831940367258779,-0.5374714685759385,-0.3251118919489847,0.3040538075358163,-0.8247846976457076,-0.09202003189656999,4
4.745714870415588,-1.5622955972320236,2.242739650338296,2.194013020461836,-0.38109819043623017,-0.12077745535473904,-1.3584662675954535,0.41793287303798055,-0.24983612097805236,0.9647784860493933,-0.22339750085672308,0.38659795788576035,-0.9097638442394088,-1.5602428055915747,0.1768653551634869,0.4220076295676688,-0.46230441858908317,1.1720469958442516,-0.6664094997767518,-0.9345536886520768,0.3389483033983759,-0.6278113900199765,-0.39925534842965,-0.07600972006795136,0.17040094399487668,-0.03666348219605177,-0.37980233058139207,0.5732822819138514,-0.9449642107590044,0.20831508401388854,4
2.1202551199075614,0.41162481230585674,2.936176169071442,-2.524397398125851,-1.3373844142083717,1.6218222727837066,-2.878174288201659,-0.5036229751966113,-0.49425595392931054,-0.50037165871524,0.2555549420640706,-0.06689777972592256,0.6286215733925385,0.039758158154210375,0.029949978707327907,-0.43413849677315797,0.453913103882037,-0.4233841135249449,-0.6312322977584854,0.0021675520033990017,-0.22711831425625575,0.49514675400967045,-1.0422098451186077,0.5367603380798387,-0.3737049342367613,0.6776898078658045,0.12289329435523243,-0.8582931533210401,0.3818292898540254,-0.43728391752768714,1
-2.092229383678142,1.0615724003588947,-4.672292145801348,-1.1513335183607663,-1.1246885747080146,0.08603018650832167,-0.12227877811624649,0.7235908170879497,-1.1454874437572566,-0.14755487191982644,-0.46571860960180667,1.3832661529214438,-0.45086553382861866,-0.5433391999508339,-0.04622644298371712,0.40084737151650646,-0.10369021674428777,0.010957522439573871,0.4238878836726088,-0.10259089641119995,0.18130266867056763,-0.03108644154331005,-0.6591490548402535,-0.7935246860996849,0.25136938729254177,-1.421307817416913,-0.2627229537180189,0.3774945094968447,0.3462046726077011,-0.2855926102483766,9
0.8419796614909855,0.604619205663739,1.7146371557157203,-1.445473873427363,-1.536070149126955,-0.6495994628143801,2.593114028930838,0.9846385333613902,2.1460239760896345,-0.9767115698579526,0.460061131275695,-2.7066488362046885,0.4999995493298158,0.9420439598530841,0.6160776214264877,-0.4343407919797379,0.051206511555063026,-0.16254506202469823,0.24946789958041807,-0.40308861237600574,0.7067535213378422,-1.8357176830655233,0.5939567948664404,0.94455761091117,0.046807130484453556,-0.3382833784772776,0.8910260405190419,-0.005407155889391365,-0.8300429108810862,0.055198596496813086,2
-0.9190487673384419,4.682236477924723,1.1380740484986311,0.3912659283157643,2.3666928355355705,-1.1439077585601007,2.6057255143285065,-1.789315322311086,1.9719790340244316,-0.07314028757388714,0.8198438671584899,-0.47448965427146084,1.5298912534892068,-2.1493589151683126,-3.3100784454374788,0.7074890035639946,-1.6442363887497475,1.4054516237721995,-1.5591487369793875,0.22154331582392847,-0.5171766751632128,1.8792122683673518,-0.3126333890751612,0.6385090624347974,-0.23057638106124007,-1.6743688974683166,0.8719425752963915,0.751089179447102,0.36518911677531835,-1.021585008713081,7
-0.06794728962885034,-0.37149243344020433,-1.7479394007418527,-0.4616162137491391,-0.23924080553174035,-1.0198039419000515,-0.1789604116154141,-1.6644806512084414,0.9254290974788965,0.8577054361166162,1.3268219951823428,-1.0876991165596817,-1.3756655924251013,1.6863065004861446,-0.10011900618741011,-0.2619347787646946,-0.5341590009152369,0.4076098956260504,-0.12430054706210684,-0.2901127464450306,-0.1852347323786629,0.6416371098271495,-0.9553171996939261,0.934464741485117,0.23039311189360726,-1.2619014298058162,-0.5441282234657778,0.44317760735596745,-0.3553583372702952,1.1512065268305076,8
3.3013363619259604,4.8834574857884485,-0.22819911694099873,-1.165017289917295,-0.5752602514465429,-1.358966198202148,1.3606740524526535,0.2604669582791044,-0.19747699078254538,0.306408166388093,-0.6940766687566329,-0.6853354657496551,-0.097514595663055,1.2873801470179167,1.5230619937811734,-0.3215547232638537,0.3507322151950711,-0.27598758999204615,1.1542896386372883,0.8703446234776115,-1.4355001138106815,0.4421213206737069,1.0352846435653367,-0.08083777291731216,-1.3750682544302495,0.5829432539425609,0.4184110810284176,0.7750434957422113,-0.4518835401805126,1.3324089542737045,7
-5.522977878558246,-0.5479549002555927,1.2951404803747026,0.37280256990455507,0.6667512996551664,-0.5831026969728821,0.24699445231156966,1.7392763146101506,-0.20109202810251386,-0.30538761264586783,2.0737752693779283,-1.7662689345974432,0.6661094967400263,-0.9415533739968479,0.8264679726211651,-0.1519123839821751,0.04968655864092917,-0.49765416081351194,-0.7560253377720165,-0.9371052996493157,-1.1350749608230353,-0.17060632567755235,0.7583187485683973,-0.8018013576650652,0.5956818000439084,-0.1966739132956033,0.806544697155745,-0.7725608049108931,-0.6410238792800944,-0.5612252124818602,2
1.642406892692911,-4.438863176374115,0.3040687675020028,0.9370869125151348,1.0597031291661225,-0.2503074027378952,-0.1865301190186302,-1.9800381412522339,1.58577152242357,0.030865150045723457,0.3395204500558001,-0.04220594101818123,-1.4841781771327753,-0.05785707697869338,0.5672090248652351,-0.15472256224319225,-0.1124049626418071,0.5807155129553416,-0.24764153111074164,0.16399073617394444,-0.44950953778578684,-0.18871431016755488,-0.44425955775016684,0.23109049732451642,-0.09612538917056701,0.19340517971311647,-0.350271120189241,-0.2299636378332383,-0.2672526776660873,0.4075160052105305,6
-0.8700751518135397,1.516316421438535,-3.3333081385454575,0.25291414486965763,-0.13655633751040144,-0.59516879379498,-0.1970752436296114,0.3031919314437954,-1.2723551783732343,1.13332864218076,-0.0017717028222303034,0.8226462061142696,-2.2978109419613695,0.4239930401861438,-0.01588018188033652,0.21367221388733149,-0.15182675942322893,-0.28675367434766424,0.8186998046888131,-0.23012457164166258,-0.313585481099026,0.3782364293284266,-0.6852943676908726,0.4948616352550761,0.8651402798095663,-1.4401191394129629,0.8280270670203596,-0.35832624026708126,0.2008482155681489,0.35591444955963203,9
5.147130783066768,0.3497447468802652,-0.8881847698448909,-2.4399316926732726,-0.20018741970621445,1.9278212984744632,-0.5317165013517802,-1.9834401461945208,-1.857577911638486,1.751711656115461,0.05452709936765253,-1.0540003529772153,-1.4125950128146758,1.1844584364823003,0.3327907040072281,0.13061712470782808,0.13241575050589008,-0.6451832585239106,1.5909058155870202,-0.08027217171365492,-1.5631436041767701,0.9929146502978321,1.112001815692549,0.10445238141084594,-0.8446117353466365,1.1158336101231334,1.1176370179631838,0.6479177539767599,-0.3960042452170127,-0.19158831479550023,4
-0.6610633674078376,-3.5025725361979094,-2.164864084595891,0.7912722051845219,0.8862522663090339,-0.5050033660713424,0.5828430051665631,0.30734098464185106,-1.4481751103019873,1.520423497448644,1.6823944669638564,-3.8524906289397753,2.524696801561058,-0.7899816235634429,0.3583014339493203,0.8116324714380851,0.12461123181214863,-2.078266018554497,0.5646143838105688,-1.1218768617565142,0.969542499211987,-0.26845833747273223,-0.2151799118149274,-1.1748784566838402,-0.36181997993319015,1.4557007163712206,0.1359837656727899,1.2167228933505942,0.07433907289167505,1.3155033949755466,0
-1.9702693397047604,1.6090876812406296,2.1362622773734845,0.8863136356076737,-1.9907932852813441,-2.5139560430121453,1.880662099891777,-1.782464040201505,-2.12307562747728,1.7072661847511232,0.8876999187862052,0.39278139144272284,-0.051959770964821635,-1.302454083311617,-1.2577878728226228,0.5324348991686434,0.28816558646490903,-0.7364205728697468,-0.6502339836404936,0.9256782910786872,-0.7084007269245808,0.9515021429992087,0.8007688119489985,0.6204836362888632,0.49135060577743433,-0.40040995688388104,0.2430617709928067,0.11011531311118403,0.02466610893134296,-0.18394649242336455,7
-4.186155717608836,-1.9342283500394684,1.1149921459073355,1.8534210028798215,-1.8989129826818303,2.3667967170560016,2.429817818593865,-0.7693728999667081,-0.1940182069144313,-1.413185851550868,-0.10817044688170972,-0.31807595676672656,-0.22074426740747075,0.7432772186909691,-0.5492109707020532,1.0697112212652542,1.2240283428714755,-0.37704349366150325,-0.9472696913824198,0.3601158987449293,-0.7682850749025354,-0.2585571509134708,0.7403684414529649,0.3587899719109465,-0.6296625481280149,0.5418341142453544,0.9752128609346842,0.14455469906890686,-0.26895284021859445,1.2221760838496083,2
0.33702465773210827,2.310019706910574,1.0629414679169693,0.24918888905600023,-2.0535732772371427,-3.3093044219038363,1.323612523705283,0.33348421557072433,0.8970661898200036,0.38237445503598805,0.03900897413442554,-0.1920743151606424,-0.026311756058329305,-1.572303366125471,0.8021371707583562,-0.39962830425257795,-0.3905925427172855,0.7836619432646176,-0.9045091478090205,0.5931444379011627,0.28635075011364103,0.14106481135551924,-0.19682281291843787,0.5604670678478607,0.4972704588390704,-1.1523374134424091,-0.9303044177931606,0.7529384576833776,0.6268151654904044,-0.3418460424163255,7
-4.3907482442544845,2.4023948476201,1.6679815671837153,6.431478648412864,0.6994079918174032,2.074446710453546,-0.6208880013971649,-1.2781026195874852,-0.6481172538084375,1.8632952171672605,-0.7846878245838467,-1.8718737310363913,1.7124481142281118,0.9108186488677975,1.5188365804579933,-0.928673353595514,-0.02585726990646694,-0.33377092517909873,0.42523547439085063,-0.06824158133198184,0.15887611109655053,-0.2487502875830566,-0.9866637249109412,-0.32587937160237684,1.0014486314571782,-0.7435552625474193,-0.18633647341917947,-0.0378113239811494,1.6587508056075415,0.8928136280241286,5
1.89791994182558,0.21811731002834178,1.106622268226694,-1.8008222656750918,-1.0593147096807336,0.5087252915311736,-0.02587347452596153,-0.7411159346678485,2.1388757750105776,-0.41914937523416484,0.09025772213706704,-1.8036330829274438,-0.4981560604659853,1.4788982155488828,0.8627424457894813,-0.11537814393534311,0.09642569362063523,0.45982691476069254,-0.5788122485737626,-0.014827897073610537,0.057537472150424214,-0.15035354279300786,-0.55591797497746,-0.23135844010930445,0.7084917989427927,1.008490957184849,-0.4623375357912834,1.0667444952501588,-0.9821078758966997,-0.9747406889201451,8
-3.434955222445742,2.0046596872540303,1.6815912681878087,5.794706053284221,-4.364652834476318,3.239287693430722,3.660515772417034,-3.3747749534905496,-3.1967626211350857,4.198595160097976,-1.3025913261995663,-3.313344434334172,4.062412068475349,0.21718993032978928,1.4596081170481419,-3.087440716789903,-1.3045152215062301,2.3203650633523027,-0.22059233577744256,1.0311822118013512,-0.6891432319610942,-1.5110844441212226,-1.6175626650352024,1.999766388582449,-2.4496779202117867,-0.7593819740620915,-1.298816684609265,1.7784423721424085,-0.8585493635463524,-1.752053862382617,7
-2.7130949082287814,2.093263378513401,-1.204094531416774,2.5412587662003085,1.1357670190828855,0.7691136335404598,-2.873478813355605,0.25238830098298753,-0.6997002327184753,1.8963686796538621,-0.021304777904719657,1.0510157515432004,-0.2617861508217715,-0.4284700165522951,-0.4873137768011803,0.19128075836019365,-0.12852016717916606,0.11725242689216761,-0.6116199266839631,0.13293843179386905,0.09473473728275024,-0.3462580752106531,0.7244761082040025,0.012605330522685376,3.956314873961697,-0.6451631556121664,-0.15349610202108888,0.016910830438240314,-0.8163030556654733,0.34056010915255264,5
-0.3627028910894876,2.422476505105226,0.5321629985804596,0.8077258123285238,-0.30597316572408184,-3.460640102864001,-0.43245499005931654,0.5491598299417033,0.07409144809698634,0.9677613163857132,0.9770911062864118,0.6259338361992075,0.7810562195637126,-1.2210539894682688,-0.6894295430433229,-0.3254526455277056,0.026772858317339228,0.006764179981714695,-0.7750069433637818,-0.1350521362068213,0.7655934674115716,-1.00646891865379,0.7596057800192106,0.5830379681813732,0.2383271430114844,-0.3064291019739214,-0.33119759162185797,0.4952790287973039,1.3532421341817191,-1.473344164114903,7
1.2655282894173487,3.182960666385334,-1.072359939795907,0.28580904952564146,1.4922437423312767,-0.1757895944089649,-2.087994459381534,2.199642056746898,1.028359165941657,0.38588858933126996,-0.30663404086303664,-1.7170003491241228,1.0269907037649073,-0.039284615735456684,0.08328408389691087,-0.6684949872810849,-0.6782891069735162,-0.22455657200847037,0.6096219042929549,-1.0733347891961906,1.248291347297898,0.10413060161142518,0.7726185750283017,0.2605132442403215,-0.5923721427771377,-1.587727173548672,-0.016428813313598477,-0.2222165442404563,-0.32992618223974796,1.4686084765108816,7
1.9277477970430208,-1.0527605932648285,-2.305192883523642,2.225315346725336,-0.4587607496194986,1.1342811414405378,0.6418555781657176,1.8681549304822005,-1.0323634504621324,-1.1474490330227367,-1.5629129075996269,-0.08264319298950712,-0.9477028981112381,0.27312396308126363,-1.0452519373332467,0.5002118205380888,-0.05412666118725745,0.015502687143013972,0.35156045688582566,-0.15911510448971825,0.4684289243081577,1.1405141409826267,0.9370911785206683,0.5315097558428695,-0.5325186345339041,-0.5391879278439734,-0.650851024954919,1.3234347869669494,0.00037433972435179974,-0.3217642786730879,0
0.7547482676936219,-4.085726895284727,0.29440014536377923,0.33745705715753005,0.9895051989929589,-1.1150048751785362,0.8285962966931257,-2.2306347663385924,1.670841301257193,-0.003737655189352934,0.3942432276523254,-0.9019786015124645,-0.42848140651122324,-0.4767031613041463,0.20239791438503926,0.007416581684886559,0.3655096568354627,-0.7412546851147528,0.2696076082724768,0.3864141665301277,0.23108275966307815,-0.5754012951938307,-0.25843335673564144,0.15026343474685686,0.2782700578178704,-1.201814467742951,-0.3235892413282163,-0.5383373985644164,0.4432643750102554,0.814826842944078,6
0.5463860495045274,-4.372281668295277,1.0818780740641025,1.2618394004243358,1.1352273869625367,-0.177725733187711,0.5321325252729261,-2.1036878533137404,1.4370322714677166,-1.3305332489991102,-0.3442287326545133,0.14288345109118325,-1.1835270146619628,0.2526338322364157,-0.2175417343528724,0.010340694143740467,-0.2032900792004705,-0.1909793771890276,0.9219504012070168,0.09366443352202923,0.3161011912806374,0.5131987804051751,-0.6499663553313209,-0.6886925127270036,0.6894560023975023,-0.24263845625554403,-0.587650969170213,0.18712030381946632,0.29301780253468157,0.10814447468856975,6
4.5240146972268365,-0.2121791254072236,1.0526410801584734,0.7113953441773857,0.07649945205458962,-0.0064386168882049274,-1.7830987486418386,0.8258258083379132,-1.669592798291048,0.4225579571365216,-0.4688823528520883,0.5129433785930126,-0.10525258115330666,-0.6729726594748418,0.32062225712183184,-0.47384061760847734,-0.025249108248338977,-0.5969074325053193,0.9046572676064756,-0.018336285195839422,-0.2894120987338901,-0.5032921645110078,-0.7539164705725592,0.5221998245059454,-0.28052723538048474,-1.1672857604069808,1.3836336458419578,-0.6314041916461076,-0.22429145343097406,0.2881017482922816,4
-2.3693131409148487,-1.7009288379298093,3.270048350292059,-2.095113229291339,0.9646533757826639,-0.7356721224456435,1.7513847515380905,2.6899535586749703,0.8329419729555473,0.08754470954303999,-0.08863274345624302,-1.7396660792720655,0.8843125928111941,0.16971012958991824,0.3123568688931917,-0.9428918914547926,-0.2421476416906339,-0.13167209624017992,-1.491719685913904,0.5540968802496901,-0.471939197784524,-0.2057594662407306,0.9800067936188226,0.9615669289679588,0.4582576628928101,-1.0451187549656429,-0.41788352626206826,-1.422039833876651,-0.529583761754639,-0.33710359634377735,2
-0.6636149060960345,0.8311694354330721,1.4364426393784575,1.667218797382048,-1.0521551920000156,0.055470204083148636,-0.9982823371723125,0.8393036643359567,0.22967230704515001,-2.4288470482572997,0.8445953057138612,0.6106415868792041,0.3447631215110121,2.0072191805916226,0.11239196338917455,0.38008604790332906,0.29544956032176234,0.9306316388889122,-0.7779809476893441,-1.2110441810377266,-0.5054882767811698,-0.7385981381274833,-0.7615200716448026,-0.6865463616256824,-1.210682579166204,-1.0893226950111237,-0.6352796195447163,0.5301687705576159,-0.32428408434570083,1.341083937103114,8
1.3822585409258836,-2.6412000396150375,-2.3690837748297646,0.9093574730334927,0.1689980197840334,-0.8841816074992389,0.2762020335308138,1.6487285855549212,-0.48240235360861056,-1.8048353451662418,-0.31904392910227763,-0.9024177167368437,1.6370063647271333,-0.8834012032973534,0.32517260579402213,0.24181190095841215,0.7960888036512427,-1.7944863466808285,0.6458038831787322,-0.19656251719077975,1.0197902334877362,0.12680235195746087,-0.28060497789986955,-0.06862576715638093,-0.25358670020158847,1.3485686141329525,-0.057856716026341494,-0.08318870436928702,0.46500858694208935,-0.041215361695915866,0
-2.28838539829034,-0.37551150399060934,-2.9124017844640497,-1.9590681864843067,-0.75291755382185,0.022150614912145063,-0.3119645133694905,0.297270365056259,-1.1541857363015973,-0.6822719325081033,0.44336857473620306,1.7724556500194084,0.06259914421624585,-0.5267957485922542,-0.9742036603388543,-0.48474290623509025,-0.3513017919690749,0.14585223636800276,0.5325646694854032,0.1079909094421818,-0.35639911966214355,-0.061916409249869096,-0.3377854443246152,0.1674233373068799,-0.009906906222009515,-0.38293687013920374,0.482144290667424,-0.1087185610740567,-0.030900545717005266,0.06062175985688114,9
4.750414561319829,0.3456403453375881,2.1728643961586127,-0.9778892177053572,-2.49546772749749,0.6323034803999467,-1.9236389216440308,-0.4843295934974295,-1.5877795874734777,1.7045157325130398,0.21505873354406546,-0.6150083882618643,0.777906763968133,-1.2417934602758578,-0.4843244366051417,0.9952087068640506,0.4618053111582129,0.3176648334984951,-1.797720789839453,-0.743011243994637,0.1377300835510729,-0.2445763692981005,0.4847381069956042,-0.43683868637735546,-1.7358608540807936,-0.6374397788155797,-0.17857262453942152,-0.4667667421082483,0.151213495563051,-0.2503025816742576,4
1.9037278659601864,-4.754725550534279,-1.642681097517681,0.5864203840426563,1.1821116852224072,-1.1841709389919477,0.8306757044084674,-1.4101209502410594,0.3594957006653663,1.1495669764138998,0.06114913267434607,-0.4354452039208427,-0.7611528354694435,-0.6870237805470901,-1.3059571402008865,0.15687974307704056,-0.6879159510080121,0.11050110220411176,0.3936565095615924,-0.24538563285687376,1.0374428021278348,0.07325423359151449,0.11540887666369418,0.0492854625064431,-0.7316726304167934,0.5930856877740357,-0.5303041978817797,-0.44587505863794374,-0.7952124092114427,0.4636122939938517,6
0.4295798371958756,-0.05573720489146077,-1.7523305061318522,-0.6616998765863843,0.4294571665074371,0.06410810642332762,-1.307139751924657,1.1996186522454795,-0.8686981326057632,-1.2511025097083603,0.6685087189548001,0.8164347516717348,-0.2604730703829177,0.14581841663055073,0.16876574875995984,-1.8319137618933246,-1.4446578323581856,0.9283620594827392,1.483618867580975,-0.3220372288983024,-1.031014804147445,1.1813023536691458,0.14173955117257944,1.3262165189375534,-0.047598526439747255,0.13834436940628908,0.967034896529316,0.09438597624630932,0.11497139573183461,0.5388279564120374,9
3.9500024374954283,3.0891432425146452,-2.9942033952823,-1.6284782040745467,1.5155607187362945,1.4497957871457903,-1.3970073999908776,-0.2641276450987883,0.41573056833511884,1.1210744898659304,-0.7409564831371637,-1.6599725644182353,0.5546495533925251,1.8298322351106437,-0.6320613043810401,-0.8152506124104691,-0.4155832697834503,-0.2179096793640637,1.3333991313958966,-0.1195133358333866,-0.20691148985362698,0.711642042990824,2.1548129085367185,-0.022687981110052834,-1.0955577816534412,0.49389957406013657,1.0719872510233148,0.21010458471588922,-1.1901251253077108,-0.15296739533696993,9
0.6924824360587145,-3.9031799565759107,-0.520137797081711,1.5311662423990624,1.092480724798035,-1.3427849418525233,0.5265445327940315,-1.8145294222322312,1.0308639225377911,0.7582288125510066,0.691676792304276,-0.4877994616738083,-2.3821065389168514,-0.7220982317169823,-0.36392289506455927,0.28977243990316953,-1.0048995663309614,0.6173427460050435,0.4691882142271916,-0.9715667657944823,0.53462044608543,0.962718643277371,0.13629464336771518,0.2699283634462454,-0.12407903005303897,-0.0710137238428008,0.04102795454665682,-0.11330025375640207,0.09684917037349165,-0.004692853032377581,6
-1.194631116895795,-1.301970141119539,-3.100423550767474,-3.697952465801491,-0.5025039471512457,-0.5409169433150083,0.9562644957816319,-0.13844780557854655,-1.0118182403630211,0.5092529563774456,0.27256882704807184,0.67016966068691,0.5603895145841067,0.1874667487726288,-1.658114919359103,-0.053146771160280167,-0.1443705215466484,-0.6086228706121404,0.9256627175528672,-0.17440875462895436,1.0849441645869893,-1.3801967832976405,-0.5099539969768478,-0.9944478845369557,-0.21574011546431845,0.16879840080279915,-0.296418044759254,-0.40435800169969827,0.288084786139232,-0.5557430148867397,9
1.996462218857221,-1.302283063934705,-3.4171572262131216,0.3222516365051544,0.3088397373221634,-0.984225534894895,0.7504703644636491,0.6455605888739184,0.4855937749168123,-0.23816336772851562,0.03653135558634702,-1.8014715016259237,-0.27280216119386413,0.5223118368979688,0.22339733038303072,0.15918761574615603,0.6813021990315457,-1.457855995653965,0.5842101721244339,-0.294481323437476,0.7428597256237324,-0.3946602423001634,-0.1618030150749161,0.287595671758107,-0.25889349686922764,0.4231066172234099,0.09720735395183103,0.731201797725939,-0.03660601090595027,-1.18644819107184,0
0.40539030165883944,-1.9042924815300717,-0.7108374993891945,-1.8859347912585234,0.3177265332292398,1.149695981576345,-2.2069488673995115,-1.1180869361711945,-0.7695332446062244,-0.22404180527656928,-0.8033627675757959,2.6191317125853915,0.749990976114062,-2.2975572527789203,0.28001326694015294,-0.038139287044205404,0.7184230611976512,-0.5862890290430802,0.33311160652271266,0.4728572616416695,0.2647475855468568,-0.4134160608938818,0.22366464609013703,0.06129601181036807,-1.0649097410698538,1.231990498642941,-0.4234999115900784,-0.5669208803932873,0.6794281619193977,0.6423524573707179,3
-1.437180786053788,-1.4691613119944977,-2.206651309246608,0.9654749281663814,1.9121948750158042,0.2290554608127978,-3.0145263089910865,-0.9418636666218407,0.33558691407622193,0.8679529871002039,1.5556699275950627,-0.14155040519830658,-0.3725622892808655,-0.49889295994821287,-0.05475865804713916,0.14166072350306183,0.1730618473976588,-0.5349865914443872,-0.09943907367713635,-1.0028588829869391,0.12988634269161253,0.5706842463067192,0.8420973482434148,0.7916411140438581,-0.47281451308348527,0.22912217479724853,0.4141440533825329,1.1072772158492838,0.6981963664093027,0.7579293629983151,5
1.2587425297668295,-4.405659313713147,1.0435039102604053,1.2069072048885088,1.1138103498654484,-0.03779601814598215,-0.11641957583511853,-1.0417854831561013,1.3200821506326346,-1.1048355915257297,0.20137704675276655,-1.033309978414832,-0.1519745221886274,0.30606566121806067,-0.2939654307909315,-0.030069539260630333,0.548584780941148,-0.7467950488105611,-0.42778526513003506,0.1194205528463892,-0.17732827003462762,-0.04198029249500237,-0.8437388788267706,-0.09106654342018194,-0.04493323845192495,-0.6439151080152733,-0.5140731253594781,-0.09973102526583896,-0.05596695400038975,-0.1912077197167716,6
2.337281544696773,-3.5995777992167026,0.9400570469872828,-0.43690245633165437,-0.012515554409989738,0.26794732138563837,-1.1031754741371114,-1.9935147554819328,0.9787003218079406,-1.1629485914258046,0.05342953523155323,-0.2043302039307099,0.8337087405681212,-1.028027709006176,0.7354487756719981,-0.7376702898776819,0.19164410674798285,-0.1429220598652212,0.042761007109153204,1.0728519787960535,-0.7277654135784043,0.7001162811484555,0.05986448388292828,0.15004681518185128,0.3358968813527242,-0.33481327334424604,0.09616664569536815,0.6300342622237732,0.22959775097093332,-0.24850451294782036,6
-2.9928286389073127e-05,-3.0814723983760053,-2.961897859978081,1.8931827054118815,-0.14750696578792066,-0.9228630407097718,0.744285068456099,1.388801067428748,-0.904721058687925,-0.528137813663323,0.45362612410985725,-0.9481128658886455,1.438664178122552,-0.479916639935778,-1.3918166873820987,0.04885783660777505,-0.13088842736851464,-0.1922949814743884,-1.1064419238594514,-0.21006457532317863,-0.12236138890374233,0.5044756022885097,0.16430283235188686,-0.07633552218607312,-1.472340364322282,-0.20813946350862858,-0.30194252441219255,-0.5601638042815401,-0.7599763144149072,0.4950487898126347,0
1.185251221413473,-4.517913772487269,1.6854847986867965,-1.2071482066261796,2.050049712843809,-0.9728986804415781,0.8561472149257174,-2.414614064392051,0.6215539886885173,1.0892409474018843,-0.29398652423843546,0.18192174140038042,-0.5260249142830818,0.01979734809449303,-0.14995665587520138,-0.1352950556527139,-0.9445236309991402,0.1640583584985325,1.3323011666436546,0.1142377326060737,0.5444039946001002,0.24031920124716313,0.05463709971820228,-0.6373591992775504,-0.14730663327779284,0.13951691736716157,-0.34862928336099586,0.19549518734194163,0.5883486553092386,1.1942884082198293,6
4.35015669030288,-0.18246207503685918,0.6737722094311493,2.342677579241868,-1.087008605647667,-1.8440235243073646,0.6061707010985417,2.1529689649737116,-0.7566464246488458,0.8455101773504919,-0.021544633203272656,0.6931068351197796,-0.8001792327680375,-0.8525565256640067,0.0063713144759817205,0.3432788332354983,-1.276954900427609,2.3012686429579725,-0.7023359558834839,-1.4837764585783024,0.2928268875892014,-1.5149668204013276,-0.5586419874282069,-1.3262447078661623,-0.36106035794279573,0.49216906420116746,-0.6219077039418719,0.38646435582359484,-0.6576081367549,-0.6141823231486929,4
-2.707269526712507,-2.7861909148186133,-0.23656853886656304,-3.1384883255935967,3.450058061862815,-0.807533528283879,-1.053758089362091,3.6988399204517872,-0.2473447083152891,2.8844189003585745,1.38388501871793,-2.1699891308320707,1.2548721697241592,0.2011289988250856,0.39868493815390815,-0.2483255091228001,-0.4198440980993775,0.18209429820340517,-2.5514284030394956,0.1970929174054256,-0.7652042184418967,-0.30142900536174233,0.4947212113536211,1.2327422364788416,-0.7461737205504594,0.08207345896242563,-0.6731095527677231,1.9665710375811722,0.13408920075390088,1.1053694658872735,3
-3.149838790895771,-1.3855609849991573,-2.128373755532922,-1.0391770268597884,-0.09415690642648897,2.488052227478951,-0.0730528498949813,-0.04933520583275185,-2.081743732253609,-0.18221508373372813,-1.2414774810151932,1.761291584425867,1.4339190838393787,-1.1729429854829765,-1.4357752403942192,-1.2652699226085677,-1.1373688336481476,0.7435315910107456,1.4852237755376934,0.3277205180064257,0.2941238164793055,-0.222657957919044,0.11381805391372733,-0.24523125212772529,-0.9090027486056859,-0.7958266095891406,-0.30334343160694593,0.23034429922332306,-0.3383245550057966,0.282343642110779,9
-2.868602124261545,0.4148467568353218,-1.4341766889654897,-2.5070681408047353,-1.6469602695089995,0.5012215966917626,-0.11154509497782482,-0.8087603457249205,-0.13564793715283174,-0.15960465531529683,-0.2008421476000287,1.679568656050696,-1.7719312490815784,-1.5194049549584627,0.3378148594873648,0.5345907641869015,0.6994633195759679,-0.2098087852712426,-0.3765051772727002,0.3958290158850267,-0.2035720957431988,0.029766289005194027,-0.28569243134310324,0.9721072365158607,-0.07013828973162838,0.3299895056714624,0.291448790652971,-0.0753529474307929,-0.7620150997612196,-0.7524826136027005,3
-2.274261654389464,2.535195407420379,1.7132268343023773,0.5668932021051862,-0.4141294922513485,-1.5817486310491644,-0.8570266488938999,0.14596638560945122,-0.2470233442553132,-0.6197730877303703,1.8033910229950851,-0.036464237909247674,1.369702820651228,0.9535549507625376,-1.9559343896783938,-0.43426610372355245,-0.4900146430428185,-0.15979984506226586,-0.15266500693693255,-0.7583382995820874,0.6602003424386473,0.3014997551147471,0.023486254804692096,-0.004079445708309699,0.8264142693290691,-0.6908913616359261,-1.171270337448711,1.604110850186945,0.94827382410536,-0.1517848963588108,9
0.7966672609694387,2.1827852276568684,1.9319035536384639,0.9919063322123728,-2.47411310653339,-3.5954193933496885,1.671961757529917,0.18861261343752173,-0.5366197693291858,0.705852534277183,0.2369085328428377,0.43611190671484823,0.22114062124738468,-1.1732349056885993,0.055823376758940724,0.045338087289138566,0.14034035491394953,0.4531738789727075,-1.4063601758975193,0.9703853522389841,-0.47792369517589633,0.23481771750578379,-0.1792354231881582,0.3372863283927571,-0.5996310150552112,0.1584411311996953,-0.605855897608138,0.5051861316356193,0.049558175886624346,-0.12406795785634789,7
-5.5087493762681605,-1.6757666035473482,2.208200905229444,2.7523656003791737,-2.1182625689363177,4.068500315069031,3.6548118332418245,-1.813571949602802,-0.7597254484447389,-0.02552376769232292,-1.075292342215655,-0.8936148293915412,0.310010608570024,0.6914900620053589,-0.1390770113116286,-0.5074020500472896,0.24545456996154813,0.5491341995805258,0.5744982354381094,0.23458772914105352,-0.11789895936072887,-0.9707639053283361,0.8325887988687477,1.3708693568274937,-1.6539173544071297,0.7839713949878483,1.788800039702818,-0.4921406478039365,0.3239271291366273,0.4647206565790034,2
-3.676771307216042,-0.603003456405764,-3.4317146377273544,-0.07060093096699814,-1.5937106301188848,1.477808390088337,1.4605080362341327,0.0009856999343516597,-0.5686027116330897,-0.21635477680127102,-0.7284207928742675,0.5511257617337659,0.6260687481825026,-0.04999700185332759,-0.5242699032547639,0.09948450699268623,0.19588157635329942,0.023102529491251578,-0.17251146618407168,0.27262193029577253,0.23213978259646606,-1.0259492314069134,-0.15528518088702364,-0.3321023288251732,0.12590553043797267,-1.0744084622429622,0.32728590118210676,-1.1279081191001747,0.44940094958291343,0.28017838421994656,9
2.5944619935867927,-0.6869593003378028,-2.2257991260526526,2.5454949951003987,-0.8061612341669786,-0.16626365358012812,0.6372885778596282,3.024084778598363,-0.70483220016753,-1.8674722258096925,-1.036417753471862,-0.3120591608218207,0.2747425507553161,-0.06167893953832741,-0.010647215457803975,-0.5774439442204758,-0.49469127705150706,0.4266711049000451,0.052054136303637914,0.2016822873361486,-0.0608788936720341,0.7621373712983407,0.03390933930555634,1.3742931123344564,0.28056245859380863,-0.13915095951846088,0.025178003032182972,-0.4232491571603722,-0.33305418721529717,0.886751337714605,0
4.623588922918672,-2.0751967264176456,-0.1941642320106755,-0.6071379371412771,-3.0000578732190157,2.278708603233995,0.871473782724152,-0.15139522379442844,-0.48794738503300455,0.12666260419260303,-1.5011740084668246,-1.8258927149168018,1.2782015369521154,-0.1985736988328684,-0.5861801921546718,0.7883622545646474,0.8695853201562544,-0.9502448869978799,-0.7477975185481878,1.6022389237615853,0.40844849951896284,0.22805271795165633,1.3142587852664487,0.15657352414047054,2.665409344793316,0.20779352618167027,0.7444239223421073,0.04026600263573521,0.9305819425679701,0.2191004298977626,4
0.2495652192983444,1.4231850726268536,0.5101979554394286,2.783145144852608,1.2905331440759924,0.33828587713709174,-2.949988327279322,-0.4242634131050817,0.5194562857266184,1.0387691977372784,-0.6565318689836884,1.7713068428031051,-1.377882514495815,0.10560963503658183,-0.31832408537952145,0.8229978867555043,1.0736773751361601,-0.034625090916357654,-1.3885183773325496,0.028940000461276896,-0.06708891321855553,-0.31610452476926804,-0.11231883375245463,-0.009994252275276103,0.002126062480963539,0.11896545325077425,-0.49149565308682797,-0.13301447702043903,-0.7749439002891776,0.12266811955072547,5
-1.4698232863939942,2.458589984700189,0.5771294860987265,-1.4933869571432143,-0.8915453855830584,0.42625496632809085,-0.6027388387551923,0.3458951104129366,0.7754210324509859,-1.5192848418982186,0.1292904013137225,-0.4400787249472248,-0.7143362630535759,-0.3690858198728723,2.338179055256405,0.17115601978694545,0.2418819656542708,0.022432983144713942,0.3728749681871602,-0.7200599986744015,-0.904301874143285,1.1243313846538916,-0.1955855709910488,-0.5640060528062094,-1.475084152970317,-0.10483502053791945,0.43698713169779496,0.789404108044491,0.055189774967061206,0.17346065112991715,3
1.3436943469905176,-4.415070347409637,-0.48845563916370466,1.030838210759462,1.4403760238334764,-2.5458754714286513,0.473720313227206,-2.036660561383937,0.6295319461182252,1.2939268410678966,1.1900699291499675,-0.2998780782506079,-0.26100696887020114,-0.80282782235517,0.14491116800850642,-0.3455671712317593,-0.405007112758151,0.23629573056034076,-0.19158325930115475,-0.026681597601182144,-0.47789669274123814,-0.44929518094299786,-0.01853670255793195,-0.7044092123376386,-0.6571452920723752,0.3497538808230984,0.20945869731406466,-1.2584188556353038,-0.2143814455269847,-0.11758785871536018,6
-0.008556428596458087,2.5821578583594142,1.749182120146933,3.362592802295964,2.640389772265544,-1.318284025437366,-1.7877796334157596,-0.577831252050703,1.8985088929455973,0.050108253228741684,-0.7192818617874489,-0.11205275278108073,0.3495325847806022,0.5076524731222329,-0.5826655977551454,0.34792684555847053,1.1503271102612185,-1.4114137944069058,-0.3420890362594134,0.28440485183269687,0.6502560976706692,0.4605371528858001,0.714738377428947,-0.5670019194164446,-0.6082766276176702,0.05006334863173677,0.3274393513797316,-0.5362356725302014,0.8539051283757337,0.14449662792221396,5
-0.2777161989298138,4.5001972234101935,-0.15740058844559213,1.3045161587203786,1.4940463796216632,-2.1597979444636075,-1.228440453629309,0.7558457895543474,0.4329726735482455,0.2829461694039923,1.8490553633155087,-0.12179020339709494,0.17163873524125092,2.376767727655356,0.49249769632338847,-0.8643332073101916,-0.5156972983037288,0.2027841632455848,0.6362896040664351,-1.2426898934537138,-0.6385048539684022,-0.6560059469803564,-0.14604816135060747,-0.47888999463679244,1.1660602843563281,1.3506604805124651,-0.3711318451036133,0.5312895405992814,0.3718551092638069,0.6666633537969902,9
0.4911915823877128,0.35467722590619594,-3.7074661106065028,-0.40387933556826133,0.569622708398656,-1.3726813998394392,-0.11244824602504425,-0.0586253565139506,1.4119529373933082,-0.8009570180388194,0.46464951386589526,-0.44423075390759353,0.624300438371419,1.774965690376114,0.7887754402588164,-1.0499467677724381,0.03428619961663027,-0.04501120415422224,0.36418234184601966,0.46961630087719086,-0.4878856205486549,-0.5527077880516501,-0.0011508009836024822,-0.2483975975951306,0.541986453890482,1.30203443387535,0.4527513927705604,-0.15057573151122863,-0.30188777502879466,-0.8695411361602597,9
-2.184789501315727,0.5879067211849649,2.0631132369002643,2.438988915177445,-0.6823932337885161,-0.05480213276433945,-0.39636296209564725,0.0724138253442578,-0.3546099590906757,-1.4817972199775418,1.2380845550433117,-0.987403468333723,1.2907851725885766,1.0337493708691872,0.7269237888906928,-0.29137984063619227,-0.5130356087622677,0.41445181756280514,0.38342359223248834,-1.4312505123077117,-0.2893811563219689,-0.4790530524576731,-1.247645423343227,-1.16614376033272,-0.122819378329572,-1.06915868148153,-0.1195599730003938,0.8446254721017945,-0.7500568232601211,0.7595568270962505,8
5.223701214576182,-1.279705074636269,1.3735553780639387,1.2597147182322324,-1.917471318192519,-0.046263549407321476,0.44741576003242,0.7417065812071221,-0.6676549282873264,1.2780996491556247,-0.6010693313970688,0.18704261645786763,-0.19245362060879936,-1.1623232956867509,0.031348649852706516,0.8602991455658959,-0.36801827596635006,1.2710896166633732,-0.6749579047992229,-0.4730764574530284,0.38252728634422584,-1.8881989532867212,0.13371319468818058,-0.9007686609029619,0.7221088091053127,-0.3991064448464293,0.35651244631172146,0.15684484848854394,-0.4309463304038734,0.3503961542229154,4
-3.355189223411961,-0.7560404867348709,1.3242159391987018,0.10384538192761845,-0.34869020055227223,-0.6792682454714349,0.46181455646793074,-0.12785599957620047,0.12071989488700673,-1.7744741293626047,1.4866108917953793,-0.6104838819189738,-0.12005729761076105,-0.07716996535228152,-0.7376743196970591,0.7095569924482098,1.1521191286808903,-1.5149802865605186,-0.2005353623144034,-0.6571741810441756,-0.19162711999964546,0.019953287886690835,0.682783299127917,0.2564982935164327,-0.4616489978016702,-0.16938902604738476,0.8476503775045438,0.3731661397852959,-0.24502767717907956,-0.48543146929783787,2
-0.27532185479402005,0.651756813294687,4.753626702810977,-0.17436166761813535,-0.9804443606012976,-0.3114585794349604,-0.15528732074515492,-0.44493135408175555,-0.39877827475989364,-2.0279058366626574,0.11480597525208645,1.0788150092294926,0.270165070266992,0.04289277705436735,-0.7380149862933503,0.4063444503244092,0.7713935332204945,-0.8795485265558424,0.4799187126241063,-0.3128785376771981,0.46753007354083165,-0.39278683638632345,-0.2883831971365801,-0.0423403817337567,-0.4163300040197371,0.2847834715563882,-0.2489298693428165,0.38759720030457173,-0.10229042523602365,0.286771725081624,1
-4.064923841703171,-1.4092839224708273,0.29176663856913826,0.1536020425727699,-0.8174575243685694,1.733809921731078,0.3512613749980795,-2.617395064351381,-0.8424611148966976,0.5677573359857592,0.1261727777497427,0.2799593229232287,-1.5095817911799885,-0.9927654243531784,0.936021135171224,0.4099498030443747,0.27678217917574405,-0.1685130796567557,0.11356599493692839,0.12313789515655436,-0.9825467262562873,1.2515659581306493,-0.5250981806172843,0.5548680153249201,-0.8029268858468032,0.44815064497442025,0.31570097792375645,-0.16470933286610676,0.6257696147268866,0.6667431558268118,3
0.22259498541903988,4.137279318526788,1.1615765601346344,-0.5251996378374454,-1.1026213688528357,-2.6783251976895057,0.6202939866723997,-0.3810551374421261,-0.6351207839887308,0.8409530496166254,0.0911617592009883,0.6627487427458711,-0.023723321816436473,1.6607362343962881,-0.5060199600482681,-0.5049917614916927,0.39071689523234737,-0.9729376703972797,0.23280889181444153,1.327476785926327,-0.11754417848405677,0.0803959735628995,-0.8651727277628812,0.5930215878645217,0.7457259153765349,0.9930905459813903,0.09510211562338719,-0.3862232542719583,0.5878463631013667,0.40655609454974306,7
-0.6723491028696749,2.4744631447067453,1.5163487604029833,-1.091538924721254,-1.0962144100482205,-2.577740278515484,0.44056272147657455,0.09224792621252889,-0.376221492380076,1.0663101138822195,0.39433143567813395,0.8433792696143667,-0.9328314794971121,-1.9158871821827435,0.10635264578763887,0.2785393244469494,0.26866629894976635,-0.3649736189178499,0.14889474231610939,-0.10576189650809086,0.8169237848106395,-0.545287969827075,0.3365467269473655,1.3161167795336017,-0.7150930464074554,-0.36213247770344176,-0.05985031602254234,0.5235935244186991,0.9495133193170167,-0.040294118139907215,7
-5.064111227071517,-0.8861284601732601,2.307303044220994,1.7889468917200166,-0.08380269401239779,1.9042696469337441,0.6257964991635314,-0.2767361025944839,-1.4701844684711651,0.09103852333298229,-0.28967691323202543,-0.3588676009380861,0.27062646642225635,-1.9580638687533634,0.2518922259605431,-0.7369158276963799,-1.3193936562294468,0.3897162104273746,1.0867963217927772,-0.6699074889097911,0.08511389393986127,1.8924468593527308,1.270370761120256,-0.27932795576631986,1.231142864676021,0.6213167175475435,-0.2908605128909055,-0.3221173914608806,0.6175605513769036,-0.01396681721508367,2
-4.311160053403161,0.042147676081972764,1.286773903536328,-0.0008371449301197586,-1.0151384461081931,-0.6609231862325045,0.6938480431463012,-0.22042527265339074,-0.1799077625631595,-1.0214814530325573,1.0851630917144965,-0.05331868253961855,-0.6622081156847125,-1.5490264340240447,0.3725242919542313,0.9871771368779094,0.675144918574547,-1.207894178672371,-0.29218240917738186,-0.6746204755641001,-0.1909759125919902,1.1164755630166476,0.6243612267264315,-0.2775014995378314,0.5866814129646643,0.5600981891156237,0.3154296615181602,-0.049812655753069764,-0.06681285531148044,-0.09131740939504021,2
-3.635765539877661,0.2012798529092879,-1.8997571539816065,-1.7168096914303597,-1.320831668634942,0.10599394807868191,-0.48480802018291563,-1.5641606368832337,-0.31182878571472,0.32237514578829407,0.004863042473186757,2.048633976311385,-1.338555401798205,-1.6219170069042386,1.1229835435781625,0.7957928923357143,0.6375055489814742,0.03653249246293055,-0.6519891648176473,0.4000922157908781,-0.6696898401029756,0.5074155664225443,-0.35674911205988785,-0.7581309797687859,-0.19371980319274587,0.2923489081683015,-0.47670185703865287,-0.30786258772077185,0.5035217516490964,0.14235602050759477,3
0.4385119714858973,1.4424733763629243,-4.631123793917934,-1.0009863602971654,0.5833353352837697,0.018949133288442454,-0.5313811219707548,0.0016866045323546438,0.9973801474135338,-0.218477162587515,0.45082437336861064,-1.129055012962163,0.5438039479068731,1.9424905511135706,-0.318555969124039,-0.15666323746473837,0.012545131397554766,-0.3432434964881688,0.6142224649442379,-0.3197738118190509,0.2589729861667247,-0.08020734885165197,0.9757931395286947,-0.8378733301603618,1.0281118176043058,1.4364735205070813,0.17791003451542886,0.9580820214349768,0.20924389217926148,-1.1924066696995597,9
-0.8030312379932552,-0.5946609332604058,-0.517812565565041,-0.7469870603604043,0.07906605950855192,-1.267461490416343,0.3502591453907322,-0.7670586905041173,1.4747074618206553,-0.6811966575468816,1.3215713695472648,-0.519969836588228,-1.469953372360457,1.5311024662842474,0.5313421986183047,-0.8799589619338789,-0.4547897672819044,0.6027625377863289,0.2767772686396864,-0.6425147758309266,-0.7989602371770135,-0.33299747399668655,-1.0326380978267706,0.4282997835979122,-0.29804883331847826,-1.8521718458613894,0.3085232925459458,-0.22743466570118465,-0.17641348956448874,-0.5886903439130309,8
1.4169355573110858,-1.2535130274162585,-4.284261284239463,3.7795946973068912,-0.9598330268193129,1.0313797554293347,0.771763441659266,1.7666258100696912,0.06514003047408602,-0.7543067734548026,-0.8449380598113474,-0.29420342390538107,-1.5181826227864368,0.9336474673191545,0.4856898422613046,0.6304747178504677,-0.046654918874550255,1.2390997830646067,-1.11500775828412,-0.2071553664284105,-0.7640104814777946,0.49997616480198737,0.1115354244570776,0.5076773500534937,-0.20297791036794685,-0.3802566155928773,0.2659792783674057,0.1604474666624539,-0.3985501716048322,0.533795485968643,0
-3.9075603662528597,1.802072545519948,-0.9639166700022873,-1.3671322358128235,-0.8606815588537855,1.0046777029371476,-1.8131660878306022,0.6792151917995086,-0.04422405749086924,-0.33305964894195006,0.6777560694053085,0.6053748961793093,-1.7530756659552267,-0.7134831474466519,1.1006271237580527,0.9143237655102007,0.24700727345786216,0.27018270987428517,-0.554368545523772,-1.3331019019148889,-0.11803945547458872,0.6081613801204273,-0.6580304046387707,-0.30790130566086327,-0.03872473215693752,-0.18853044648734882,-0.07068620469850716,0.5997345559602277,0.5252382352611635,-0.48154367644510354,3
-3.5543284347882107,0.5738754702642943,1.1376120531029177,0.1517514081855517,-1.4181699869499664,-0.5103859182131117,0.4573823967788365,0.2956223523413698,0.24981084526209746,-2.339512777282039,0.6496115762142389,0.022716086109001977,-0.29167020637860186,-0.5843201085077181,0.4909589211831805,0.5226859703254014,0.5867657701404464,-0.6914727878818313,-0.24789392182765363,-0.4608690534122895,-0.17649224467441002,1.1189821897047054,0.2722417229458247,-0.02833484445765701,-0.2152945724017238,-0.04798253302266426,0.0257349828629784,0.6742845144534969,-0.32842781360158313,-0.33512379135413234,2
-1.6628160473474203,-1.6897856114393042,1.44220506344903,-4.155568825004116,2.525578816496162,-1.4371049163279237,2.051457840889908,4.117207640214878,-0.542998447180675,2.200882863179914,-3.4462420169769605,1.4643607678493218,1.2752146806883693,0.038907028830355336,3.858419650016819,1.0297995469738395,-0.17472060260977565,0.04173666061183548,-0.7689377803013286,-0.42270273419973564,0.8467553558993297,1.5562282764509805,-1.3204362956442761,2.2423484896754435,0.9693578603360727,0.4551599672718685,-0.3883528194085957,0.3339176158640321,0.07910125323910011,2.1435381192598,2
-2.6945492984687407,1.4129258604363415,-0.5173227091003988,2.7234026385633596,1.098487776308301,2.264794459400435,-3.698801845629443,-0.321705024611075,-0.5068994942317055,0.6135704240983721,-0.6710552026914327,0.9665758072001263,0.21792154700055946,-0.6950312936783031,1.4343153291601982,-0.3757942701061666,0.5870315627027319,-0.2573326648634088,-0.20710467214621486,-0.016659518396155266,-0.3875818393132304,0.005842190073077667,-0.2562081347508739,0.167412413617674,0.55396797152533,-0.5544650302488752,-0.0212089698732552,0.7322042023627754,-0.0785230161759188,-0.11749737911029756,5
1.3516584744658042,-3.9440467056044892,1.0289981133734039,-0.40346673391077165,1.2316467999793128,-1.6797293851867436,0.2473104240867463,-2.2248852358680504,1.4376300232092727,-0.009585338973673155,0.4903918102880297,-0.4715406152053117,0.7619974651322672,-1.115432597344482,1.0138188081997856,-0.729542382066132,0.41517392835593564,-0.6664432028994465,0.15440528893761707,1.161440941863768,-0.5996691660286524,-0.661132673639766,-0.024300217292128314,-0.2443194195499463,-0.03586425223423715,-0.748404545186141,-0.297305204394973,-0.5227857252718829,0.17131490363622445,0.5721456884104897,6
-3.7481039661023923,-0.8694500213359858,-3.311712121838293,-0.7527422012970434,-0.7824791423503806,0.664148819305859,0.3287325030411774,-0.8595694479752987,-1.420168932228484,0.617983811418448,1.5503975044282239,0.24017192639769616,1.1709076507255936,1.0855254727707717,-0.9146259454579658,-0.36263532719396063,-0.7624610991241264,0.5911725024273143,0.1842416923171899,-0.5850015906982896,-0.5877484392505408,-0.5865845474027555,-0.7514650843997701,-0.909037115116699,-0.07470911198007284,-0.03871374623896993,0.12204987146937793,-0.43420029531225285,0.7205311227871758,1.5757279252544796,9
-1.2451412195478742,1.4860067864401496,-4.38842953020414,-0.5209943554531749,-0.5480515233726043,0.11202012353208127,-0.8810147155923795,0.5823185534749135,-0.9728026800902188,-0.055704506444959064,0.7673604459603398,-0.004851276548341404,0.011907811619407464,1.365293431437726,-0.6080129170784395,0.8027559222605224,0.3266298053152635,-0.6510660096391666,0.1901515959238979,-0.6230156819961129,0.10777381046102714,-0.124001877175838,-0.3419130264996453,-0.8573174727746812,0.8729851086919741,0.39204065317740017,0.3141075102103765,1.0222528363374948,0.9106070099263369,-0.37718064284104846,9
3.2407238452618596,-0.16193811430468194,0.9774122152448915,4.010351322891778,1.7912638444893234,-2.3820117401850305,-0.5275263422260947,1.624806747095008,-1.4959301150680138,0.7476546811266926,0.6469270895798406,0.551177757880316,-1.2602100506434737,0.28322351104990134,-0.3252624273520703,-1.1527955199005209,-1.6729999469093917,0.9550745698113057,1.1594343582151179,-0.9804200363699408,-0.5560754704498574,0.33893099078385974,-0.13220605104950667,0.5778117573734076,0.01215718368516633,0.8632338935891012,0.853354767340127,-0.4621607542015697,-0.35359362123276805,-0.030361488344433477,4
1.3491233701458447,-0.25694317179516246,5.1204858205912425,0.1739995676613933,-0.8923945861716283,0.014372606254960799,-0.6887247950654087,-0.30470583513942956,-0.7349921170550947,-1.844506533362581,0.07152243919742869,1.0231972355106609,0.2921403043481109,-0.17215936921024333,-0.555734726795,0.7195755814540514,1.0220245098908642,-1.0217305417465452,0.25621839990407247,-0.4273161191841966,0.2364798514548121,-0.5546160943816671,-0.8976354922038204,-0.2506201562387649,-0.7833164644645355,0.9842331055864223,-0.010021207173274487,0.022376542757273424,-0.4034442869921201,0.45607588464109766,1
-2.3746560547650235,0.7042101579483362,0.641187958429929,7.350111574658439,0.6811035358753104,1.797000508664227,-1.0303523231570777,0.4912309894283963,-1.444557770478123,2.2937915642426225,-0.5456230759067184,-3.4362081709563363,2.14263007210737,-1.1328821509138105,1.709149058270831,0.33589630605864235,0.7621854994713056,-1.3899925686810148,-0.39577555871174014,-1.231869531940703,0.8785053571562879,-0.5565652795171538,-1.106054187738575,-0.18467894724041398,-0.30116966060177996,1.3147879008838859,0.7286685636016094,0.6338952385299514,-1.2602113987296408,-0.004588346318912644,5
7.990193434695091,5.244098466913343,-1.549127573188874,-0.9557365916707137,9.34428798433916,7.1976838996298165,6.0091343347274435,-1.7784121702932456,-9.067262502510284,-4.262605930610324,10.375990373651359,3.663327332235738,-2.65566796512455,0.7397449476335838,6.6272284803157735,-5.886013280879414,2.7608743496504835,0.27048622732466127,-5.963033221253181,3.027639776250332,7.983282938845126,0.6502314290066915,2.0384004312906687,-1.0344437619674467,0.052061848915525205,-0.4532894835891623,-1.1738871531453656,-0.7587658323629463,-1.116327546016128,0.2789708607230218,4
-5.4727140108673575,-1.130200989430752,2.0863246197997927,1.7827559928627472,-1.943633082692365,2.1198450087624754,3.041339447508905,-0.5550533474829619,-0.9406395124981087,0.21149231319793746,0.3228867903840919,-2.174072208003961,0.706419429353124,0.752655311642825,0.35603025057964405,0.019957709249842075,0.4555840294572624,0.1984776327829405,-1.0818836292478486,0.408745859433019,-1.2412590992209596,-0.528779676782024,-0.0032421183071982998,0.11136526282023801,-0.56126299837948,0.26094302328951474,0.9179348409667196,-0.7936516001700504,-1.0903189764225902,0.503106606150678,2
-3.6116635771587204,-0.9531304667526349,-3.840132676886905,-2.093834656043128,-0.3292154114833471,-1.070078675649675,1.724728589013241,0.1238909131277305,0.9627325921630502,0.25741966054756177,-0.2511893760315518,0.7649693959325068,1.0428048408191972,-1.2153438325221626,0.7853415288589292,0.10559060550892425,0.21073917383671234,0.198273207812139,-0.710698350872636,0.46920736423192105,0.18468959592938922,-1.1077564350143554,0.6115605477391062,-1.044612095324425,-0.5682230671455966,0.2619277220194479,-0.969261123409643,-0.8512201791933147,0.09412125029624867,0.700002188493123,3
2.1957729183622585,-3.42095809358149,-0.21482560685324867,-0.7989508310108945,0.05725321975762896,-0.18677737883720558,-1.103173746946273,-1.3423181708896548,0.34541991685903156,-0.4765435381546687,0.6613775709543979,-0.1795739968635642,2.6854835351250115,0.436113761099616,-0.7122687111560607,-1.0649299346438803,0.27570256345960203,0.08649088211654776,-1.0350617595684273,1.3425284729703744,-0.8939614682526089,-0.6724193547303229,0.02789528516502852,-0.5889198826980611,0.19710721315618546,0.89047167359305,-0.354236871227535,-0.17655502465969156,-1.1610940515310673,-0.27436955185290235,6
4.609464016902093,1.628952973158665,0.9981905578326458,1.2023558896145303,2.1993392208719316,-0.4932331830802974,-0.1960711613411181,0.69829355760695,-1.9473768268400393,0.38216831675531954,1.4089955595409787,-0.003780990422632168,-1.5113824252449126,1.6108649664558015,1.1295306951908641,-1.30595775082518,-0.21603829630991084,-0.5122978845684815,1.8663782586419195,-1.330409969836525,-0.9485161985508986,-0.9393519697635091,0.5185052899413519,0.78726305009615,-0.6692442069667457,0.602512401884869,-0.28967068279769337,-0.874306924909823,-0.5390475646149298,0.39718242787842123,4
0.1986849552328982,0.26538264179014287,1.5293376149257094,0.7383248056310395,-2.522725942947245,1.4304755029866303,0.8301324593106001,0.7418068181853167,0.9067115549278216,-2.7728333436374717,-0.35363961790357723,1.160630898449138,-0.8142274220187088,1.5253944727676136,0.6474245123295505,-0.11427964264878022,-0.008489147363073582,2.029191404670044,-0.9024263426115097,-0.1700229684462156,-1.074328136239212,-0.3084129482683429,-0.03948546199115979,0.5015914954348508,-0.3228351772437743,-0.23652844554968877,-0.2605581552705287,-0.009330444156797513,0.553372207088931,0.9576082189885736,8
-1.5692302991874039,0.14117083228483296,-2.8865630928226214,0.26110325686808933,0.9641633218687646,1.3932668524196654,-2.2168730505788354,-0.5531894084867318,0.8007741207738126,-0.1002503266920877,-0.7834442928237575,1.418003383868733,-0.6277123921513947,-0.04040804809991207,-1.224099772202024,0.09893203498026387,0.3723907971421314,0.01594483695761297,-0.536149405548824,0.32872536777723665,0.3299082615368071,0.14428258839771532,0.7850482299484498,0.3610553310796809,0.7995016742212735,-0.2206799105056441,0.18114261637086404,-0.34721145275781423,-1.1337292246598734,-0.5213556960399348,5
-2.0846121642346316,0.3178710691677932,-2.787512660038656,-1.8933993211667393,0.02091821600937151,0.8932723719748266,-0.9945811386614576,-0.3827331672368437,0.28207350263330144,-0.9237504646024489,-0.3285624476922772,2.0497907925410086,-0.8514933073013993,0.793759420506251,-0.016751901562342453,-0.9352227174131755,-0.20282356849243982,0.6523020922808658,0.4032183235752164,0.14304941312353092,-0.5843106403265808,-0.6601884591378864,-1.2635120649620073,-0.22471640757025713,-0.34635488538280323,-0.8422321929603259,-0.5007236462994397,-0.2248053131371769,-0.5694592854274775,-0.9785411682707118,9
-1.1629019979165014,1.0524003304792036,-2.0479487577804236,1.728533748491203,0.988242592511536,1.4027696583737255,-4.539840921692497,0.10505710726602453,-0.4563165372283311,0.966106690218241,0.7221995763752845,0.9744346647774718,-0.5569682520491624,-0.07983869927726421,0.9509815263277388,0.36514490041380826,0.4887757296930254,0.1785688045299738,-0.9015206275020042,-0.859787601148691,-0.4942807802957752,-0.12306892928045488,-0.7554390753208744,0.3593018717803409,0.3274661862675809,0.5838310164328575,0.712847565296995,0.6195656625427506,-0.47987390812516445,0.2801844282385376,5
2.1268996660926933,4.954979495356391,0.138749384222121,-1.2480650494497558,0.04715001180550333,-2.421317430518491,1.269533514030369,0.01171888391248718,0.10965576220877424,1.6597900138276673,-0.7613301032828435,-0.7209104707023379,0.25623465178301363,0.6680940360704754,0.15703986368078712,-0.31791728254296897,-0.0151831937269968,-0.6812793297594334,1.3147145322021359,0.9330107914382685,0.21156892154778031,0.023894577682774674,1.5893637618044234,-0.27663732717354506,-0.9965244574500783,-0.04555253008853255,0.9223780854387001,0.5183880202165945,0.6071606794754532,0.20798481553852735,7
-0.5163370895750334,1.3120112183261443,3.0921822636294554,-1.2761185478264818,-0.8224372593417316,0.050040349045833335,0.5642613618726545,0.5626983382884196,0.6502226003733761,-1.650647570830794,-0.692845112223735,0.48627492749701867,-1.0267810021662986,-0.5855385753250782,0.4494240131009854,-0.29651620315643323,-1.0944569074653505,0.889500058546198,1.2593453399633308,-0.6180913077697783,0.7502146865097132,0.45695148915300215,0.33973494750253097,-0.5603891595198758,0.756347988121141,0.5656345112488543,-0.2897951438342233,0.26402623404805775,-0.42521042329488445,-0.7181987154196768,8
-1.166079607408728,-0.8588519565646315,-2.1679537404249043,-1.3235836700884192,-0.29936607040430946,-0.457952388021696,-1.1501719941878312,0.32661521162579105,-0.7208485996979281,-0.8412605982854667,0.8803788803214166,1.1095332959685826,1.938723177628005,-0.7616416418658313,-0.31386172956238856,-1.1783108412177956,-0.49308055894829966,0.26779430783130165,0.10951961325827142,0.5858149078881558,-0.7002699166182612,0.07370697899042261,0.4972328540139775,0.02009674831539049,0.38012696816538155,0.2744549549685696,0.19933858225509493,-0.029615213545066462,0.20305832833429396,0.5790770115390588,9
5.341661930909445,-0.6026136859128343,1.5467323907769934,2.044846912827602,-1.3325867099566027,-1.5700707170487023,0.3641383663594151,1.458417531951616,-1.4488188944815124,1.3815541486226324,-0.11024675940476297,0.8395878779243243,-0.8572351840260038,-0.754921761208945,-0.3822116903528399,0.3075323614060575,-1.4157795440939747,2.2941248953038844,-0.5042301280600253,-1.1981551952688532,0.14886386645462524,-1.1608464049108418,-0.5782978628534402,-1.2294081179284488,-1.1147893407700895,0.6211055075028389,-0.029453741479586713,0.4002583525481394,-0.5590549673069127,-0.42546382755798623,4
-1.2037899687879898,-1.0010304757511868,1.1119555531282814,-2.1657584814775808,-0.2193737349996912,-0.593090786438609,0.2508583519199483,-0.7685465526549714,1.8350932782176246,-1.0898975776762863,0.936390522820231,-0.8865017451694888,-0.6665589101305154,1.8610596519158693,0.3164760721044127,-0.6886336315489385,0.053658184558511034,0.3373481867207187,-0.3167862129892368,0.048670734549840354,-0.2789586401503199,-0.8149623322725009,-1.2344042897569565,0.129983158971084,-0.34597118295967805,-0.5949754748423269,-0.3537169658029827,0.19689798888231325,-0.431842843384833,-1.3699319356334667,8
-0.5971552536417808,0.0280105405962584,5.144349388722762,-1.3884064772337408,-0.021114245793592983,0.2650068214962791,-0.4154884365539975,-0.012222078749089748,-0.50146249443766,-1.5313802738564506,0.08758926012498625,1.0811419418103867,-0.22335900906108166,-0.8755380491347657,-0.49073889173182994,0.36883849353866566,0.7056652935902087,-1.4030087162933171,1.4809722961187364,-0.8594138672289252,0.8262812919518292,-1.069439320553774,0.2279584444006089,-0.1491681828286956,-0.3731283524807009,0.8330093057050559,0.7971748211336929,-0.02254371650605389,0.42735497430990305,-0.33128776313404673,1
-1.9380691891095103,2.517212444267183,-0.5290700465564361,3.6293603124941147,1.5296263912729164,1.8094174242346628,-3.0117542827776984,-0.8189868025505095,-0.06808595894343662,1.7624223448462857,-1.655200595828919,1.3717187448789954,0.5693868934718055,-0.5914309655713106,0.4142691768258758,-0.7071781943589202,-0.06389859700102406,0.7085474054346805,-0.6905043385798711,0.9046727048298226,-0.1969535220286576,-0.17372027880604676,-0.22861835170452388,-0.17675372169995204,1.2711857657306673,0.4160467122223762,-0.2439915014393492,-0.6274784783865687,-0.9590879410121009,-0.42455369134083865,5
6.12269065979473,0.7920458520346775,0.35794950126738084,1.7686103695497601,-0.6797382065527839,1.4799296587939852,1.8894422068646672,1.5964537192272406,1.9177893660068197,0.4906713835959154,-0.9612330508540871,-1.6216729648687151,0.10282591062066096,-0.3678460650010696,0.07873620560959473,0.5111707034044073,-1.429802306460287,2.8008490230821237,-0.9332438741669068,-1.0746317941529697,-0.04556979128520756,-1.1424495473291698,1.3374661410851296,-0.7343145946030095,0.7014788219718859,1.2054144318418183,-0.1495698761263871,0.2328241197122452,-1.0584582076414957,1.1216339291274982,4
5.040571267073427,0.09213807748000219,0.6653056528673639,1.2011070811945748,0.3258230669967719,-0.6650331680763719,-0.6994829738150321,0.5299878626363472,-1.3339445250668605,0.658362440140751,-0.41984330806869546,0.15534187670065178,-0.664448792193586,-0.3879679940026042,0.9931901047767989,-0.35075918890731717,-0.18395062949868415,-0.3270322588940005,1.339975736579288,-0.18605389571393394,-0.5772278825680118,-0.6714868276893138,-0.5840250105762977,0.08328090042524769,0.13071895918909748,-1.0854008614730977,0.8205412827804242,-0.1677308654151693,-0.14454500100346232,0.5949549640683199,4
-0.5068735907461663,-0.13194126292682365,-3.2550140413199644,-0.7414895362596181,-0.5005092781167254,0.011998312348671433,-0.5457319606317498,0.9800947417175275,-1.6816385660127882,-1.3778881720403402,0.2708063372325231,1.5719845779361754,0.4172345946159362,0.37275259145152717,-0.7705359910316707,-1.1653833828306712,-1.1713929738118534,0.974534680019679,1.1940888324865475,-0.049067183838293234,-0.8030861336783354,1.0132429158095713,0.6242912400593168,0.07498000597825433,-0.4919928592560553,-0.017025163512291684,0.5601547666969375,0.17197171059452973,0.6797208778253306,0.0031031524901748457,9
1.1863006779723613,-4.310229754234169,-0.9562722738892196,1.0540143523763927,1.2714282237950938,-0.7312755774339809,-0.08387639374330434,-2.0206058860605407,0.6941768987448325,0.4065563382516555,0.43415275354649235,0.5135189716443689,-1.6773084957220314,-0.10729530408794076,-0.786778673164654,-0.14607301134459835,-0.9519400521742987,0.9767927040126293,0.4718270541374658,-0.3542334623704747,0.20846821685025643,0.6456167973463974,0.0565329141767654,0.26439635859655297,-0.7177988798508289,0.71696694983455,-0.32938490763167955,0.15807509511232953,-0.7443580103629786,0.41176962542760903,6
0.0155695007483918,0.47302118109736724,4.12635336214944,-0.2489386389208127,-2.6221355255847922,-0.3001925575587563,1.4093701127077831,-0.2738543692361233,0.4747665188484856,-2.4244239183659815,0.3337339557843538,0.6325209488748104,0.6969319128460084,0.8609736378917119,-0.41567930022734106,0.3559061213330463,0.6773123295066014,0.09880105275124862,-0.4077581984332934,0.16132089974281194,0.03903807652079092,-1.2282417968262238,-0.27831254956317236,0.40728595880134444,-0.03555339941246588,0.7484444523934005,0.14868825490134815,0.42117174521633843,-0.359258912792668,0.7064475233660573,1
-2.6084620202336137,0.37261906869697514,-0.349481313822519,0.10098380339912927,-2.083845566697966,1.7303846373086946,1.6403467990984402,-1.2912730490224398,-1.1161539507897098,0.21766974290306607,0.2194507622540304,0.5781063868745966,-2.2679110135640568,1.1973274550274249,-0.6152716494775692,-0.2320410126003541,-0.7773285054849202,1.438791048216371,0.36268824276948763,-0.5028578292469744,-1.1983905137307382,0.9341331171445955,0.32496589663039416,0.9647032331238258,-0.19919658357719947,-1.2001472850544392,1.2570802128766645,-0.2327941629691075,0.55012355684671,-0.5467337008783386,8
1.478884513925364,-4.491670888453588,0.054447235685990004,-0.2701598251995462,1.01365913400698,-0.7422649306083248,0.16106125005047717,-2.668998184505263,1.3685592657633308,0.06930570685918497,0.5755388464180857,-0.5600561911129994,-0.5617374283385392,-0.31760981250560694,0.1516370788169005,-0.35406763393801766,0.14454856768810243,-0.2587503991921983,0.0715073098884815,0.6715980618663282,-0.37149333906283855,-0.014531634653344123,-0.29938274746959953,0.8421240789855143,-0.7897386563259927,-0.37113191275088836,-0.4596523474232551,-0.08057916318378489,-0.39374242769624856,0.7731983164524495,6
2.6530310977702514,-2.4620362193258276,-2.4722337157109706,1.1972737077020164,-0.8000072827449557,-0.7453844803777792,0.504494971204303,1.7446308934982888,-0.7642072641419788,-2.381171370474758,-0.7905186403257877,0.05329109987583711,1.7176262153620445,-1.003858906225863,0.9320306240547547,-0.6051663462900233,-0.23084583664538805,-0.08931491789512522,0.48285078909477025,0.6096310196217894,-0.5827218160714586,0.6154420257645747,-0.5526724182004339,-0.9252033499900163,0.5324391070929838,0.189332514520638,0.029878908356114436,-0.516209869980122,0.4488011548619383,0.19566079329092706,0
4.534545949540924,1.5418083202891708,0.089111068893778,0.35195192575177087,1.9974502685553872,0.7745914038656413,-0.8488595832398489,0.4288418467564909,-2.569225760199619,0.3931005857457551,0.8725401808636524,0.8609988947689835,-1.6480970570778617,1.4996563814192063,1.1149444437225395,-0.9833537384978911,0.2061712552094918,-0.6358071205428587,2.0119452008002625,-0.8302520110489775,-1.207967618441303,-1.102838091039904,0.728364688066655,1.0185152278360379,-0.45334528171683103,0.34771579318752366,-0.16592001782754207,-0.5215281074116099,-0.8047721592030745,0.814154573369357,4
-0.12219522861942803,1.585367639988743,1.02585774776207,4.52470814116216,2.0379435623253976,-0.3857507343988959,-2.604871457064543,0.7440121952605078,0.778878756997164,0.18228231475210374,-0.35989900286102877,-0.8958225008902909,-0.025988607578451273,-0.38829425506104054,0.5928471730660405,0.9750277411797844,1.302068256607479,-1.242823149727686,-1.3216896908367353,-0.5710986098822627,-0.06105328290904318,1.1665369210675316,0.8671224715284367,-0.4181535863874382,-1.294054750101825,0.16015130728063087,0.8232888355643684,-1.1516178912997128,-0.04485839614341076,0.6463089101671672,5
-5.08849638398369,-0.8327390786258321,1.3822640660283956,1.1442547870840831,-0.0028788312307171018,-0.3757275929606759,0.25635318159032516,1.0091676282011914,-0.13397535206320735,-1.6717044443340283,1.7799507014240932,-1.173242172251859,1.0514706294764005,-0.4747930380698968,0.6966140222471499,-0.21434614921267464,0.1332942258679742,-0.25095297748281886,-0.8216137657654987,-0.7931042803127782,-1.3374953037106094,0.5156939803466206,0.9053775547452694,-0.7620387255151253,-0.21460690626844342,0.08464564108432604,0.5804890795794116,-0.5452940619771174,-0.899856677155089,-0.38532867512168245,2
0.18349614062552547,4.453430337011243,0.32076064877872024,1.2332516135730558,-0.9743363703080979,-3.3917057092027814,1.6917346710049361,-0.6033820168515689,-0.16178701121564745,0.9946780269082012,0.16489661092858,0.17637286405170022,0.08875044516726754,1.6495216450826504,-0.35378873153294377,-0.5767826564218244,-0.06549378394368563,-0.06456190053392102,-0.6755189570720036,1.5248734649227818,-1.2762183202979063,0.9201453949499373,-0.12301646178825545,-0.37878689481250355,0.37705673918070787,1.5925722132768116,-0.06490235093987765,-0.7780027959174258,-0.6277858009915889,-0.3799957305247634,7
3.850951395064017,0.15334641965786125,1.734719946696755,-3.2042280442646374,-3.5923668479616837,1.6065052252137446,-1.2520568497970417,-1.4666467380697572,-1.3273922641558142,1.3884116934220663,-0.21335035532666033,-0.4984841036384232,0.7029210655139914,-0.862715234672166,-0.24544864173551245,0.9250630178614807,0.10847030470509773,0.7929578432500937,-1.4232950303531897,0.05581067727520345,-0.37595901770108003,0.42660099673978435,0.29170292160378664,-1.2309730406907244,-0.07113533389140363,-0.5026901030576543,0.1775790681579482,0.07252136631872173,0.5342643934646892,-0.4673445793265796,4
2.269258430877201,-3.5146967677579797,0.9512780325144589,0.24955463282469634,0.6317180194436074,-0.10037926719754495,-1.5522385945016572,-1.2188338737041458,1.5873966962403727,-0.5139911649994295,0.7506105931213618,-1.442056400874841,0.2902596972031833,-0.3680586797300104,1.0312242784935832,-0.7512894948915972,0.5647143994910381,-0.2966324279400056,-1.1928638115526085,0.6027067685453984,-1.0131457702003015,0.40661235353829317,-0.5561445576330103,0.8889973550893807,-0.5327132114257931,0.02357257264032847,0.028375339289840706,-0.027925862498670715,-0.03722352963940191,-0.8790273236819217,6
6.652103361032557,-0.8369425560677621,-0.4879480893325201,-0.7970376280455103,-1.984054409634284,1.9175070503733236,0.2208918684462688,0.06707176262640849,-2.3941965416750706,1.0273356347084073,-0.6771780571315729,-1.6447645649558718,-0.4033224009372922,0.1630075696256607,0.7830725047278843,1.0458824715229345,0.685813172835686,-0.8862074337525724,0.3546738211859979,-0.25772330495899864,-1.3217628111127193,-0.015198905059360914,0.04801200261873317,-1.3240872825896195,0.5510336683821386,-0.43164086389594036,0.9365966645552104,0.44816321548003174,0.1841181357549843,-0.7025315995709305,4
-5.033185048550728,2.4735906105170327,1.7077307383617029,7.761109656558842,-0.2999060866743415,4.560025762615391,1.5794036232170332,-4.665884184543861,-0.9766179398033544,2.985677780680681,-2.839267572491216,-4.145341903176506,5.3996733166746305,1.5879616294109364,1.0841358618852768,-3.2116515289179226,-0.2792740060262075,-0.16252656165197987,1.4845477115249355,1.621935824885451,0.8274567645926455,-0.9619206012861113,-2.022467419081983,1.0572614732560008,-1.4945893450371894,-0.8071343545418569,-1.1004466320990451,1.964012963211051,0.1399384549703689,-1.3260467532369598,5
1.2264285985251,-4.3278342259867,1.2340148578788985,0.45538959043647137,1.370090158876019,-0.13499300918423046,0.30338295629485923,-1.8347349879010881,1.4129584504528043,-0.6908361448488181,-0.24749585791067003,-0.626622905754202,-1.3347774877779603,0.09668051846323346,-0.04833758461370715,0.028921189185788912,-0.2704997471115504,-0.39581250961312675,1.0601712975175208,-0.10087341043609512,0.5894796614113856,0.35557650867969376,-0.8763229365364354,-0.17204074420382204,0.4087442791851276,-0.5003630955546724,-0.41812638874396585,0.03261797582575448,0.20028155278140514,0.21325754224277105,6
2.076908589198295,-0.5935112859735822,-1.2473733756691203,0.2747791327332578,-1.1480706731571582,0.03706994972865426,0.45602674773175184,0.9885540867339146,-0.2037964982993515,-2.985838571152202,-1.6741801365651736,0.6356121436503192,0.330384157258457,0.5581023385839626,0.8555107423835219,-0.4922698858138336,0.17592993911503324,-0.39661035756156504,1.209976294727478,1.3296417279327837,-0.33611704540910536,0.4790124323373316,-1.2571592535701765,0.06448841951124035,0.8135928054988236,-1.1373037969678288,0.20433632096618612,0.4408506488039909,0.022500094756722423,0.4866054915662207,0
-2.323753882375942,0.8880508390231553,-3.1482707017872613,-1.696068950035658,-1.2855446849999577,-0.1529054448516293,-0.13469781824948732,0.35654548758246174,0.28382599844635614,-0.6379052881771409,-1.099796223270579,1.9014372472261232,-0.333199172462877,-1.4805108831193108,0.292023879004986,0.18909465012443805,0.5691070876189224,0.07273723244163277,-0.35953869961796764,0.6019939432890152,0.45193585336266207,-0.5848429147886266,0.2503234783270966,-0.0781932503284592,-0.22970204572422298,-0.39287916613307833,-0.4687333107619109,0.02662755685659193,-0.5193010596915902,-1.2407345207964293,3
-5.357991092497421,-1.0630889015075748,2.245809428833471,1.04315980430705,-0.488597336947003,1.0520079817170507,1.6808444725032845,-1.1018705566275127,-1.3881923086109451,-0.09506631253027778,0.5311372728130819,-1.2318359981362832,-0.13648457346373333,-0.19891780079984656,-0.4037299746046685,0.7199817768961013,0.758957327350444,-1.4290658444310524,0.049494338606361106,-0.28057669780191413,-0.7224876711399943,0.16630270625257854,0.060591613829571636,-0.8641479435762877,-0.28411463281393573,-0.2618200826867121,0.9035931949636891,-0.40128563626288943,-1.068089668478178,-0.621095330657331,2
-3.3704713553682706,1.2193297828492755,0.21684422683586949,-1.7340069724354752,-1.3118746421740446,1.148540164284018,-0.00462424315294297,0.3736043307771754,-0.5564866118347963,-0.232419553983685,-0.3006303448162035,0.4279253356232818,-2.2323217552812182,-0.675406019143172,0.5816279212553966,0.6779719385636956,0.10238617443248817,-0.31277482689891334,0.35730468706005397,-1.1594251768415607,0.7367505146567567,0.4948528406670201,-1.2998216555860613,0.20142956613508878,-0.4736401141687491,0.5825685293084902,-0.2047653188630613,-0.36850703801574997,0.01387787060941273,-0.5791256759750727,3
1.2263832345866712,-4.715851506718762,1.676539760718544,-0.7379580271579552,0.9764138342515624,-0.3512479493299867,-0.02236622789881484,-2.2385913211667647,1.3638355704994087,-0.9630020165689467,0.16672428180242388,-0.17298506307407305,0.5502120998643707,-0.7675912454741037,0.9976950038258776,-0.4194324576858051,0.6462995917345464,-0.6190101819275681,-0.005093849586436954,1.1712696998710694,-0.9661468996891937,-0.31815356207070217,-0.694984885210077,-0.5899573581081199,0.018379664995406126,-0.12854114776813863,-0.38701693398244585,-0.24317887519777545,0.34143701815040534,0.35057629307556354,6
-1.0814787765553608,1.7899755141815032,1.8367126235755704,0.39679126252632096,-1.7684923149929022,-3.4996908323458658,1.8622157791800937,-0.4010242652133367,-0.737453062514213,0.6100779878332672,0.9265475803316312,0.2047288067265382,0.4693995005840142,-1.629481746895872,-0.6500072962978577,-0.05019274017200474,-0.098525423040452,-0.1108986733374361,-0.5341468227011414,0.6778286898616678,-0.17623438543786735,0.19548804978619097,1.2113300153964652,0.8884638839877929,0.05190138226376429,-1.080453294728694,-0.24298362356405154,0.835862588517556,-0.020666450737129652,-0.6504757704602838,7
1.1530475191000618,-0.058163445748508985,-2.306774193235278,-4.029671170820663,-0.16528363332182286,1.4059675189205518,-2.5311357745496075,1.323859802972101,0.07318253175172203,1.0979936846283633,0.27705687199746293,-2.522326503007619,2.2028510286156093,-0.7497913724459241,-0.9550795913034343,-1.390753257488771,-1.1398727745284463,0.25279606292148893,-0.44452022485004583,-0.3260264025983614,0.9864947883093942,0.6793246345532632,0.5137481854539009,0.6738544921832698,-0.2743417115393504,-1.4932289974568147,-0.19973466595386338,-0.40662382810173686,0.7291575079406017,-0.6940487771578062,1
-1.3540523720789042,-1.973204430442798,-3.486304342997513,-0.2636917826787609,0.7500711667874338,0.1369717366979164,-0.9330788437712598,-0.6891616359279911,-0.5095008611839508,0.7152101163380691,0.5956462480878898,0.9393070850638287,-0.17642966135790425,0.39492113270947055,-2.0216993571864843,0.23082724942600985,0.3510357500784248,-0.5439582918570753,-0.36021943759891,-0.3425879739054529,0.3542588101195933,-1.0137555155658688,-0.062249424211783075,0.0138966826252229,0.015298383871523873,-0.23987479491245003,0.18867149625650273,-1.0061201276429113,-0.4860096033283454,-0.26477184732068243,5
-2.21947760527549,-3.1084078034313376,3.7171170548247723,-2.3579402396498508,3.9623524993857604,1.4985648305668604,0.36601971924178894,2.5141871814881593,-0.29935760886138557,1.082663418627218,-1.9188217904684208,-0.2385423490590905,-2.8696930727251657,1.785634017784866,-1.3989796568980188,0.2996169038672247,-0.004205263034205482,-0.6738597055772325,0.43676169067801607,1.4861654324120839,0.20021941278341407,-0.9127320059040761,-0.35676497943698526,-1.2472770195566667,-0.6048392289749412,0.21480534085337116,0.34247605714115326,0.7622918998834612,0.26335701483999946,-1.1248769066882267,1
5.476768465632328,-0.3464498701162517,2.438504860726167,-0.36583167874722916,-3.342581984895382,1.086807281158283,-0.8771535651997111,-0.1569013400839319,-2.0179017399354957,1.47857169247451,0.028563751720232834,-0.019324381475706875,1.086977146779116,-1.0702425078387439,-0.8737038427196042,1.3054820621678187,0.30833349004515387,1.0484776781486969,-2.075049812785331,-0.5675023324977903,-0.3887310022276115,-0.9736180729139221,0.860836850754281,-1.1183285547249633,-0.9234819943345137,-0.3273563512654237,-0.028555122179781876,-0.004477180340747686,-0.35358792912407017,0.07240246647803185,4
-0.10006044966511078,1.933875646796107,2.1415811589714,1.3598986591623898,-2.168943448890312,-2.823730380068915,1.8817439037159676,-0.4228003444169618,-2.44140454429722,0.7942803049081573,0.2679342411440829,1.5366232846365673,0.18890374315518849,-0.7804103643769653,-0.4831209795620601,-0.19910702755993595,0.07112460589869052,0.006315580930262703,-0.39426144477357605,1.2856344100456731,-1.3999295970539234,0.28619395506214357,-0.33060260539701974,0.16198229988161483,-0.30725196559343715,0.6455369712604062,0.25944205444273777,-0.03557368746655812,-0.44209464154035494,0.04363647739935908,7
1.7500169523986675,-3.2241648339253004,-0.47451218527007344,0.43513059948801186,0.7235974596491519,-1.2451280679125953,-0.7953517661618528,-2.174590330533565,1.0650944807842546,0.49016795592016843,0.9252057015856372,-0.4633720083910776,-0.5859998554655604,-0.9410751946469894,0.7955497848578493,-0.2997128649168291,0.35956477932223924,-0.26853252962119917,-0.23902462158465523,0.412577660490768,-0.41935869100221995,0.06132455979151681,0.18038236629796967,1.077682148013857,-0.5351953776066627,-0.0749331361437489,0.3662413837199171,0.33841967692790614,-0.28541656910448143,-0.2281244429075315,6
-1.2252515178375094,2.180721885814971,0.7890765158421554,2.43000563284266,-1.0896129973154751,1.7551200854451021,0.2376851228010032,-0.282966164679494,1.4540674537345026,0.08557389234119656,-1.4833428651879865,0.42452905765862653,-1.727333743693402,2.253645719043589,-1.2677759722946047,1.6499054589807272,1.0851821344696873,0.6711407219198572,-1.751264149997514,-0.5130130940724865,1.0338825078888263,-0.6107855557025376,0.15296396366752288,-0.48709108823914754,-0.6508430582364221,-0.6815277102999068,-0.8907526918084115,-1.0083042785858252,1.5679335848221119,1.2393278632584774,8
-1.8849600933163344,-0.1457699489388546,3.1407400794516267,-1.9080662329271432,-1.390300744901826,0.34063746894580493,0.1765547612396769,0.06926938840594929,0.7885941144028278,-2.8900876938230016,0.1745144328855935,0.2807660659979995,0.043496997354343925,-0.004949385849794919,0.4290319108924192,-0.02303209061807641,0.6076328497234119,-0.4383805845345057,0.10041402072024481,-0.36550533570363547,0.0516551518972314,-0.2679975818062677,-0.5190144889549724,-0.3809959230208339,-0.524449033445928,0.471031142176624,0.08343284072200348,0.054063197742528,0.19545827104763308,-1.6004025586104442,8
-1.1698137816645173,-0.6550242578307814,-3.7399379914375874,1.5426637854067728,1.6171697638289884,0.0908177554881209,-2.2385344606994386,-1.5897808809472203,0.5330702026954935,0.8679078908395562,-0.6866960619942551,1.9472624143507002,0.8671053768109759,-0.6548096016824483,0.2737009969040924,-0.15599271828012296,0.8211429733087667,0.04609095121171159,-0.6098958652865272,0.9656217440051764,-0.5183444335146978,-0.5310685785210001,0.8601154859474254,-0.7102424958103268,-0.7949986756225658,0.6491179514806906,0.5838903604576825,-0.6278379197450109,0.08916693024254499,-0.5090601133307022,5
0.3024833618656331,0.4206115986485723,1.277377783264611,3.622967592573973,2.249715920478323,-0.7524057105716665,-3.439015237083326,0.43060734091634206,-0.40442034473804694,0.7353476014252789,1.503332603536947,-0.4604901959342976,0.06356172902754863,0.576257219731168,-0.5934439366122398,0.5229160620425907,0.9396348790952368,-1.632651977404014,-0.25189718048420595,-1.2502323630548084,0.6074641522366551,-0.2213565932939417,0.35874239638220556,0.8345588481247569,0.19409447052075504,0.8590579528443003,0.7315796054800012,0.6360593950239523,0.5689441634521317,0.9992259919033313,5
0.5420209026277625,-0.3027612747591408,4.358652827720364,-3.1704293563206756,-1.567986968404297,0.7770058101385935,-0.18429623894188638,-0.2188153648282434,-0.3667506528056513,-0.8031928227457501,0.10146750899501683,-0.5625437698007705,0.4213875675201806,-0.707287444820038,0.024424130773364115,-0.5265847904135567,-0.18953605052691616,-0.2447419760349108,0.08683665781886261,0.6405407220642454,-0.33339437215729084,0.4424294603273468,0.037607289459571376,0.3903693169738213,1.5521622256704035,0.5802381966823035,0.5151207243986433,-0.7343422553281719,-0.17308754686770841,-0.7588738020267749,1
1.9924961371944705,-2.8717267832010047,-2.0253094324657175,2.309779290071907,-0.41594960576189455,0.8610871153462627,0.12847029583108507,-0.17823629789071285,-1.0718245169133997,-0.5757692311378125,-0.9657183461572806,2.658964651297549,-0.9563970507452991,1.074701825113379,-2.0200249065290268,0.0322542630709187,-1.0630757284154408,2.1978408647855114,0.21998345705395644,0.47941225171444546,-0.2968061474414332,-0.1510044724271321,0.5574743907853359,-0.18002513173271614,0.5633885346351756,0.8467430580554959,0.3725127801217463,0.9874838045813996,-1.2212358245812818,-0.13183443212347046,6
-1.0690720865355776,-1.06104945512506,1.9413226229896272,-2.6282337491003647,2.5041208436259206,-0.5989396218746619,0.08814920302453372,3.621352726612944,0.0560223555834442,0.7471170039969186,-0.4620956813773207,-0.7049358758457158,-0.5937594671022922,0.48935227108024315,-0.3682793667185484,-0.8760162187447365,-0.3087496602429015,-0.31888320484705646,0.008498943243563935,0.5521272216852801,0.12294769551273445,-2.052084837161703,-1.09997571673647,-0.26369368988379904,-0.8013752263282549,-1.590100321410842,0.2635949922746524,-0.5034415003867787,-0.03415892880059173,-0.42335744203381365,2
-0.1997227919668159,2.1941693004414873,1.2780057997923064,0.6099158000909494,0.5680616838589266,-0.6527693397762682,-1.0656451167928633,-0.17471746494825727,2.0088401913139102,-1.2052126358840012,0.6196087681615098,-0.626775261961171,-0.35618751557382927,1.9649221860541013,0.6168007654513524,0.45870390734203603,0.28336073066288886,0.07661477781172372,0.270798058212405,-1.265324792322561,0.4179716344809777,-0.7323024273072171,-0.31452336031395994,-1.31084617383569,0.4347950757710498,-0.42467146049267057,0.016615877107871737,0.2691823989513702,-0.030170767746567604,0.5306092254854202,8
-0.5946396763712948,-0.6328502221822719,1.0296560963287316,-0.23614653966532864,-2.4198749340110597,1.897874326012565,0.097607441220463,-0.8076187793416183,0.3995599325445204,-2.0701634725655587,0.08316207305279477,0.9740685039678373,-0.7531245113349818,0.7948166710259452,-0.503042354418182,0.0793803511601197,-0.12819772802694962,1.6831767847579027,-0.9977939900628467,0.23297665658053746,-0.8493379747628015,1.1086641780076192,0.2513868947450001,1.4751057328916048,-1.2755076049658258,-0.18761784709991353,-0.4461022870043365,1.4797047540949437,0.43634277721051357,0.3135889003151369,8
1.0178928581140896,3.516284145438375,0.5717245277909552,-0.27349063394505807,1.1947995886988592,-0.7710264613983284,-2.1636858803662746,0.6048206386183795,0.8357759533276249,0.1632815703360875,0.40163029881741774,0.2931592409301376,0.9724646820537379,1.0326101100396368,-0.9700157575133217,-1.2212079782426042,-1.0005261515269566,0.7761122215320331,0.4932139692387557,-0.470904781341883,0.8246067391364015,-0.283420895983685,0.456586109203178,0.39724509519504403,0.5043001940403655,0.538493523210845,-0.9922575237303697,0.7528130125470898,0.37502996417066303,0.7499137007721635,9
-2.1441645547064034,3.3060894816442508,1.1246999087715759,1.811023975778486,0.7746257921812149,-0.5559388440840276,-3.2510751252595873,1.2311414558623102,0.0682921927076459,-0.30530267365507,1.2309260355433043,0.6127493233031381,1.2624807985991109,0.36119956786447094,-0.2680764504085268,-0.040911383318690174,-0.1795734639886901,0.2512813838776521,-0.9308183600324212,-1.048636412828783,0.42547452378094297,-0.18439059087407367,-0.0031374040926189306,-0.4444803322797147,0.9639110988840283,0.17325088493182986,-1.3983925613064316,0.9009309257146738,1.1574310148507492,0.6175517700852932,9
1.1683600418613675,5.5766477535233205,0.24421021571712334,-0.327467854540971,0.4514848635290188,-2.3358883288508174,1.4264547761842796,-0.44966635629305174,0.496595377611939,1.584815828134793,-0.5844007550259442,-0.3019249475497546,-1.1573095438129348,1.711941975156026,0.7303380016660986,-0.15585414043123322,0.19564193019203385,-0.5810199081876457,1.0152070653570566,0.9551089285821575,-0.5466572345328128,0.14313995355664189,0.4865595188978947,-0.29294106666368,0.7791393020113914,1.1840534215159233,0.32017114057218193,-0.26499465933744937,-0.38067664682599267,0.7354939706912061,7
1.0926885205802521,-3.073085552258813,0.40724984961621963,-0.8474206915894318,0.2858134537018504,-0.941959290034882,1.0755936849719214,-2.4576777535838783,-0.527200358703226,-0.15660430636657968,-0.290299851512534,1.3454534469496033,0.4010625633585592,0.21759370103555506,-1.6398917038280083,0.277049754530131,-0.19124464641646763,-0.6987778553070831,2.081698412712207,0.38594149994924287,1.236466025201197,-0.45149139745126865,-0.10848605742852988,-0.9834945370787751,0.35983605604320534,1.603501748612757,0.26459273366117547,0.5996244503723978,-0.12230262398558979,0.6593944348860377,6
-4.728683441162228,-1.0690708870161258,2.0283226174051423,1.0296458756043623,0.8815818230396139,0.15135911800306434,0.8709408890655969,1.262167188156552,-1.1650309124440457,-0.3051957320677752,0.8892290057593149,-0.9520395462793103,-0.10882608491012571,-1.7110385482744725,-0.3090903891468552,0.25102984548744733,-0.6023335109440159,-0.7201996834334736,0.8160640545713038,-1.1688714354080683,-0.07817075257795258,0.6545271814339212,1.3186585454855944,-0.5818645205558335,0.14376149732136262,-0.1696637513545616,0.745901611264526,0.16185171083331773,-1.2118809898355725,-0.013901875226524646,2
-5.050498081830821,0.2332293124434802,1.2774167608324019,2.1516743414812223,-1.3191059515721975,0.768851462155292,1.6198533464573952,0.5663842739142676,-0.8826580371722298,-0.2633557368661985,0.5149155172137762,-1.4443964253680648,1.300413577264932,-1.6264851175049886,1.3043247510281752,-0.5246343857718415,-0.7019298922796308,-0.00011111386941507402,0.4026387333273798,-0.6804436958696485,-0.09875800308293117,0.6979859167985737,0.6051854685802622,0.2630003184349804,0.9293552564727134,0.13052803868979226,0.23531380501510873,0.07373754709021951,-0.2250712151993396,0.8759271520088511,2
-4.052031459212943,-1.8675750468287189,3.393353827082261,-2.9417215474357374,3.022607861041267,-0.20654321512861984,1.293070777368746,5.038534658476253,-0.9305751668241096,1.405468609228932,-1.5683908345883548,-0.20076641727948513,-0.43815246994110885,0.5925004671029216,0.09484363744690164,-0.3475822506400671,-0.5200151679599798,0.29356711144330105,-2.079027947386784,1.5672291163888583,-1.331177388708283,-0.008657294446705205,-0.2725703693071518,-0.4496714429360133,-0.322114864660226,-1.247974013497603,-0.624784007593377,-0.4640265731325588,-0.06586753478639401,-0.14962871446333403,2
-2.498748308054156,-0.655072953970854,-1.5319536690536029,-1.1068953415439393,-2.6693451122037737,1.2635839269080122,2.123889782710779,-0.9305674341902017,1.63266145275207,0.6625141543503625,0.47999421866020775,0.8353710824817251,-2.2839076094919704,0.059466674619829074,0.18861537853101848,0.6079457190844925,0.5806936342266761,1.2147753060420619,-1.083178135388016,0.30185719168537706,0.08753245229488447,-1.8237345639095537,1.2170860597094921,2.239572636370772,0.5902168751765321,0.858664770184989,1.876923341448878,-0.4595178080785269,1.6578098209730403,0.8079351096076609,3
3.7371517172778,-1.535233305573344,1.4421653508033199,4.296619195923024,0.6992458867324952,-1.8739517990471615,0.2240045995059394,0.7624204814544264,-0.932351505129536,0.9269746216512266,-0.8398242611516924,1.0992838112597547,-1.0510495371460074,-0.7138656109865049,-1.098100001114257,0.4302085228232321,-0.5778889702950348,0.612887807765143,-0.055188380036402335,-0.2072264249608709,0.5654351921136335,-0.5662741360007632,-0.2285619154855186,-0.5919029280459654,0.3218111638075922,0.13638500149909208,-0.18178334142868746,0.11506804363232155,-0.15237399794095524,-0.5373521216054373,4
0.4380280181373896,1.2016515401319563,-0.17015978194620443,-0.2870824622458527,0.7579405316426489,-0.8744345796767511,-1.2417352626926497,0.5822392263901179,0.8451092961462118,-0.9210469355550637,1.3181186724706868,-0.1678913716692596,-0.8714509646333732,0.7787140875563843,1.0351017369487292,-1.0850229016638309,-0.7259298337201036,0.44915081954898695,1.3926453023677448,-1.3453376640873906,-0.25871948419572943,0.05033719971182076,-0.3984363703869488,0.539719738949489,0.04239022352055529,0.6076254928893318,0.9324510490876807,0.7879174579896041,0.31420560117249496,-0.19332391312053687,8
-2.842875581861585,2.2205666505974744,1.6872513178276207,0.4633786440741639,-0.7727561765934581,0.07885650249752778,0.3573933145511989,-0.32756164840361957,-0.3347740140674541,-0.8602547688125084,0.06415105509649506,0.6462845374331211,-1.6958662116811647,0.9670726266973426,-1.898059208245727,0.9424842232749464,-0.3511737991606049,0.38457405393566646,-0.12685231694674595,-1.3095445584668977,0.5429004145845726,1.6109875470061696,0.5325309866285213,-0.4481234135970819,-0.6403844980072395,-1.4552703905895628,-1.1747898445669303,-0.5277334822348867,0.704667100169856,0.6998724966499748,8
-1.447059410019116,2.7712489544669787,-1.067262660928278,-2.6717785185833804,-0.4338057772330631,-0.033903470399353985,0.014832218387249381,-0.5092944394721759,2.065815891279666,-0.20735943673722704,-0.617543033634855,0.29009563205271816,-1.909009739525344,-0.31154257811776476,2.44722077475847,0.07031404400971424,0.13217950268860687,0.4585216276184339,0.33218860158674457,-0.10963314954708059,-0.29737572055152645,0.05404602963913433,-0.3645102966768434,-0.6136901004332853,0.04404622836313707,1.6356427940913272,0.30790098788980463,-0.7472300948024602,-0.2655953002302369,-0.2653553707818873,3
0.45534302071244037,-4.924268538748016,0.42318104018252906,1.229393931965215,1.814061030085387,-0.6469599630523166,0.9949007259911921,-0.9217945923999866,1.6019473478725625,0.12312773625807852,-0.22522652149649805,-1.1341113417806847,-2.040263222774127,-0.4207152344257183,-0.470509036282549,0.016040052004268307,-1.1425695624886227,0.3202001793736018,0.6278918240060866,-0.5962909781273007,0.9525320055410641,0.9046908347676043,-0.6225071099207058,-0.7207016521860039,1.603594366823759,-0.5810014681226168,-0.8605301024626538,-1.0043267147426376,0.6689674029863807,0.3055382116973906,6
1.27131610868077,-2.861294047964133,-2.683655219161288,1.2609163128940586,0.10238596551844661,-0.4810972954501693,1.1787481064381449,1.2785062057081549,-0.4043010125936704,-1.932584257493685,-0.8837698715787877,-0.8766570247672222,0.8888350232518051,0.09484862014502926,-0.9386981812451873,-0.21386421795219773,-0.06501851830483348,-0.7904878611590572,0.5555236964386263,0.006772438779322149,0.7953262209655585,1.4067383702091467,0.3105800867791199,0.05465061219502015,-1.070983764125914,0.2769378865123534,-0.7799684461655706,-0.14073301491593465,0.43902835297490267,-0.10250420823987545,0
-0.5077365436667949,-0.4261895863642775,-1.7443321964294454,-1.4039051614400897,0.1241423016906802,-1.7651854904835365,-1.1033799504494546,0.07192436731389013,0.5447020389975836,0.6261297770090638,1.8366216478601325,-1.045452687575933,0.834908512636598,0.06761404193221522,0.197504638379061,-1.2739417775969666,-0.363189355271824,0.2531742746839813,-0.9539684447385406,0.1959012480004667,-0.6527833513088288,-0.056194652491187956,-0.4865380967752979,0.9115610148006872,-0.4576073331950463,0.8206584672202059,0.5218234294255142,-0.8522600249113714,-0.6544243946986247,0.11103139480613465,9
-3.5512364425294285,2.2884728746843823,1.143644731826331,1.9676346511906604,-2.359858792870519,-1.329054740308648,1.2817517361770954,-1.4525113395253815,-3.4871774445698254,1.5098224469630734,2.309344673295517,-1.09565515383065,1.4721865425019443,0.2845056997522916,-0.7496781974216047,0.26779708616991954,-0.440402423153854,-0.5368624896612205,-0.5418223943331597,0.573484867636945,-2.1952449592375785,1.8934547575096787,0.408844684916263,0.04960658301789832,1.3418294236903596,-0.870357158821698,0.574182131384217,1.3286674899676525,-0.9385223423029312,1.198680461987708,7
-1.5508390992988728,3.4909723039002816,0.5161937003255277,0.8302425839939387,-1.6981853145092458,-1.1254077300518632,0.4105634183929622,-1.2894194051446983,-1.0875756652115727,0.7317277209092936,0.9392873277543708,-0.6881869397549847,0.9318328887509196,2.496029123121503,-1.9407096106914825,-0.20707017794180066,0.30898125267158205,-1.0339107438874002,-0.9099737753938643,0.6579584886597761,-0.4678239245473939,0.9110094627359927,-0.4840207485739173,0.2433505354455285,0.7795403886870304,0.0465211857552521,-0.6431150469223056,0.08394502555729572,-0.4403454149051059,-0.49074721618197203,7
2.0554782238377642,-0.9742626429496731,-2.48961539086264,1.3062911383516196,-0.33483828356418854,-0.29752726813082103,0.043247296690750864,0.682294638711886,0.5875186792665704,-1.0340656668247437,-0.7622788639815476,-0.558811012534306,-1.154250103191601,0.9195530230643266,-0.3335934231156408,0.24136401017594986,0.29777438132932516,-0.507211304536719,0.21212612775221443,0.12075890604074037,0.9073458528609601,0.11692865249303401,-1.261723606394538,1.3251860001844575,0.20462638110470527,-0.9200016485868797,-0.3693582780274981,0.8621990087552909,-0.6854719337056963,-0.062984996648781,0
-0.04345752216724064,0.7435786455827296,5.1526679135499345,-1.6066847150494965,-0.7153274081479681,-0.08152438950879466,-0.2970687858820979,0.14222490082233757,-0.7603142931381747,-1.4837016143626427,0.18633398935972367,1.0818481695757673,0.06201771130943477,-0.8957443673372549,-0.40464873854174366,0.332517874369224,0.4863329179338288,-1.1184757613389602,1.3999179648104485,-0.8520339919501339,0.8809916573482358,-1.0241051891524022,-0.004724699008263952,0.04574835911773219,-0.32045752455531573,0.7350640647897114,0.525187378265072,0.30619042758712667,0.09369264595517862,0.042444188472791425,1
1.9646599162255018,-1.4653105133885118,-2.3995778872093787,0.9111644054580967,-2.6967965672357486,1.5892828572975932,2.4043924280873012,1.6849100468221274,-0.9061316193827712,-2.392471587952442,-1.488469931950208,0.43624771989185285,0.39523439213071077,0.9443557919476724,-0.9207069245756947,0.40821792532788986,0.2296661730318259,0.5668616889458239,-0.26322843184386235,0.6428213047432922,-0.31221056541652087,0.05563385801007904,0.28714132999646474,0.28956160821746896,-0.5692009290374118,0.46965812699691023,-0.16850241088242038,0.3361299457862828,0.7962848524511262,0.3040248156314611,0
5.022309680973416,-0.8666216527796238,1.1128087623355027,0.8924671341523769,-0.08158390383346834,0.08123091349887117,-0.4890589054156204,0.6396209114152562,-1.4482410370944943,1.1502118709248552,-0.6998576864282943,-0.7047346461243031,-0.702931999779828,-0.5089545659824757,-0.3185175797997708,0.37833219279251495,-0.13216953412739219,-0.7422607053646416,1.0049645373449083,-0.5209384735554149,0.5810439279752593,-0.6975089516437168,-0.3134613811364433,-0.03162522822009566,0.4189492790829058,-1.2392987959958197,1.0131014626206083,-0.3167472374469722,-0.8280718546663958,0.28477643335676195,4
-2.804217825969275,-2.003831048490588,-3.3900404385469938,0.3789877969259678,1.2052422037050254,0.5202826063375934,-1.398183257235507,-1.3699109624014287,-0.5184522537551739,1.3209832346255461,0.8891168138763798,0.43244583660432034,1.062849548526578,0.07398168564143998,-1.119790995416858,0.3312977506861989,0.4093914023504544,-0.6578285955400518,-0.614057452990992,-0.177818199109947,0.07250915636172763,-0.9967910396027773,0.061367771631159265,-0.9108814524705022,0.23099086855864975,0.44617640034906264,-0.36210402014706483,-0.39471971647261356,-0.7155731785832067,0.8018574063391093,5
0.8989742061067685,-0.6160351883921407,2.883103876532416,0.5146992593369951,-1.7670294441141539,0.962480085956938,-0.9351563904971388,0.8502236470625998,0.5174984915310058,-2.71530338737733,0.3475815350779603,0.47865642198783914,1.2673679727202607,0.8386269071191003,0.005511484151828451,-1.0224515339633387,-0.7472379837724261,1.8414027893263964,-1.0289480848952357,-0.08410775111145426,-0.8874695677261795,0.25703232508747076,-0.22130896978838704,-0.27684547608308596,0.29884222494843543,0.3023083336413376,0.005489993519257114,-0.6683903604917474,0.6509550260473128,0.06318519460443112,1
-1.3925901575934108,1.075163233301788,1.143971825660266,4.308492535145628,1.4715732983761212,-1.128374194891134,-2.117999273801156,-0.257980300686668,-0.3063791093971468,0.6594152274609952,0.7062668680218327,0.2987294683891539,-0.5060361663156906,0.9764917636478533,-0.9739248717728141,0.6614916242447191,1.1339361415483606,-1.7314930783263693,-0.9840783900859423,-0.26991860306348325,0.31640232070916174,0.29434622697329654,-0.2873288845785868,0.234196505928344,1.367393586267545,0.5677740403625929,-0.0210582233572019,-0.6563310487642438,0.5965830856839734,0.4575666957148428,5
-3.897153816373829,2.0426302038733333,-0.5045669130081069,-0.5235653076939089,-1.0945857972484712,0.5347792314659018,-0.9190090917606276,-0.08517169606258157,0.09497471887348327,0.09348537328574807,0.27660356439690426,0.717532426324067,-2.508162042392814,-0.5189011862981566,0.9244945234974262,1.4897053746274647,0.7301158399943376,-0.33482775177565327,-0.6252331384174469,-0.9667867553802232,0.17128592861714997,0.25349596152180254,-0.4791281269724324,0.05306758037140503,-0.036878520321069544,-0.5997198200548819,-0.2623249265444926,0.5048803613282331,-0.24800928129864647,-0.12568735088150146,3
1.371164000222674,-4.186441962625355,-0.6104011662312382,0.9562301677320061,1.425686044191471,-1.0617340586129107,-0.27849650001272125,-2.102352468554401,0.9724256655964264,0.39263585284741176,0.5634812416902496,0.4790120001675105,-1.2934006653601546,-0.34294577911348506,-0.24068965663871517,-0.4318778017241426,-0.659576827052707,0.6853604365823404,0.3213675829602646,0.04083042843255614,-0.10655330280531514,0.3072787810871572,-0.009673220793741532,0.4580966347017853,-0.5350877850302145,0.6976900549748707,-0.1893786754764077,0.15122315138158238,-0.22597769509206797,0.31763155069073057,6
1.6543707417490223,-1.4446165501834947,-2.9921481876113405,0.919588832248055,-0.9610393466651435,-0.8423259208895265,1.7906424289772291,1.5092943168509838,-0.06039983347991772,-1.3383930588142932,-0.547968715691564,-1.2940376142961068,-0.24691319039404433,0.3102949571195861,-0.29565477371274645,0.3566461877093725,0.4241305958014762,-0.9449109115074696,0.27385156618984074,-0.16939866205693,0.724853404377969,0.43844867255677955,-0.17141784141306565,0.5526899699736398,-0.5976390565558006,0.040052867319289226,-0.21924289604572494,0.6728700855660995,-0.09483240434225515,-0.518070004960275,0
3.868703669108254,-0.20370995068903297,2.195917203320392,-1.0317696813573152,-1.7641452058203266,0.3453329284026035,-0.866663331013409,0.3675539597956968,-1.6532825054079483,0.5597754947016592,-0.4685350757708734,0.07530885456554799,0.4724107431279109,-1.579347870859474,-0.8451902177102396,0.3599659087267114,-0.6253050792696605,0.5928362110218613,-0.008227790088356229,-0.6583917679959894,0.7492304507956015,0.24947972882292838,0.22315924669216586,-0.025370791862542385,-1.2120032807898984,-0.775897247718184,-0.20335080771785807,-0.1675271980736249,0.1911283412636383,0.5530987628514877,4
-2.412263278871057,-4.076618518073151,5.292792918045345,-5.599031494660951,4.6030632009821035,1.1180827470440735,0.8233779577403867,3.5911139272917523,-1.0410206659877572,2.633904279847489,-3.295330091536303,1.253347367191247,-0.5604888928767505,2.357869019259586,1.8621916833675616,1.2296820790907603,-0.06711053691821336,0.1056270210500455,-1.8067167905959904,1.3563155955852897,-0.881108314432528,1.4285105246061855,-0.9151853549485557,1.1394079108716377,-0.6150908286662397,1.7614452692365197,-0.4102324613237228,2.9138760581795817,1.1064684771496363,1.49368209021309,1
0.9671301221443406,-1.1378271427594402,-3.729017151015224,2.9040270461718523,-0.4818524576701313,-0.49312930650955655,0.5788302842439549,1.7235393117594706,-0.37921028552948194,-0.8087211162277996,-0.48239553427858606,-0.5067628461125065,-0.83206627319144,0.2656355428479488,-0.028822209125478566,0.7330259565798445,0.19943043110583256,-0.1320159689895356,-0.270936628401966,-0.38915332483761944,0.38603609542284834,0.6026716082551645,-0.12157853719207894,0.2996316943813178,-0.07994825508720672,-0.6987441589313141,-0.3667499599143028,0.5791013215987726,0.1962259024817951,0.20033204764362472,0
0.7391149837443859,-0.12443364930580579,-2.17860854093403,0.6867695938826519,-1.8820027383460987,0.7474143906037699,1.3610336409256942,-0.034855413779323566,-0.26983909522636335,-0.6350225237258161,-1.3789032402823829,-0.1050474284143828,-1.9325716844398846,1.378285355640679,-0.2548039655867355,1.2730210995499291,0.7429464403031979,-0.6168349787650727,-0.05583726229114417,0.6752552968711932,0.41300644587459806,0.8951514882023314,-1.1416363144426338,0.4302020651851717,1.573866630371161,0.2181147317224907,-0.13189295948334295,-0.0968061886903923,0.2802207900521921,0.914216395584373,0
-1.1093861427573608,-1.4908336443005459,-2.118089136181086,-3.345432787074823,-0.9172115890223529,-1.3965559945353965,1.731570795660194,-0.5433419446471679,1.1778808305763815,0.3677635148578298,0.489327510572279,-0.9094803958608262,0.20704426808085855,-0.4013619444865489,0.08804035936683254,0.4272744090985992,0.43659725573295344,-0.7221166441965292,-0.1024878048011448,-0.026858374328805248,1.3279919931105555,-2.065357932082739,-0.8707320668891277,-0.012437920455759657,0.12695673328298404,0.548186561290918,-0.8382317908765156,-0.5115430857542048,-1.6068854437007616,0.43679009949521197,3
1.3400121577576234,-4.410074912873941,2.0662464741664355,-2.0399495251484003,1.1675557752574368,0.06650140590563583,0.8047729181191566,-1.3731315346806856,0.7025591874410466,0.6478490692413309,-0.4531034767082682,-1.7111362175323106,0.7105343882065356,-0.2538857751265422,0.043917319632356386,0.4759986511807648,0.5021622284212165,-1.6467226783422353,0.2510276796240776,0.6299604852006998,0.7924373135741711,-0.13758483187845164,-0.2909494280445901,-0.3596477376406017,1.0947476306494768,-0.24861499035940227,-0.6850035066514968,0.04586900372508678,0.5978408354090481,1.3430985849744324,6
-1.4246817665905873,-0.08334928189664831,-2.316990253820549,0.3409200695957655,0.42229563087914646,1.5396519651706635,-2.1241085049501893,0.5782424365619414,0.003701903047097902,-0.5905427489755283,-0.5606017929111741,0.8867872607618542,0.8562425074208029,-0.8235903896089667,-0.6858521471346002,-0.1848952238664489,0.2286990637096757,-0.33662466545240194,0.15231307862317542,0.43802953895308794,0.5058461156460232,-0.13878170795870018,1.343159299902256,0.6303710892439115,1.3619961185955636,-1.0581859995462717,0.17848346606988452,1.1302237125733305,-0.9047500594484317,0.3226915090347829,5
-0.8602538571155864,-0.6193498205048579,-2.8505583961793817,-1.5822336267140489,-0.8738533698567202,-0.4689045213297084,0.5807431788999272,0.1606901511808376,-1.2005022680955504,-1.2186484487466247,-0.010119020116055902,1.3123370226077453,0.18360066819511553,0.43162037441877127,-1.754243979685926,-0.3993692520244414,-0.34722210831214173,-0.16832317194306737,1.1621825693208618,-0.018374125128537488,0.45105213550872936,0.45249310586054636,0.023314328715640494,0.18325133997785795,-1.2948370852241917,-0.24210533018110242,0.23077142427649636,0.39628986144845163,1.0008664379377334,-0.4545209339766048,9
0.2958356194593896,1.1122528685607693,3.322401682579003,0.24130528744735524,-1.925261332300932,-2.2023772655582055,2.1033419563325353,-0.37800418706213273,-1.7421879602220345,1.0107142380530283,0.1264893275202217,0.8014039976600507,-0.6802071715559321,-1.168548024538068,-1.7079836082271247,0.24064351001124568,-0.5308093810326799,0.24096071840483682,-0.1964106538942898,0.41643800005489406,0.13768546119253872,0.7900921795287151,0.5245288976253052,0.8874237845199545,-0.4442903313334694,0.9757604907891877,-0.22899941363592935,0.15405758800871222,-0.4223865989977844,0.08893931427455845,7
-2.6035655295329256,0.16465901493462487,-0.6360196850234339,-1.0895664257165991,-0.13972637728272477,-0.23604907961176597,-1.7090994516056723,0.14739067101486977,0.21959290311264953,-0.5983184006139107,0.6166739786908645,0.909135033678067,0.28350498764956483,-2.646190365294694,1.9681738332891368,-0.024382895495093423,0.2505486474106765,0.00777757472636071,-0.013597855932601323,-0.3835947242860216,-0.3394962964441963,0.3983485581094571,0.7900625258893245,-0.38235732629108216,-0.49407270596005554,-0.1730799756681177,-0.3567189000142397,0.9098546047515745,1.4108099332093387,0.34947703528213675,3
1.2015371668890897,1.8177573921752899,-0.7089237671904862,1.834271179216691,0.7684912217083038,-0.6807011592628492,-1.3502369878664098,-1.3589122701428624,1.5839525580255507,1.0254281785616657,-1.3094610229433645,0.32327469563001676,-0.48830918038552185,-0.43093138328941316,-0.0030239466069497505,0.4259768693744723,0.7336135613289525,0.025633287217365637,-1.2750096200204761,1.39623570959436,-0.126656813418571,1.161417189816818,0.7332409083231345,0.3514466181212096,-0.4986922188406167,0.16527419994273082,-0.003713542836410847,-0.3768470683446161,-0.8904037698590973,0.2937466236647745,5
-3.3663388043239015,-1.4043915417233808,-2.9836250849308987,1.024420877005474,0.8255059052102235,1.4568611415255437,-0.32799829217253657,-2.1901125831603814,-1.3185369674096397,2.5728190581702246,-0.13617507539851817,0.30160464329421577,0.3712602790423857,0.28752477793157305,-1.1163019960626959,-0.45809941508911584,0.2883924524124568,-0.5381444023336225,0.45482786466768477,-0.3584253143694971,0.6873052490093331,-2.092646263870918,-1.074301725191639,-0.3246515210452044,-0.23816037713652255,-0.2355829071363803,-0.04537344396641255,-0.8157326993766338,-0.853103219845795,-0.7379597677123186,5
-2.9831700586247565,-0.573929920157631,-3.9444132991306513,-1.5417058602462108,-0.35468545620570346,-0.4142847646030455,-0.31309710983178685,0.18169829047996405,-1.3060264919385964,0.3748495050228469,1.7481037852053414,-0.20220770942679972,2.238859902744651,0.06407282390709736,-0.07233169920681894,-0.6043993611025686,-0.34836707227561453,-0.0698045657270599,-0.14625917075778283,-0.04978400896892655,-1.0360599353849191,-0.6932497015349951,-0.35803928097897303,-1.1594890207800466,0.253902557681096,-0.17880279039128538,-0.06762258140974996,0.08474547221703813,0.35062442660301907,0.844778904644079,9
-4.198987540196761,-1.7089278061193125,-3.727480385464097,-0.6474676183217745,0.3690329955143409,0.4828910180196609,-0.47600250290994406,-0.4882681968927068,-1.8082546555810903,0.9940983520902043,1.6593388624475636,0.6251749165598416,1.3058440395270754,0.5957349622764772,-1.8052824837347603,0.24928262628981732,-0.5283416945908359,0.27006788707639895,-0.36220677632013726,-0.6718519309278678,-0.5915903347852741,-0.9891893182231766,-0.4343265398050338,-1.725661410518155,0.44095600905966187,-0.4952433657389425,-0.3111511038361049,-0.7737551451638003,-0.387675844567181,1.425724177898288,9
1.1681867212817258,0.9492745019794179,2.031889918361122,-0.05905515982237872,-0.841559617454093,-0.6219687061975573,0.09988854587829835,-0.14721317319890262,0.07275585105129466,-0.7900409290333044,-0.19738934970322997,0.44536793998087365,-0.9420602507254527,1.9283932214838069,-0.9021602616413583,0.4629611183957456,0.09028162038262649,-0.06536580197018477,0.6343180828529423,-0.5579613373914158,1.3858607566862755,-0.811128069006436,-1.6674058102070994,0.45396872091002993,-0.2699783443232545,-0.20678101685992814,-1.0036576893017333,0.6867542519895135,-1.0337746157863923,1.289345476746886,8
-2.0507144720620984,2.508040364148961,-0.30831685746088006,3.4155059800718495,1.0642232460580725,0.8172672734876298,-2.2361629887748404,-0.4648457217349142,-0.8169603786433587,2.442561868092765,-0.9196440230055689,0.43020177312994823,0.32809724094685616,-0.21242747576763427,-0.4451203792938352,-1.0289223064156163,-0.33543821445395844,0.23781285246529135,-0.3626156812484715,0.5680806675919085,0.45253380286024053,0.2659341943294151,-0.056928147254093675,1.2501610942768941,1.4785324435519398,-0.03830710599112755,-0.5186829656739078,-0.759846201734197,-0.30674853115193385,0.17453861783970717,5
-1.703309864226985,0.9618242737170881,-3.1181068095889373,-1.6154540127249544,0.5302742081495782,0.13237646259254937,1.2502489476342753,-0.8508121373079225,3.5306692314521824,0.7255217886865589,0.08033087164252509,-1.3388272163652724,-1.4502426415401792,0.2263651068234436,0.455172699674734,0.24764765439320552,-0.12859674137523106,0.7233308099469735,-0.2401620920685653,-0.16988081046931386,0.5601925831885906,-1.0096499513352626,1.4014994906434997,0.2975200482074094,0.4715748495077633,0.412672626182458,0.5352054114563054,0.09611929062694231,-1.446296413522033,-0.42765784644242344,3
-3.799067775848954,-0.931385149941557,-1.0613415011546192,-1.2632716960699544,-0.5952376909663379,0.7211888212133232,-0.2519796099806161,-0.6534278171302401,-0.8779001763952046,-0.06265361618355218,0.5284482420708589,1.0938605925038654,-0.9073889455772227,-2.1712681840066765,-0.3408102641924788,0.952763006014983,0.2644282820448235,-0.4996723003483497,-0.03335385652494929,-0.24524900648440365,-0.10564112541848637,0.8295779971532103,1.0153364101972766,0.2683075419330212,0.5651715911260492,0.38517255102721126,0.03606933708635123,0.37205967649553434,-0.38137529668134756,0.5267835582150071,3
1.9571961786733338,0.9473783813566095,1.7045783842866735,-2.5497982426033277,-1.1586409518417349,-0.27787111966282024,1.8780725490419743,1.1050498194088108,1.1944725960861706,-0.1252140029757097,-0.046342038776780246,-3.7974268713754893,0.4328941117598332,0.8132082832011187,0.9070971948641549,-0.30179293313571437,-0.14886792947830868,-0.9851740976833251,0.41326805642718745,-0.2698427022190135,0.5361160704083068,-0.40667280447365634,0.2060049849989421,-0.4716887330030668,1.7697229526690237,-0.18257536131889635,0.18926337076367603,-0.7054252681373069,-1.025222301285876,-0.5788541927498967,2
0.867614103086858,-3.2779548081444236,-4.7187993495242795,2.7364030952495204,-0.8878872251790453,-0.447082200646866,1.69937919650385,1.7729012056221112,-1.1272791023341,-1.2135816942009867,-0.30780549151069597,0.18742530925718576,1.1315581953608125,-0.020065082060559472,-0.31075919711063366,0.5378954011539094,0.48904563258773137,-0.035950980481377265,-0.7634230522197591,-0.1501471028669199,-0.3874007893840003,-0.15401611636765897,0.4492859875698065,-1.006686252691922,-1.249054075311708,0.8903757703634114,0.09814177883757347,-0.9965657097125531,1.1473276390195672,0.4141646823955835,0
0.20714453095539875,1.1584075007468075,1.7918275557044088,3.193320735622546,1.5830653578654446,-1.5955006035840913,-2.0546880136743417,-0.6893325267254764,0.4687750427096146,0.02030503511206636,0.38563294241482127,0.7174403204590059,0.5999454824864099,1.2088887810720779,-1.7550840712696338,-0.30009034827864256,1.0428472910689728,-1.336807904757543,-0.6767302679927109,0.43111360177109653,0.6244937653167828,-0.03701704178948696,-0.05094620432738408,1.0600067001971858,0.06377761034473602,1.0452895573626448,-0.5065875717049083,0.3866002694692953,0.3993968459666821,-0.4080439561372403,5
0.18792005525405728,-1.389286836950394,1.9557622172853133,-1.5606450448804683,-1.7060673615795552,1.2515408891412618,0.6510123859503341,-0.5042806192771282,2.3404392169376984,-1.1941231550777072,0.6219824567823727,-1.1790212350260225,-0.16567685816888522,2.1438936569001825,0.24965631657068207,-0.2904494294755933,0.4462865802181849,0.9204705648714159,-1.3829053310870225,0.3420452329763713,-0.1613200937446193,-1.4826665767702154,-0.26346742122236594,0.8691434593447092,0.4154877427874749,0.4210019740124799,-0.03270034339018086,0.16348323345275326,0.6573386835234918,-0.2982411141867795,8
-3.383590759419251,-0.32865061050350375,-1.6601134180281838,-1.9080081016239725,-0.8747624178283103,-0.3343425231589391,0.33684832103050383,-0.9974055767287427,0.6958811672888139,0.35187771032924026,0.9331061974520168,0.04055753409836541,-2.2523501653043834,-1.2362681627357535,1.0796942264901808,0.5310414559465376,-0.12427462954563297,0.0962704676234087,-0.04019589387504814,-0.6744772180514774,0.032694317293816014,0.616280943440665,-0.3430385250590932,0.6425146687445554,-0.5003120620616165,-0.08520686123249244,-0.0989120686506701,0.4753953401238647,-0.1284031220997127,0.018170351622789245,3
4.563194942794199,-0.47297704530506457,2.0838830402298614,-0.10466528006113163,-2.1229398156102164,0.5036802325262835,-0.5230686232846911,0.7172257151119228,-0.8588367028369019,1.0316864562367516,-0.406235767924901,-0.2983984548831703,-0.4974426390645534,-1.5406068653640301,-0.5554656507727723,0.7796580320628209,-0.8672670569260953,1.492738784952936,-0.713514940384558,-1.2404710867766102,0.9538935858508995,-0.30068749106823633,-0.2655744309603975,-0.403330433224939,-0.4459897369196703,-0.842778295907734,-0.8864830051620134,0.7860976284888275,-0.5512911105616086,0.4062545675830585,4
1.7249495964484463,-1.1278992067977043,-3.285868753564051,1.6149398853778598,-0.6456978159778597,-0.5740156028068817,1.1854216070787118,0.7216070621678804,0.06281935797220509,-0.7884678409796402,-1.0422022805013382,-0.5957518186851678,-1.1394675705758286,0.4573022206198812,-0.11699427702885935,1.0729011163059718,0.7791067008231998,-0.9233150560592339,0.10573775020313661,-0.027297597333333257,0.8678327542956566,0.44850858505961877,-0.4375779114216176,0.15103553869526318,-0.08154576793661249,-0.0364147310462644,-0.7363726204792534,0.5130837580236559,-0.1793382146857304,-0.2114482651859429,0
-2.344979200524489,-1.8316154671170979,1.282618449877144,-1.2409535145950157,3.5819828857864406,-0.7539406539166484,-2.033460198874032,5.438917357982966,-0.8515672775293784,1.1940048837790038,0.7846679648905976,-0.7663740361822214,1.8019718627843535,-0.18126136897019077,1.740884202592339,-0.38193993149277705,-0.4450188732127552,0.0228042426520778,-2.1820770238568463,-1.1589101972032891,-0.7856194363010293,0.17024954296374076,-0.2846011486006658,0.853625571035777,-0.47146654929759074,1.4055565044654492,0.2934534904806393,-0.20084520379487464,0.38529979100063594,1.2081441354242703,2
2.5663979426081776,0.6993953427537408,1.0750339478221715,2.5931730912510575,1.7058378049661738,-2.051104957753809,-0.4123984908048527,0.41629810770041226,-1.8619718696883267,1.337157086429184,0.08684394335713028,1.8919757726895872,-1.9050215714065646,0.8165350818644176,-0.9989406799625906,-1.2759004936606215,-1.6925747063229402,0.9329077602959883,1.698523894150786,-0.2404343268543972,-0.4314308969723355,0.32840808480382316,-0.2872190579995859,0.6238234822554132,0.4875519064193325,0.8224211637171625,0.5630203390273313,-0.7786969318519704,0.07755716587830913,0.12359787218205788,4
1.0917134402447373,-3.1378280880995995,0.5908037086928347,-0.8806215744575806,0.12372658547302666,-0.20381655332021534,-0.6301022666437518,-2.506901826229837,0.8101723746873003,-1.5635340181219468,0.07330382984250569,1.4183319075549328,0.5932877096514192,-0.48594267358296606,0.35633138122486996,-0.6547677240699937,0.36126544769760266,-0.16261356205960256,0.7794096520588858,1.283241108467252,-0.6224832560841096,-0.37464160526109413,-0.5188230161138622,0.050279383608191446,0.42507698940595123,0.3159141402178863,0.28014449754472265,0.8887812307789449,-0.40444647515620913,-0.030081204834277033,6
5.639901884221833,-0.43098450854771464,0.6302180407906766,-0.01664729320434774,-1.182317281239733,0.6706688263035757,-0.36771623426330213,-0.012550675259062484,-1.2442410855015558,1.458877161715574,-0.305873626740995,-1.779333207863163,-0.7090376385303256,-0.08747265521237761,0.16302425479498278,0.3313513428770281,-0.06420410900109653,-0.5206534301604625,0.3702200800780026,-0.35961222636529594,-0.19020971732327968,-0.03633620450770826,-0.014361443893446757,0.41223219930701543,0.5514385305799151,-2.051499257614404,1.0369112339358204,0.04535368594711082,-0.6413926802546056,0.2681968156403501,4
-4.1130378268293475,-0.0448645729679141,-1.472185619993603,-1.2008921729262811,-1.5087261243884091,1.0724605783573222,0.9237090889580893,-1.4700772274727576,-0.6336278784446677,1.3069265593447386,0.070106214009109,0.27602701624610965,-1.1524943457407544,-1.847796851915007,1.0542592193355738,0.03513453217482835,-0.22469845600131463,0.33575750894523765,0.32317526875956576,-0.3113566098353826,0.087944753353804,0.10406737741476127,-0.4864676542467412,0.8521751598239616,-1.3831000082728238,0.09343563627415903,0.008883855757595278,0.37073590680737706,0.1764811063211847,0.501906760671797,3
4.048050150162649,0.45954953757738565,1.0455841567395237,2.077356750669815,-0.4779919540590599,-3.0012475548792352,0.07675086086879909,0.9726720743709577,-0.31187194528351897,1.057549452906127,0.24777558228920316,0.6379027085550943,0.0070671192164551404,-0.7794230550911692,-0.5772420273286857,-0.5911892750283868,-1.6271739432147658,2.101339888105447,-0.5022419424960908,-0.560130067473918,0.6699545488811982,-0.4374674560420817,-0.6657249727545731,-0.08409152474086913,-0.8540845754108167,0.8978394219731007,-0.8871141720820944,0.6468595071551808,0.34539393423176684,-0.7007492963740164,4
-0.5507630749343564,0.006155091361822917,-3.834175151609094,1.717922883486669,0.12344361136804866,-1.256443055077363,-1.0566846394124585,-0.7864975601613936,-0.9515625167644459,1.534877041946846,0.7647985837027327,0.7704706231098684,-0.912175506183563,1.0617373113482145,-0.8079976938320425,0.9516428174329731,1.0845483885211913,-0.8068964238316549,-1.0538491668111456,0.12723676366548597,-0.50055794584899,0.026744013354841775,-0.7976952406338174,-0.22801349483780584,0.1395693167662753,1.268848603750096,1.2204028351392717,-0.4633772186334606,-0.002002648450984512,-0.8343200310933726,5
1.2409227316758018,-3.701729525984666,-4.650187410505304,2.2233136579182613,-0.0878113734960268,-1.5348099954760137,1.8595044079967529,1.1482173160471334,-0.09429512043074224,-0.508981027657387,0.3608643694252175,-0.9754351111495868,0.9718114936818454,0.5822348249363397,0.18257345821994933,0.49434200427105224,0.6316062859284941,-0.46702875785693576,-0.8809104021264771,-0.2990215230612598,-0.1556986065728803,-0.6491175314372748,-0.22809285916277977,-1.3972109595831987,-0.7856611155502432,1.6105070787861122,-0.5057795425195002,-0.9749575422576925,1.0464259980960047,-0.01337273304723375,0
0.5384199864764306,0.8037176283822932,-1.3510000373447646,1.2234560392717848,0.2308609951076293,-0.5829793816734947,-2.521131939838415,-1.1296297726827664,-0.13742645293698846,0.49816516841222674,-0.9065101406728721,2.7152893712404693,-0.1047931041124629,-0.24374713505036286,0.471258961550543,-0.48503436910986397,0.7040798691062076,0.3601401155947892,-0.7429280121377148,1.4495467196464962,-0.8173026000920061,0.007388259562552068,-0.11701507146448839,0.24457416180511185,-0.10091501579763748,-0.18928557012488081,0.09554458798920086,-0.5491022081098147,-0.3243552904592668,-0.010576857284381848,5
-4.885018401490639,-0.6178021582654053,2.1482626613740092,2.1138704304099676,0.1558980372478277,1.5010640023652975,0.24004334622580398,0.2538305543140742,-1.7798948609893042,-0.16524443849722648,0.027537744448829515,-0.6792580576264805,0.714269018060324,-1.7108825025803573,-0.049191100846703965,-1.037243043711422,-1.6327348759593483,0.5041375633046796,1.1194628496080685,-0.9713293960061018,0.0521447642969896,2.2660761669413243,1.114785153544477,-0.3727785871156717,0.9576286205680494,0.42853756598004805,-0.38665417847476885,0.08110076008745001,0.25301098129159644,-0.13751241397883052,2
-2.5860094319463105,-3.827093820306368,2.813884185501676,-3.6023479862954475,4.34310583269307,1.9962020816896355,0.13455119098407167,3.0019659819236484,-0.4676130239998142,1.940621490511527,-2.5270337380344627,0.5780531224302,-2.6062952068672076,1.9446283272261602,-1.0546253593303345,-0.02747360434412903,-0.5763602775429757,0.5077386776078284,-0.7429408643814848,2.5045247006675915,-0.5998705984957581,-0.07960535133026594,-0.30094709599380554,-0.2988486654004493,-0.08886687219280517,0.49969338435521343,-0.18049211338937624,2.2592410458494823,-0.0882755284977736,-1.2457240871603685,1
-4.467832082440183,-0.14192127020458103,-2.858583985674868,-1.3050372375541879,-0.6514270998691558,0.16500678613812098,-0.4716316375875149,-1.562407124558969,-1.2818732731632965,1.6663442465084783,1.4623860098888795,0.4436667001137177,0.0483648762507764,-1.0927763902245138,0.16181026292270345,1.3264043172319822,0.15732611276633268,-0.4004361236371017,-0.14837921896490144,-0.8701518468518302,0.07499200965359919,-0.2759082118787393,-0.5775883517544234,-1.4697148255746453,-0.1972537914678541,0.3258814847746098,-0.6022051216972805,1.1900076035404514,0.2305358284853781,1.3696310846867112,3
3.0093818873735354,2.9560169713531197,-0.03277321812244582,-4.389969085020046,-2.41364281701903,2.386861714525907,-1.7010841246159563,-0.4334313888090828,-0.22672751387862344,1.6020070898867174,-0.49527975566558025,-1.6394773682813035,-0.33231632061246524,0.9120922734059149,-1.0093602437146438,0.2670555651959001,-1.062857928404096,1.096874605215319,-0.975758416928098,-0.5313969813702293,0.46602259696244475,1.9639882810799132,-0.9560779765937469,-0.29269866500863584,0.11503860429278404,0.9198249524738522,-0.5708032958132268,-1.3812914481324658,-0.45816354042292895,0.79492803687418,1
6.725884951037284,-1.2521701533931617,-0.23293520227717782,-0.39685986764010134,-1.978407713441484,1.4166753562562913,0.11644074770674392,0.12811093871132143,-1.7284618787355792,0.8159283898722868,-0.7332820641291932,-0.8833654725367714,-0.4581679839279167,-0.14418046605548868,1.3892777711855964,0.6658616510986927,0.1445160857334025,0.3135622896762367,0.18365643219328456,-0.33785979947483175,-1.4116459513870299,-0.3869538541307125,-0.2463975698597001,-1.7544506593488942,-0.2585375912651344,-0.44378149564116204,0.7642786816846772,0.7304477807396873,0.2419206315356294,-0.5008009651630922,4
-0.6551228024548077,1.6391069149628608,2.602840851863169,0.6723993607249268,0.6321907352153601,-0.6993317499987266,-3.0669144596004547,2.315875343856549,-0.4839248268160682,-1.2417025214545852,1.8889356276753624,0.02652023797396665,1.9225367401843145,-0.7898441008223837,-0.2922167141485348,-0.4910830547619578,0.22276949100208945,-0.5592444992228279,-0.19600499182772993,-2.037954692294659,0.7361656464926221,-1.1484459859424294,0.7457419032340977,0.5235725153586126,-0.6754874195790742,0.5100827142676496,0.24763543420903228,0.43455295313158676,0.6066958801449851,-0.42655984588346235,1
1.999818534918446,0.9814591017136197,3.7897719488590047,-0.8644821236740262,-1.3648408140560004,0.2445907985925553,-1.2788309530176962,0.010893944045028877,0.6867109044936854,-2.206424036182657,-0.04426780102931519,-0.2453876442585741,1.4460343381252616,0.7511632521853887,-0.11483301067898861,-0.5055333969038898,-0.1551733794389863,0.3733854204299394,-0.4191460265179465,-0.11529685578242589,0.12835236171352535,0.6552487996351511,-0.7479001891832221,-0.45945611462888103,-0.3597200996920305,0.9905997990460422,-0.5554097648917395,-0.3371559471444798,-0.10623863624726333,0.020443310798067223,1
2.174341353940691,3.8063262398961313,-0.014530426175116764,-0.5128104751368443,-0.6611552993278311,-2.4731779989016216,1.2259419270125946,0.7045798111693427,1.0909946863038618,0.8569932929720164,-0.7623024736954678,-1.2121401330857906,-0.36604931854421185,-0.33875406251104195,1.8418986423736408,0.17466057721327802,-0.13756993469065132,0.1982774579592855,0.6353678500356135,-0.17408138648816943,0.3029876316380294,-0.5080640921540454,0.6273035862040451,-0.9826269214065182,-0.27336264751789874,-1.2555675374753554,0.31019276144367924,0.0948670043238678,0.0984055118453323,0.2739109793708628,7
1.1444470922813983,-3.10876188440232,-2.957435781056025,0.03642605759565159,0.5782852809797229,-2.190343669501424,1.4984871048318458,-0.3536776126999777,-0.009653993722691635,-0.18040207447233358,0.4771006929341911,-1.3769281132090778,1.0671492451258793,0.4402317431177747,-1.0725607740891911,0.037912751622218216,0.5344547660982077,-1.735713242258395,0.6699939983801881,0.06513287814862223,1.0695932304442313,-0.35763925141174346,-0.6032031552335416,-0.16571605028688136,-1.0845236811530214,-0.5211082074036248,-0.7250239141511975,-0.17950495206384592,1.0625457152004192,0.3411416380428851,0
1.2928893476269925,-0.4562014935331656,3.7040317262868316,1.3397278584539045,-1.4120518394575656,-0.3369889794763194,-0.15070139675339428,-0.6810839470193395,0.37718317570890675,-2.6795038367986503,0.11720460444712924,0.22472986757949798,1.2413756708991677,1.2228664750925378,-1.4624554254840336,0.4850397360107518,1.0772330695561618,-0.7495820528077194,-0.8350292886460344,0.23020897306017046,0.2539586307714673,-0.24506605207461415,-0.5785009699063807,0.03820509776058074,-0.26516846882380646,0.3922686537642132,-0.966085485979593,0.7025297444813502,-0.7690651107094331,-0.10985515537678373,1
-2.6311032134199834,3.6138574227353013,1.8250549604721846,2.4588067982049386,2.099680306399686,0.4784077591071865,0.4288509805108754,-1.0183383083806783,2.0771878465337665,-1.4108272336245735,-0.9206608299514913,0.46401025440050436,0.76499026175871,0.3929348443809282,-1.012489175607822,1.1043237935565267,0.8987040552549598,-0.766168419209149,-0.49718991874298896,0.512124789728995,-0.3864244316086974,0.3043529241602334,1.3505218371155314,-0.9376593763479794,0.7564884297593761,-0.6831765156841455,-0.8502250326947817,0.1380969799662758,0.25715595243729517,0.36083917331236587,5
-2.9098525412237053,-2.182580704257208,2.7108732759142273,1.4637932575963486,1.0885662443835447,0.6035659206892791,0.5922749091692461,-0.8096891206320411,-0.4406190394250487,-1.5966900378396063,0.3306095837840701,0.017510765536807017,-0.4652308548956767,1.0388512736168967,-1.940583302541001,0.18046949335017964,-0.5974204533203527,-0.3119262902635691,1.2175666393936946,-0.3984969376509751,0.056378365067129906,1.0685047931273794,1.3664980529879471,-1.1653820402781099,0.6162454531109404,-0.4159192795730824,0.287947034396898,0.8809537729826304,-0.6954174599486791,-0.3602833838713725,2
0.7346915139592817,0.530105845042256,3.175175206653133,-0.4818575416055893,-1.8422903398186907,-0.021979475546082837,-0.3956833668412185,0.20149472908120442,0.19060462595877695,-2.552744066699916,-0.49492610581866736,1.0577439178297012,0.763757424581364,-0.04827239175854235,0.17462070743202787,-0.9337705930320112,-0.6418330660766605,1.0945375653089398,-0.08099603555389995,0.6606688408223106,-0.6134969363649573,0.5803594961505477,-0.3121540549942379,-0.0671377656051413,0.875476281858507,-0.7402209730009446,-0.47684149843080004,-0.19882927315994625,-0.4329347605428521,-0.0897496876095352,1
-2.4556399724110447,-0.44481516870879734,2.6117633494977994,0.09157278604390998,0.3874216579025282,-0.35165969048586654,-1.096310926409764,0.8950509876249699,0.15776888036408834,-2.4447273815197703,1.6230944834673442,0.06079779367484497,1.4396923497849412,-0.1714129687569071,-0.34082768320668677,-0.4034789159436653,0.567710524003473,-0.6680174160189126,-0.038248157955210846,-0.9249564591100935,-0.4021744834454982,-0.851104864339335,0.7988403142305268,-0.3616360516053654,-0.5868996945147926,-0.12489325174024964,0.5707688144521968,0.46826750516029697,-0.1572901163998356,-1.0370747370707993,2
1.1768171508094607,1.5742726623706802,-0.207951073548917,-1.637429012950769,-0.011671040630508143,0.41977556819271555,-0.27276065272935607,-0.77322070589121,1.301649153948021,-1.1320951583508412,-0.6305659808391658,0.2722129146815335,-0.14267397175824126,0.33977273047543965,0.41913887041523246,-1.3649280935847525,-1.079070572922281,1.144480962056599,1.4750279579551464,0.5453999320678413,-0.47452273094627323,0.8594263929617941,1.326777996615097,0.43787653738186555,0.46344863833954447,-0.5878245677947015,0.1877397471251542,1.6735100645648118,-1.1323792110445812,-0.3449932442618766,8
-0.4283060964273206,2.7216381799089873,1.521460972695137,-0.8527532116322234,-1.4360097547645925,-2.836525113510214,0.5891898700609521,-0.1810095960795317,-0.340850294498714,1.053173877286256,0.06488005054165737,1.0385168477503568,-0.7641320190321861,-1.5663787815084012,0.5157897438889958,0.15543383553369788,0.2531894654896401,-0.3074798798666317,-0.035925797331393554,0.4904096562910996,0.5025328457449456,-0.3741126024108791,-0.5258927944295928,0.7732404039390911,0.08081773321629894,0.13926273546733153,-0.05481204822644625,-0.11716177757154791,1.0807528882944852,0.2014304104280719,7
1.9746562489022026,-3.118804034427549,-3.210325464369654,0.5271330020924822,-0.11515694422461517,-0.7857860828204568,0.8846755535223768,0.5517140261028237,-0.0554267992116809,-1.522227054932701,-0.5045418339372791,-0.5450062757321038,0.7604798560844144,0.19429319180943205,-0.36767858104111245,-0.02949941563076857,0.3196195938056053,-0.7977255879964871,0.5492702492852464,0.27137660127187807,0.5017248027851786,-0.03654250321621565,-0.8597387619869995,-0.11496497688530721,-0.9182283528263602,-0.29635032796285643,-0.2766355553566778,0.5238308272368842,0.3218872232455247,-0.6926595658096164,0
0.9253348337143523,-4.685573518618273,0.17124008415725211,0.9133124348264537,1.5383337601798461,-1.122108692580127,0.9403188415201273,-1.9822145324917815,1.2902290219616976,0.98767348646802,0.32166497418984097,-0.9850140568760325,-1.6635226353277388,-0.37305360561942147,-0.3593582655600293,-0.5054336537482085,-1.2269620337699703,0.8408329901815309,0.30600237494918564,0.08309596440182584,0.056470341724331914,1.0893296594117656,0.5620846277788115,0.15799902884657413,-0.00423254489456432,-0.43065595342484053,-0.2858564287568394,-1.0861206797968255,0.25577709464377346,0.5718959562967862,6
3.9691773125246543,0.780427539461437,1.5271646315320964,-1.1983107611186892,-1.7679498228609505,-0.12650378266244672,-1.277117399759099,0.21204207129644145,-0.9631606049123963,0.7186867644691528,-0.3056808855908041,-0.11851672205617943,0.12098077337337257,-0.9028543194183151,0.40080956392807116,0.09799405911618646,-0.20147682309840442,0.2961033071631532,-0.11866542203660638,-0.3244338038714197,0.46208788434578507,-0.2537777829601292,-1.163141235541553,0.3256081498496639,-1.0890014717561958,-1.2534872395440175,-0.1673150352472817,-0.44768572449871297,0.06433341478403655,1.1400707464667044,4
-0.07125492847448613,2.0895471219223944,1.7475674692190377,1.0171811066278764,-1.226910910684377,0.06859305894041182,0.11213061556687728,0.1871740204504264,1.3506813236474333,-2.1784249149818486,-0.2800151903849356,0.4144142112916697,0.2495839257387493,2.4232986316557894,-0.19373037236905333,-0.04358638113887858,0.31128320294773587,0.8818448248062568,-0.5135790243631646,-0.3062827657116879,-0.1065802554428138,-0.7010680158479154,0.06103992815880961,-0.5670725382580446,-0.747400358274517,-1.44405454813983,-0.7405491469275526,0.1649752038651894,-0.5515467262259386,1.2276170990489,8
0.2396424857710413,0.22475804194201504,0.5944551681444505,-0.6775878520766885,0.4224870419676804,0.02132448842179476,-3.357289373000596,1.93626005135723,0.2997374560705936,-1.3327712400281215,1.3199665267695695,-0.3862092017681431,1.0343452127121493,-0.8762094213804251,1.4848690117329644,-1.5153140304760537,-0.9606819377754803,0.5906260123504733,0.26644221096161835,-1.3257706261038076,-0.10359314598604263,0.48848015244099263,-0.6702021741654002,0.2823911287558279,-0.002245555128323001,0.43774289863233207,0.65721948644866,-0.1306825537610742,1.3388617666662144,-0.4274361591813805,8
0.36028235811623,0.4055697410114088,-0.6114151703389,1.5699727890617845,1.8005566569842755,0.3162026925598051,-3.5601141085923507,-0.37405170356113415,1.347816608080957,-0.021689493378590607,-0.6079700190919869,1.049264053830462,-1.3361491431665222,-0.5879850714514405,1.1512152357310388,-0.06568551173921396,1.198243784392018,-0.6715865931054814,-0.5113806523973009,0.16979004151083232,0.03900458126785689,0.2210925087660903,-0.04695592443461154,1.4345045761101642,-0.9447780343432854,0.4278065856248275,0.7723854411080192,0.02973078956534747,0.2464755706915623,-0.891435338824177,5
-0.6102377065144658,0.7646891429781508,5.090704536596569,-1.7892537079498358,-0.8992084669103114,-0.11926417734284817,0.036174628535278336,-0.11401081857842796,-0.6449683716979687,-0.9998049705925081,0.5033362320329048,0.7031854227759761,-0.516780003217607,-0.9509545729281206,-0.46456161187523737,0.7573964618924268,0.6783956921251489,-1.311302120215523,1.132924134956361,-1.075114585194045,0.9662089969720961,-1.0335449550266729,0.253940483898686,0.1362483384650496,-0.0043779989773735095,1.0603768675475433,0.7304159790382162,0.09239703322872252,0.05977104833690662,-0.02523142817445905,1
-2.833394105685268,0.6048800207370665,2.3008017569826116,2.7784200060377953,-0.15637634930424185,0.3682759107042654,-4.60230396779666,1.423571677212727,-1.9361246617504404,-3.5958383311446562,7.515896005064501,-1.3491203217448702,3.0119164299607135,2.9801451635842926,4.4073805687463565,14.56042340010746,-9.46826190970221,1.7844504876155187,4.5658440190808784,8.661344175368056,2.6539781662476254,-1.7563032837164492,0.6220819126461451,1.1282492044932346,-1.1701875677792795,-0.6435776281153952,-0.980769808539025,-2.3050082675828873,-0.3243627952416247,-1.1422551905233078,8
3.935838457879348,0.13707453580194137,2.840714872262013,-0.7953821908929597,-1.8001262150088748,-0.25500375880277365,-1.5093323012873987,-1.1748894690959462,-1.9018978682461785,0.7171405168383662,0.0906883808711848,1.1503784734021796,1.958854193094328,-1.0735011626301676,-0.9810344124968324,0.22962150366296524,0.553281044546121,-0.1913275945031961,-0.7181248219696623,0.5808163817286984,-0.17629294673575352,-0.6489996613021007,0.4236427920941372,-0.5238205212629582,-0.7543497357597735,0.3029466109310167,-0.4383907883434217,0.17373756368589732,0.453348166144419,-0.08510786874264453,4
-1.7884436718153847,1.5937705352783695,0.0482378314602334,2.170756248789858,0.9041879418994546,2.8152921264416397,-1.1868754816955844,-0.805618341048096,2.7285225173425895,-0.35592157586489315,-1.4902853352019916,0.10303426339432462,0.09892024719325936,0.829619648096116,0.585788289255983,-0.4657864479821734,0.2562099660918698,0.947205427764502,-0.2379681289430536,0.7301057927405137,0.10672599998731078,-0.09638791878051742,1.9438389646190044,0.6296473133913405,-0.0946991975354814,-0.400478405881572,0.7953562633385233,0.13785631682866523,1.2591760295190058,0.9357332902710489,5
-2.128687008139376,0.8047214177593418,1.2864882712668646,2.3790762001451036,-0.8423856831931983,-1.0293873719361324,0.0016178460732607564,-0.4339129553970189,0.6599836928503983,-1.9785839940286072,0.8967809219782703,0.060827235017240903,-0.17829232525128885,2.043794600082037,-0.9127429975282821,0.8471909227567598,0.6775541085900488,-0.38544792179997656,-0.7019417814317149,-0.5709794485674814,0.20353797729086576,-0.04579253222869135,-0.7624784748889329,-0.6765863899771273,0.7561462675971083,-1.2794469836464786,-0.6242081285469072,0.23926663144723867,0.4305496349658421,0.5908383937155043,8
4.301584684154936,5.791625668892474,-1.3827547630692938,0.19468218417468383,5.379783220411298,1.4906712313369863,2.100277678601727,0.5410338439722677,1.887062404297189,-0.35574926038976246,-0.9908271865292727,-1.4713321326705557,0.754363797681308,-1.2808605236499033,-1.116986745253391,1.4184253502610875,-0.5356411447692636,-0.2631188270116855,0.8309645625773123,-1.1156134018484694,-1.1742211436384227,0.05344725804155721,-0.4011276632416564,0.7285632895834911,-0.6985092607950186,0.505263831289421,0.05150418233823392,-0.7073449712772023,-0.857981782332185,1.2983768021656719,7
-2.2135043340789218,0.07530757233555059,-4.539326637589314,-0.03720172641705688,-0.2915203104676098,-0.45546354513607834,-0.37788391530589766,-0.2351726376283844,-1.8799148245838753,0.9637948395246607,1.3624605139462294,0.47844755969700103,0.24632310408615227,0.5300247965136281,0.00035648222454040307,0.21335650339238607,-0.3396954361921332,-0.03402739415327794,0.5199133850676799,-0.7655342347857689,-0.6480846733619532,-0.21960944784189051,-0.7607903610323072,-1.0322174004970035,-0.02174889334233201,0.11739240010276407,0.6677133036448704,0.26482421941269946,0.46858705031121733,0.5907828071141357,9
-0.23247138733691625,0.9280156165804057,0.4488050979132674,1.2542578348849085,-0.3952618174666463,1.2785089933666531,-1.3537491664092465,0.09016692806064079,2.3107406159881223,-1.9331123637152094,0.3593123175927514,0.20477945564164252,-0.4506998514122387,2.275328711778888,0.6072963716966684,-0.07853085856401604,-0.24971662703337025,2.051495907974299,-0.9326500309075092,-0.8732725645757453,-0.3405406928650071,-0.14517050056014108,0.3961931048360815,-0.24048632960836344,-0.044626687423804996,0.6463184371359626,0.12926257365097843,0.22613855270181585,0.7067771433492742,0.6876006152360307,8
0.8893056497890567,-1.2995519683176722,0.2319895779253851,0.32444652816184855,0.3063875158238937,-0.23129737660664373,-1.097661729209741,-2.206946487308806,1.2850364906392833,0.2733849157125393,-0.029909830555122616,-0.3027858932049481,-1.4894477587191715,-0.3173849891714978,0.6205158109429313,0.28449314400769843,0.8938776925456509,-0.6506122478308547,-0.15618037238233676,0.4405901574014297,-0.1148619886807552,0.7211872498417102,-0.13289995425228832,1.1067903118670623,-1.0770983910914913,-0.7104596849177113,0.4078032628276672,1.178669195626305,-0.2191544786707355,-0.43965024066685726,5
0.6637705625242144,0.6262617365729828,-4.603066152136978,1.5888207396316976,-0.3752855692194045,-0.645270773419597,0.05072507138819711,1.4979793001861785,0.23707541989917946,0.4520031404177771,0.3618451743707203,-1.3691439323807357,-2.0934304947429094,0.7279559058023815,0.6593526485572487,0.8028466161126729,-0.12948990058122925,0.0925691906297413,-0.4154582097720331,-1.0652660723868772,0.12772243614477072,0.12014642659851676,-0.9984241360666171,0.5107968220680339,0.8225794020480185,0.06212022504293444,0.43039556236987514,0.4971519830377163,-1.3651277122061356,-0.23743708508421502,0
1.6159976945810421,-2.4284435909829982,1.8437254155343772,-1.9645538235797557,0.3807500309543197,0.05246660834512542,-0.6321537725140418,-2.4730898845082434,0.5440257812532486,0.46373668537204304,0.001497818373728957,0.13657710734976253,-0.37479987526991154,-1.4671849109167978,0.5408509525150426,-0.41758644360341857,-0.15494499456719268,-0.6870054400373627,1.5573676310544016,0.4885234920099544,0.4464928978083832,-0.09042059470712797,0.30301647829056083,-0.08744801812643407,1.1220684723211762,0.27241544964495656,0.6579494141522804,0.8774578699462287,0.875560037229769,-0.5821197332296795,6
-2.8068739484296694,-3.301656752914572,3.3151716387690056,-1.359775648789445,1.466898207942687,-0.2543525147781944,1.5299941420303724,0.13938335175619704,0.01970141657460528,-1.3307854853992387,-1.3695429052811967,2.2041480982572685,1.0156624643927068,0.18594288963872593,1.0263254658508476,0.8715598157361937,-0.041690203123572016,0.4275781271883515,0.3846138289314755,-1.483603381110969,0.49290895715105837,1.7529249775287468,1.1359092302700575,0.13865945106370878,0.504772587811796,0.44391908472256447,-0.603911615815161,0.17244713512507223,-0.29746855561174756,-0.03557889901074912,2
2.8426542344756482,-2.056075899974757,-2.445814431974714,0.9271208682474866,-0.8342471430317117,-0.4042064575177156,0.6328643058396887,2.0522277150629984,-0.2701594424536357,-1.9986085095248614,-1.3036556685542302,-0.7895618383113003,0.7386593918571887,-0.8604439741178161,0.7302605283274317,-0.059315813635561945,0.4795778908000243,-1.0151480971577014,0.3457889440596374,0.4376969996308763,0.572989795405551,0.5587483708241677,-0.5386167175854356,0.3959714953728087,-0.18444896140047087,0.45831291110117545,-0.010296775364999714,-0.14874234295246735,-0.2774282002548718,-0.35980457377256225,0
3.8325785055280353,6.644372119779174,-0.62623835386922,0.07345680382999667,8.094500925626647,2.649719217823041,4.495088806620938,-0.9283154254292261,1.8872945217615549,-1.735465085762078,0.19251811136869992,-0.7422255082966113,1.698829007683298,-2.742680028741437,-2.9877941046287826,2.337129280582967,-0.47466781271796166,-0.48646667838474134,-0.014890723824654258,-0.9602590164257275,-1.4826543315998233,0.06609491563858434,-1.7822431524716618,1.7298829246671887,0.306196520215388,-0.3453646831304111,-0.15511033747686934,-0.007212654604613843,0.6042831338412681,0.39624123375697545,7
-1.185541979222491,-1.679302236840864,-2.8683454220509645,-1.9754482088974414,-0.23974525636716057,-0.8591052281192239,0.9136846664061471,-1.0228149039552246,1.0060952412787674,0.32275769930330866,0.9578922414434567,0.3250321373135231,0.005802126136692792,1.2203991846212041,-0.8501491905832467,-0.7699948083848521,-0.3849934223369563,0.43544264877236916,0.14527374449698918,0.12022702192438817,0.24708027414276712,-1.8144878381483651,-0.38235975670307853,0.015861920698874293,0.3980825744578166,-0.7270332478698273,-0.19041423902281254,-0.879216746622978,-0.07948970758964004,0.4045604428041696,9
-0.28185026738039215,-0.24074029839098487,2.8579215906365176,-1.0434056324781327,-0.4299775679426691,-0.03540547253418326,0.6864906215879817,-0.10181654719079498,-0.4488160237839051,-1.2804274159986984,0.43927518215673117,0.346881913474825,-0.9702613520880575,0.5061230851709911,-1.1814778841414435,-0.1563913644712175,-0.7598525176709248,0.055222629111300874,1.6919543247863358,-1.2439285554688209,0.3921082197262294,-0.22308911863233427,0.4892679567628821,0.16417539304003856,-0.3443098020700297,-0.6978201019562037,0.9467364708863174,-0.10201437799917178,-0.627572708146633,0.05068654405452924,8
-0.3631368455616633,-0.9674556830702995,-3.757952017404059,-3.3634722494405036,-0.3382834339059458,-0.06091858937849368,0.29833037358308506,0.8009006802826423,0.27574931099318084,-0.506501723061574,0.35532425847706645,-1.1097855124070182,2.449688856413771,0.1569901573052223,-0.6422068764904951,-1.1125188170888742,-0.30776516851520574,-0.1565505668934664,0.1098543242427372,0.6859333307272744,0.04997428901152784,-0.7592801443612055,0.7938439638923185,-0.5468615044937803,0.109401821143109,-0.5947729640684004,-0.5627291108907972,0.30805998122780354,-0.127424923515417,-0.3999246795855258,9
0.01151132614847136,2.5599270034105377,0.5673270618027282,1.189104668719905,1.5635952743636172,1.006729634200072,-1.9901128595798838,-0.4961900525661369,2.309939498782178,-0.7593577543932619,-1.8431563337348353,0.7737491269383829,0.3803586548407816,0.28917388247606235,-0.8200382746146084,-0.061382122843787086,0.27146703217772494,0.3678199203943013,-0.5414027911732446,0.9143564838028737,0.5491714217132485,0.8775116738782038,1.8118291776076614,-0.08597330003844494,-0.22701437933320287,-0.4813366029211582,-0.7762537962959686,-0.07591760972847983,-0.8971913295414369,0.5307553048775363,5
-2.7051501772479343,-2.332273094626553,2.394729987975502,-1.1614128838073434,3.3698109513348453,-0.5445385634852853,-1.0645659553999653,3.820052870682941,-1.2735786546884746,1.6326935897376158,1.2694421361728374,-1.47814650183685,0.14071592071772918,0.10303423626149467,-0.974729745428956,0.3711725317890363,0.19197354046805334,-0.8565351336646888,-1.6942114132144075,-0.43943996853388845,-0.5380236254474715,-0.1202621844762917,0.4111252252603178,0.5993282640706078,-1.3397583638573263,1.1789595000989375,0.9405133361542106,0.6287044289864554,0.3636630830431115,-0.04610503217566842,2
1.6639506275202722,4.534959457235879,-0.046369760268312556,-0.6376339917268949,0.6464569308341438,-2.505333345618106,0.8045996054881064,-0.0602433835586931,1.941548771936663,1.5935343978989644,-1.308393591256001,-0.7798556412171236,-0.12022009782918566,-1.1978392686302701,1.3153283540927332,0.10692383953828545,-0.16842199615461156,0.04282725025060832,0.8502265647114419,0.41102800924260313,0.710252077962236,-0.30609179906673745,1.3350159503627053,-0.8167827513013944,-0.9725070025006406,-0.9006961654516802,0.6350643119647461,0.32395477118478255,0.6713909259503045,0.1994983450637852,7
2.7656229043536724,3.5453316461969395,0.3810000099685616,0.5773096709241125,-1.587484953472241,-2.673965317302939,1.256929939571413,0.4202369173377924,0.4783928213780135,1.178679096923689,-1.1587999489796765,-0.13310542381201257,-0.3063996777431635,-0.8557414299046675,1.885845035849236,0.4132486466838378,0.06698727208403407,0.7031957398008393,-0.7271767938291974,0.7291942374741658,-0.5378862632616072,0.2000249151572424,-0.5398171069939391,-1.123138847146198,-0.6386225283239028,0.8163599779014546,-0.24381981069197325,-0.34475082686671804,-0.007192093261100341,0.5732934677010795,7
2.363575638499481,1.0420837773881626,-3.360090857795582,-4.071242869640538,-0.49656749952817086,1.7847137968079223,-1.1237394640341931,0.17023171777634666,-0.1130050732511748,1.5976306942030143,-0.737381528530721,-2.97079908916591,1.1441439147313628,0.4026188069180284,-1.9715219709933551,-0.5101978819559446,-0.920151844586672,-0.5803160335580491,0.11733243178817529,0.022334815401856115,1.465624174200433,1.7373880848802326,0.3440332981931894,0.3293623564427413,0.04491724622179466,-0.5709924496953623,-0.01504056526920988,-0.7091575575702497,1.1335774936785947,-0.830634082211091,1
0.18616866823855988,0.6805444395895339,-1.7236309605021691,-2.1377789701776186,0.04638518401101576,-0.8262983709046531,-0.2614237982375128,0.12873760650443375,0.4802158682286488,-0.433515030482844,1.0468967412565036,-0.16244688805208188,0.4755596231494404,0.02053494737467559,1.4532249221289357,-1.7292924176864266,-1.104815638371192,0.3558458675732605,1.615121339372711,-0.08137030416966687,-0.815547547526619,-0.3671709752830231,0.009225223058360234,-0.6023101794043342,1.9728167830948,-0.28866830633006574,0.2455521531375873,1.1080493456988454,0.7434260427319862,-0.7755911517148678,8
-1.8325429809409874,3.9604013329912555,0.715177623606772,1.0524462833251176,-1.727502093267899,-2.6575315759571705,1.0696901590144097,-0.7645352924261931,-1.6130583475040714,1.5070689457959503,0.7775913236101496,0.17780769671778682,0.11930699334415792,1.64423843627534,-0.40320230982030786,-0.36268561535765326,0.12471516699197552,-0.8871534285788062,-0.39133967970290057,1.1753461188465024,-0.8279631809813032,0.6033031737290165,-1.3958610594225322,-0.02566434927760658,1.4878144864115916,0.4517443129598589,-0.3042589267536651,-0.05027487191405611,0.043666298346198874,0.0013031568837060074,7
7.16317476733326,1.5509559192342321,0.7367369689493699,-0.6543890107955371,1.6402417139736623,3.1789755665046053,2.289492256395426,-1.6703251626065645,-5.330183276888074,0.24695463993011338,2.8513248377610534,-0.4449893424031378,-2.810965929626901,1.1358628171110514,3.4314416649946264,-0.7738441201910898,2.0279522483493735,-1.9754220751620437,0.6322897724694301,0.03521592123189621,-1.6080028159568958,-0.23241098413593658,3.550958574513907,0.5362700240166046,0.607529452241453,-2.0370534419504396,-4.510770575606495,-0.4531868495781075,1.8758646150453075,-1.0861312027723324,4
-1.6789113977306793,1.015627944551053,-0.44584788892384586,-2.7663926911792327,-1.463694475547815,0.30771172731365765,0.15790292562011246,1.514968679509374,0.28173300812869245,-0.7966869166576658,-0.5319876445896581,0.30691726621489057,-1.529029755842548,-1.7013274636344136,1.201926444457899,0.13029660785034006,0.2470943203320069,-0.36765267409442987,0.22318257006364814,-0.35498425430888,0.6521299367619159,-0.3257179074360699,-0.8477967721574652,1.3144874263899593,-0.09872652521965618,0.6072151767867171,0.4554138551040274,-0.7593734770470738,-0.9494416042068778,-0.6485669826799015,3
0.14164916046997714,1.7037050109811072,-0.3091004366015724,0.9116892837511926,-0.2072523727495397,-1.8182940533289034,0.32517004498526514,0.3082641829430687,0.1463083272961157,-0.4941567262704328,0.9412809159256899,-0.780221406212694,-0.7893274416795119,2.004508511851884,0.2934008883045822,-0.500493993292474,-0.1430668764499736,-0.07368205153600717,0.23734450175221491,-0.6370536592441867,-0.952063790852782,0.1478722729871468,-0.690867191462721,-0.3316066921448498,-0.15483775615343792,-1.9695818854490101,0.49626225512924704,-1.405862258930992,0.06355183055786398,0.07995654257899168,8
-2.3156805214759846,-2.749287967636184,-2.1757316392030837,-2.12145186555033,-2.0722121984740363,0.4166772906435353,2.6125131692660846,-0.21071923555494942,0.1784193538328932,-0.9286708213511299,-0.28836585177257695,1.4203910380993776,0.7423708769476606,-1.1454020381928947,-0.5533600083971028,0.39868973063149266,0.25437267761532534,0.8039067151690484,-0.6672007865621217,0.682266947874754,-0.18926746554073529,-1.4938598421916058,1.0979941082533922,-0.463878465384541,-0.09864057477037956,0.4368419413616572,-0.19815786405121352,-0.6472568389716694,-0.18033880617060882,0.9899804929419518,3
-2.305016266554495,-0.5910212867757232,-3.457047160502607,0.7263114739743872,-0.49808687076364155,1.8020502437518588,-0.23561158880663347,-0.4509190931012757,0.23590557811904544,0.2685886859927191,-0.9610724947294372,1.8373829758011138,-0.004724296984707554,0.4673477806514436,-1.1778115019239497,0.02088951083353325,0.49610791510445706,0.46879188373465175,-0.26459786572383825,0.6292395940098598,0.47403227608873555,-1.488107518551375,1.3635177491426758,0.436969613913154,0.9725095782576596,-0.607984186326637,0.8582690600018926,-0.5579134985144831,0.48012252725782045,-0.06279538029814904,5
1.1881091826939405,-4.668195304817617,-0.3373428119666113,1.9294790324678734,1.5459495179911396,0.37331054443194,-0.024697461900776253,-0.2647345804641347,1.2878440008271215,-0.1441833709861284,-0.04943592347080196,-1.1852370557988363,-1.9690139160573141,0.3697328606952789,-0.9962608915956962,0.09945450683330935,-0.767713555862472,0.3904495157657274,-0.0005571689815716313,-0.7307770494190527,0.8841158929647358,0.8163912978521903,-0.4835669285179063,0.6650776345595177,0.7041530836232024,0.35543255725195244,-0.3869846743951328,-0.1749285107986037,-0.007135597838465352,-0.2492025371689499,6
0.9367091343379217,-1.5957404146110035,-3.589756002811158,1.9011087815140666,-0.9995152744531711,0.42422988685362656,1.868771339616052,1.8055447329667667,-0.4526640660335961,-0.7232997210454841,-0.8934865003506963,-0.4731119643999464,-0.8819588692237524,0.2226776285959959,-0.7329927491098461,0.502882155160981,0.12996873018508173,0.04279766140943664,0.16321033400859136,-0.3885750436986008,0.6411565055039153,0.48463879445278096,1.1175239922110882,0.9172363172618825,-1.4829317646889986,0.23316649988568597,0.556056135861653,0.3654140536708967,0.6562209367028298,0.3258789073910685,0
3.197011437959109,-1.4733333005536986,-2.047286255660377,0.6949074440144786,-0.5938039104307377,0.2334401686475317,-0.7631444883051461,1.6904648653158778,-0.28988615068216284,-1.8079756338476987,-1.3059408420346783,-0.32887704348257635,1.191092924107251,-0.2420713637525155,0.2931396033328567,-0.647052432703345,0.07568275926640768,-0.6021917199968664,0.31715917380393943,0.9607634623284981,0.39952245541541587,0.46166567880972453,-1.1099059023307383,0.5855908244291871,0.8823215901966114,-0.15697541900672282,-0.08509439740412021,-0.04945427882940247,-0.3473364274250079,0.22135608073355445,0
-3.5378432217382243,2.4433978243868877,-0.685989614852965,-1.1414720295443608,-1.4131850428129458,0.5824378613568572,-0.1472954514413415,-0.26284475583349154,0.2963444072391234,0.7328831780418557,-0.6311794520974946,-0.04700520881667801,-1.4769302439898992,-1.4064919854024167,1.939578990320548,0.26760266147532524,0.19448321598992674,-0.06789116143738487,-0.2635811378572182,-0.3365468274468376,0.4140208283812696,0.7109434406030518,-1.1781367064385677,0.32498752417001925,-0.2015085851565813,0.35041743945708154,-0.7099651582225895,-0.1654234465049489,0.0647806121853775,-0.33551109100513576,3
0.3212427698691496,-1.6959655080026146,-3.7183379900112286,1.5123611876200165,-0.03366658065374119,-1.3479879977844822,0.9188541841207332,0.7929587849016755,0.16086953416576336,-0.8315293656955614,0.0855286154320148,-0.967575969181582,-0.5366174129922867,0.7726526096678729,-0.24682831120764417,0.5734143930677592,0.7691951409698414,-1.178982832450997,-0.010149382946135236,-0.4155262781764997,0.6501206100439318,0.062339107787166934,-0.7498906486979638,0.1803623601311849,-0.653330011103886,0.09366185332778962,0.032164887180077664,0.007106835057786845,0.22697139297655555,-0.7153859342334946,0
-1.6349011556725934,2.685769674746953,-2.446677581108463,2.5172383781911836,1.4176178454570145,1.3221821151704962,-2.837754995174972,0.4592005609456325,0.07068059624174071,0.6054321253427467,-1.382622438921564,1.7932390116143926,0.926558665344211,-0.18240714018814858,-0.8750873569985435,0.1747631063710146,0.12430187040922003,0.5792739923257745,-1.1138345088662536,0.7356240674160243,-0.2736798848132494,-0.03603474865951865,1.1491810549106682,-0.8003833164149822,1.276124016704588,0.24654368100825325,0.5072500006787315,-1.224108672440662,-1.0880363526017862,0.11565144322398677,5
3.3300486467615,-2.1495387885785124,-0.5559811019407378,0.07820273987988394,-0.6294442779254739,0.4846462598083283,-1.2950233370002415,0.587672795077823,-0.6047623848805204,-1.8700336320220083,-0.8316350751033684,-0.37142477070290336,1.80900651108238,-0.0722382341954043,-0.25779226706844643,-0.7913236747820697,-0.30428786631023824,-0.40510004060145743,0.6921691955507446,0.5888941983954628,0.42909896165254957,1.1061228266344203,-0.9617229554774819,-0.13655927483163421,0.18836264864337607,0.2657299566486048,0.4556956616109258,-0.04309585964345295,0.6075099361285373,0.11131611388051577,0
2.4826725004089587,-1.3080411161461543,-3.6475704239479403,1.1166247934632398,-0.666662673840768,0.3884287043002659,1.6755166902458063,0.7007854346400593,1.230279668478395,-1.5117417674476907,-1.2089242502190078,-1.1151158092644755,0.5827800981878049,1.0126293690293706,0.7055955238262168,0.17025915081939172,0.9143052662154592,-0.47089723386104015,-0.14670824269089194,0.6841179428356128,-0.08723759958268605,-0.49262190667156874,0.5577043589905958,-0.196785302040508,-0.006726340830884554,0.39678778644130963,-0.3153499076130223,0.321296911966972,0.15596310512050626,-0.051072069003635194,0
3.963422318449027,-1.4872979345680082,1.5369823219229135,5.275147126637532,-6.107615827752398,5.920917154792334,5.19322443600266,6.3641409129044675,8.060612726943083,6.193304103207485,4.564203347204556,4.782654314779256,1.9865679266026817,0.014022642311538906,0.394589498774932,-1.8815853086232313,-1.2150979861216118,1.572975295149743,0.3251277835471291,0.037695789969151,1.7957865329985727,-2.270869209224128,-0.2934537176775629,3.158777805993185,-0.7078465042845286,2.5914882680962514,-2.370270103850152,-0.27034538828311555,4.178989709387437,1.7455108540665367,4
1.1112143195684379,0.5674397554921611,1.6044197044490383,-3.195237868905777,-0.6545486062686743,2.043088279620292,-3.0434181132504503,0.7860912388981621,-0.10397949264583571,-0.5329235859512428,0.046264209033946554,-0.1747416109311719,0.9203304755895336,-1.136481359686837,0.0894886970804456,-0.7942947273995739,0.08155271622522066,-0.2918240163454325,-0.07510422040866266,-0.5682431902136235,0.5391283691854536,-0.48161733126045764,0.3111343722894044,0.8297352098773938,-0.09205784510842928,-0.6749748029124909,0.13366504004125665,-0.25251472994569424,0.14426494881865515,-1.1018621478191737,1
-5.701913427574805,-2.1018413617456533,2.7333393484514166,4.550717007790857,-2.001720904990756,6.539895349745074,4.3960802202602345,-3.1088088999201133,-1.1921897098204273,1.6027396302244983,-2.4556301985523543,-1.9600655340845834,1.1432453333137398,1.6752265216703974,0.2485668798256507,-1.8777543412756377,-0.6464618366559527,1.5054441292521503,1.9079360145995445,0.3326381392618091,0.8146274923974601,-2.2863103959162885,-0.28185430624818086,1.6741000172878584,-1.9318139453978005,1.231446286378247,1.6277366013440613,-0.004680209627361172,0.747256340389464,-0.228753699695165,2
-2.3288659486962757,0.7076111476861671,0.024652070152623922,-0.18969527603971206,-1.6606003577302366,1.3664864794752452,1.0315948481403852,-1.5061846900767037,0.19510183195971903,-0.5550010697103502,-0.9958127994242923,0.6266233804422017,-1.294721309107738,-0.005076634026046052,-0.13135319930747394,-0.1019088556567608,-1.1281928388217015,1.7214223439983183,0.3841692686306635,0.11010227500908672,0.2851333284908274,1.2097673269399363,0.05768249935034622,0.007884979203588778,0.010612591014807523,-0.23938032470895124,-0.9273801196197351,1.106927670969635,-0.9822309656903999,-0.6380847467424029,8
2.7157819358349067,-0.8085262713843806,3.5325598067776363,-1.5198288333887353,-3.249505018185218,2.087467698772069,-0.3036636824548726,-1.7194136837235159,0.17574865618508947,0.17430105467440765,0.15382530287906876,-0.6817898154733244,-0.10501915424279863,-0.6835799466913313,0.17787214256782993,1.5405911901554863,0.899042930166742,0.1515161348592531,-1.0856670879592991,-0.4439967259017186,0.3089577704508723,-0.45635317367573697,0.9086881015618072,-0.30352129885202767,1.2250137152057128,-0.2462934802762179,0.030808340487005793,0.6642498710740208,1.079889335871408,1.1332058798580835,4
-3.8643702833903277,2.498215027914499,2.143813856787664,5.709825314244192,1.1357062030927954,2.700063992326457,-2.123823780289565,-1.2266584676535917,-1.4479287145872433,2.370377697784736,-0.9974521961757973,-0.6364897513530673,2.4274593697953386,0.1606622221840215,1.2212341372803333,-1.5369792428352216,-0.05978319702477483,-0.14365695703473172,0.46715105489551817,-0.1067033480305188,0.5711470046099485,-1.4091084753490328,-1.3091338363761116,0.3742116389255788,0.6442399968980334,0.4642844468517469,-1.1101426638845981,0.91779199133846,-0.1807296509550914,-0.11180895348715314,5
-0.49754932449915384,2.958262830013713,-0.7185741360703924,0.13663750966644417,0.9380914207316223,-0.41813139142793165,-1.7770149797201698,1.9430546985718689,-0.38232075863005893,0.015517203560183941,0.9958580487298058,0.4673208207435175,-0.9400622667525308,1.2030058776979893,0.44161540769481566,-0.18532832690917642,-0.2867773633104599,0.14458126504352864,0.968016412242759,-2.1129818637539075,0.2603652323888194,-1.1943249147511088,-0.472868101104233,0.010843170603401703,-0.021828776854649443,-0.5256815662935078,-0.1208616898161772,-0.31231909024926824,-0.23338383258100415,1.5214450487681916,9
2.1721380965270725,-3.671404846880589,1.7435600363946917,-1.2324745293987573,0.907844476178441,-0.35559811294675464,-0.15692257923644715,-1.7897672641210758,0.5179796563365111,0.08578136187558603,-0.6919207665625561,0.10719905087173479,0.28677027530204513,-1.7878031649146198,0.9594547147380376,-0.4608237294222246,-0.36532168407463955,-0.45074457818717767,1.4600688699013777,0.7017015666798077,0.3043438729806415,0.05129895716048436,0.022226725747117183,-1.1463175756080188,0.9132046174373747,-0.06895617938247467,0.12484224016302542,-0.6176261339531647,1.448825487318829,0.38966801674091833,6
-2.9483179780113624,-1.36330827892021,-2.349024297220505,-2.5812803915369287,-1.0979910752917545,-0.5136151543193104,1.818379642321692,-1.211727637687242,1.3881940315199264,1.0956339634883518,1.0111212213525096,-0.1961976918353948,-1.6247123597979027,0.3351772698044966,-0.5926199932641634,0.6965117418390471,0.1999565748822654,0.3263451007796809,-0.8129564059179097,-0.4161020512397262,0.9268595077520069,-1.6303144017539077,-0.38238545233332283,0.478364276150247,0.36332062791941105,0.29973217960687576,-0.8119089438944233,-0.6529449925816714,-0.22017748646975807,0.6692153357281928,3
1.0606495969628493,-0.41829613831201695,3.8033983070047883,2.1796150820749727,-0.2283291536759087,-0.8784857879311194,-1.4760005102246487,-0.21071740707512404,-0.6860026764652727,-1.8625715704208723,1.1002152357633102,1.1749643880710121,1.1997104651782955,0.47559219001367425,-1.7120373890310705,-0.04465147352441147,0.6365024521306063,-0.32637397979191096,-0.7806177078950938,-0.412557700831074,-0.21650029170014423,-0.19971952323721204,-0.39570839002295677,0.5267063030178406,-1.0233769093747622,0.8863878626385638,-0.5205275570413326,0.6396539277712018,-0.298445919691175,-0.3062960296007121,1
-1.0345286605165178,0.12780228975330002,0.10563447489339009,-0.9608509072007153,-1.2014331947499295,-0.6451041019171003,-0.32531911505158295,-0.5844929895470256,0.2341290243708088,-1.1838365729522928,0.8456634030573847,0.5970244310594532,-0.5603018395858849,0.10392790746025082,-0.48732761536630115,-1.1049902685236017,-1.0719791527767994,1.1133574585984711,0.1874036343980954,-0.023073737125217358,-0.5351530022688801,1.536048852808945,-0.03808434933986825,1.1666477724294535,0.2868943803353417,-1.1138752268711212,0.03814898656320012,0.6150567515948748,0.2329556677172741,-0.41577608084908185,8
-1.7041661850825134,1.1396208325231196,1.8537311997675743,1.126448421536418,-0.5055031907061679,-0.03666515984967291,-1.166008784308409,0.9213275757248243,0.24831844794264218,-2.4575657003309463,0.7143789543263878,0.4897227755645145,0.367005466460219,1.1179510887109925,0.38708798131873035,0.2633879015618538,-0.042699706708905404,0.37190644594521094,0.15630310028041225,-1.3519007956934432,-0.02574054468353513,-0.6173043096146943,-0.651059682629412,-1.1901475500150962,-0.1942771522509664,-1.7510719937657038,-0.4750836392327559,0.5068526364837683,-0.19326593816086762,0.5815377490243197,8
5.172128840281354,-0.24908294645218887,2.0478694641852226,-0.33853490345777654,-2.557854509144265,0.2304301690753402,-1.2045843735349302,0.5240025687813358,-1.4687501365911348,0.9172536720970682,-0.04373975262374268,-0.36642513182940883,1.2752829869733666,-1.3691452167447982,-0.5475616519236398,0.5398634366752375,-0.289468552602889,0.9970016663997565,-1.463339106381626,-0.8105260796356465,0.35297309171284136,-0.5957241569717591,-0.03688362163277867,-0.8908162261236549,-1.0576312260354128,-0.7538269005193328,-0.6751656056324009,-0.2902071677275403,-0.4381724853125857,-0.18341082166420772,4
-4.554803249506188,-1.9078307521243252,1.064454601962745,0.2431705658242038,1.766127866636822,-0.6225083897052646,-0.2193345289168875,1.0168383793895137,-0.5804913374134365,0.44247835307089894,2.44589228450215,-1.4885522215104274,-0.14770465353071124,0.3730124878608925,-1.4749021714128485,0.382003463143652,0.5896639275707101,-1.0423890814235022,-1.2377778423643964,-0.5546779134635914,-1.1146900400532167,-0.41299245632759185,0.7649627873878867,-0.5302903600618417,-0.19511643083560967,-0.19635979391505032,1.169005631989904,-0.21586155725336703,-0.16030162027555986,-0.9641615926897706,2
-1.965004892023073,-0.39729922080948915,-0.3522902570324337,-1.196516817663916,-0.319895489103131,0.12305290290026473,-0.8786508025968056,-1.323015327352254,-0.9896962648647922,0.1987026077817078,0.19643260702051726,1.8667778016718186,-1.1784883066484289,-2.2090857714140975,0.15823784739844612,0.6338808467016697,0.5416753833288328,-0.4470012465112418,0.53654629416777,0.11534885342199316,-0.3873424140861692,0.7854788736736161,1.0618057680754571,0.5854462204041011,-0.9572426656861458,-0.3145549823844798,0.6447130439629463,1.0443508376799666,0.8482733689544694,0.3482641069888351,3
1.2368893257965712,-0.19252937012298893,-1.1402645170736185,0.29152191642961395,0.6129928170309648,-1.789116013214567,-1.3577455284606845,0.4985195296035146,0.8411220879119679,-0.6194686826627948,1.4255833364008916,-0.9116068798842066,0.1256051396872505,-0.10771394787929382,1.8534610461354606,-1.652547180525029,-0.898526563486476,0.42311749875773674,0.8440717876245423,-0.4077416174685041,-0.8586899142160495,0.5982126892208953,-0.8019268149140776,0.6349286586225733,0.19111412445907022,-0.047582254213285054,1.3543542992289312,0.3632913350405178,0.3922882753898706,-0.31180163989210063,8
-0.8431736233245051,-1.119760919577184,-1.9833160969168926,-2.0488943224708565,0.09659331813843032,0.3561074347852122,-0.9715503246634231,-0.06705791037525723,-1.1270286220497334,-0.440324960455613,-0.3438681341749155,2.2486414926659877,0.2632432777861547,-1.1332331497150863,-0.7130972172359217,-1.3157701589391895,-1.213940115620506,0.9039895358340707,1.255687499796093,0.3310022816715367,-0.30679295159421993,0.6237514853294669,-0.049482084033876966,0.06261270653994072,-0.7557680743075127,-0.6876582360360208,0.09366206556125077,-0.25850994426457324,0.4505636741954372,0.516575556605667,9
-2.6811855359895973,-1.0774456575969773,-0.10113985867057929,-0.6182508421057781,-0.34982025228568675,-0.020442115742971792,-0.6828681964835169,-1.0547697252408863,0.4536817661655837,-1.3337124082375484,1.5117102336543384,0.5401550653143798,-0.39425055133799086,-0.3186028451852197,0.3011395812774201,-0.21993750047824942,-0.4243087279140656,0.6114540076039184,0.10642210011906401,-0.642313019682711,-0.81515743546891,0.6425378412761175,0.04632420688424595,0.014975866167471121,-0.4294236995427364,-0.8895195662773985,-0.14784037553950521,1.3855596220860291,0.4321200561122933,0.09463682439128353,8
-2.6619556390810257,2.1773076021175917,1.110639994756284,0.04406349907835397,-0.6314632284326788,0.38202892687087425,0.8469093486361864,-0.1259276730929109,-0.17035509824125616,-1.3900764283009701,-0.08276566313455287,1.0385542932368412,-2.230215252145978,1.5380083145195897,-0.901497572058139,0.569577617004256,-0.3812670082286161,0.7849262759746356,0.4880409589915684,-1.6143983436618916,-0.2128526836606145,0.8309384210646152,0.3476451754034836,-1.0520446708536206,-0.9437004316926825,-1.1693554168270825,-0.6128641453259981,-1.0637944173573366,-0.380176704722364,0.3185697042563726,8
1.4398468989381736,2.004360430542822,0.5164874824393461,0.9831311739049046,1.7430259894461448,0.25135638304717944,-1.8215729205723583,-1.0751037162855444,3.025250803677733,-0.7874887519982534,-1.2535475045915077,-0.5361781798319827,0.46259082182017636,0.009533167277361537,0.4915175317854403,-0.23205179939395507,0.13482228408651598,0.3804213634237221,-0.29050488680267883,1.0325648137362349,-0.1462311053869024,1.8802183776495776,1.4799001940091987,-0.20692553265306307,-0.971812560013187,0.6407859664128011,0.3216641593824891,0.39249300233084616,-0.5831095918163297,0.6690647445609551,5
1.2415866928355743,0.37666497484945866,-3.4153282241072422,2.0948350729555,0.05876326616192766,-0.5753976008341154,0.06603583954953891,1.5828840109288111,0.47055061609462034,-0.24922129438727816,-0.8350042034711976,-0.48692299908142694,-1.6127078066479559,0.5072338529539645,0.16341717656534827,0.5399425658934347,0.33244294232506927,-0.2953414084859692,-0.10042365966962237,-0.40600361575232735,0.8285504390592683,-0.21171046066329022,-0.45179892174812586,0.8031854478017545,0.3600165926713328,-1.067969691237232,-0.6192149561346455,0.4125833397189933,-0.77743242017624,-0.003979386663709242,0
2.2606049026676134,-3.6395913210973347,0.5697194084671459,-0.586684375360225,-0.06540801366661848,-0.5092510568730938,-0.2684218073928428,-1.9457123225206627,0.7382499935573023,-0.4803819448597566,-0.3434676182627007,0.4614924823750055,1.8965620819842364,-0.8688935744185189,0.7685914002964395,-0.715482618491621,0.38473570518646133,0.007674746470140124,-0.54983305451797,1.8082175646759278,-1.021710238095663,-0.3844061173115338,0.004593949540257419,-1.021281215544054,0.7987867766844193,0.18974828878326702,-0.6430732191101657,-0.38672727214350877,-0.06530040216747784,0.27854053403464635,6
-2.368130350162409,-1.6947892651024634,-1.1551318750102961,-2.8984617190477224,0.5982588814588196,-1.277695122520445,0.5556632366575998,-0.2916302855214237,1.7064043864254828,1.0446539370288626,1.474351944427948,-1.5085738609327866,0.09447251596880568,-1.1861576925364892,-0.17012507697011017,-0.32630557180813025,0.24949072005219322,-0.4173898345563171,-0.9616424309752707,-0.25134262353854,0.6412320252054101,-1.5180611614836421,0.801547993866252,0.9390430514961423,-0.4397862943009858,-0.5871839838015849,-1.4171825491890084,-0.29346364840438965,-0.9925782168216196,-0.22793007785532707,3
-3.3163826933649188,1.2589589245248414,-2.5060012290788753,-2.46531362440323,-0.5732615751969526,-0.24055068511319694,-0.19559770306134358,0.3927680111699561,1.144649787170454,0.33049835529189303,0.8951693046441732,-0.6721656829644215,-0.4594702579482993,-1.6174849235073312,1.9156402785882505,0.24808501243171469,-0.46668207079424945,0.5016136328665344,-0.43250042731079913,-0.5003754019239846,-0.38257406550325457,0.28453843588644084,-0.021948340179114078,-0.3635797303608205,0.5231983542058101,0.5643940252014387,-0.1666468682119742,0.37171744202560963,-0.8299250876406226,0.638978832901222,3
1.9170169156761985,5.881858952049382,-0.10727291811126068,0.5341311231920692,4.324661520656065,-0.7519653110062744,3.1599748072926035,-0.6433261263811346,3.09875858310012,-1.1494226011435449,-0.45202059517218074,-0.05716694231565554,1.8376747684143155,-3.2360151543120543,-0.8289288800929853,1.3450134342943563,-1.2251309663563077,1.5143152649897047,-0.8485377090669902,-0.02208656292881559,-1.1730541776326602,0.3282631526108239,-2.0096478695777527,-0.6246549301376326,0.22886594900778867,-0.9491069241802568,1.392881103585628,0.2708244295372026,1.1958299264506955,-0.7298204814443864,7
-0.299193573605167,0.11071211181183024,4.949271517695035,-0.2126599315261518,-0.47934280075517394,-0.10914292673853328,-0.44934461334062287,-0.4444723871925035,-0.31463282228623385,-2.125156642097331,0.2066332682506619,1.3658490038630633,0.2353449501239289,-0.13566226752395794,-0.7030553166878637,0.24719944396292548,0.7116871593803279,-0.8069276474169048,0.6935814807788474,-0.4225428309971352,0.23139146709006897,-0.7082755734258951,0.05989040819737565,-0.033522831577882974,-0.34299239810545296,0.16539587434074088,0.11681463106889209,0.10101858993577474,-0.2231508366279526,0.038563173627155514,1
2.1427772936454472,-2.2076885526141057,0.24430948317487036,0.84646738583567,0.3413419362820931,0.08465686641862945,-1.6465141144552096,-1.1118611722941163,1.5514928748241827,-0.4276968368050079,0.6331024431568303,-1.8086336113538883,-0.8170694148936455,0.18799522462772722,0.4005169983847212,-0.1739762923562118,0.6483007462838606,-0.7313402827251819,-0.5817743670918744,-0.06623542906126738,0.0876885835927615,0.9094175739538198,-0.15132766117714924,1.9592672874751487,-0.5969949912017325,-0.07032744701946067,0.6792984982693366,0.9701214410848551,-0.04532722503342403,-1.0791738622670952,6
5.189131427913325,1.0231603525098534,0.1537081081039106,0.21918099332838148,1.1335498541577964,0.9555333621181882,-0.8622488034971094,0.031117739853968103,-2.6526435650078612,0.282324970507746,0.546947848335126,0.828121958510345,-1.4750184641670716,0.8878527183254812,1.7770763695647576,-0.7022154456771251,0.7001982973813098,-0.8217853123317055,1.456276661982009,-0.20420073378917122,-1.7072547104889466,-0.8277725667942213,0.42336187252080737,0.8606202314953588,-0.7154172252532179,-0.1100810919300959,-0.03974312094270131,-0.33490417040062564,-0.46795873078583516,0.35666658359826825,4
-0.8969866668665858,-2.7277899435152357,3.234015997383681,0.8370328466445256,4.1036691869422,1.1957137140638483,-2.080101357053318,1.646086601811007,-0.6690841805268549,0.6414285774431865,-0.3840479982577401,0.4330329269622409,-1.66097468368434,1.7303763348195833,-1.9017888775913616,-0.5172365076490785,-0.3884841901820491,-0.06373205002126626,0.18563241658740476,-0.4192139430243649,0.0678482258193143,-0.8014673864098724,-0.006220198701968406,-1.4177987453195746,-1.0258681832087886,0.7639894366892936,0.6696987916643669,-1.5462961370758213,0.3525021436095702,-1.3797233952551693,1
-4.299337096583014,-0.6035446764835304,1.3863646636192657,0.4861466258184292,0.30602948819301734,-1.066181956805208,-0.07054175037716369,1.0651894429379614,0.02323322139194376,-0.9214423257662038,2.448265599061299,-1.2099977049842645,0.35993633087186944,-0.42441100473704235,0.10822798190527651,0.22690285264433632,0.359663982302548,-0.6342067299344178,-0.8694719561435447,-1.1636617157981262,-0.9410817686725481,-0.19148722518821681,0.7209246341553291,-0.5076476522676665,0.23655011826777506,0.0012498742377275835,1.0090913182796177,-0.4038314174431829,-0.5813563662766127,-0.6963864130240596,2
2.2982051366868648,1.9585252328105833,1.017659101866408,-3.740147082579293,-1.629274150971442,2.3363098238647466,-3.136632253633462,0.16767379977335783,-0.42427240198315136,0.5693454958642631,0.09096419684732351,-0.9897615396689332,0.8764307795133,0.8802048525661401,-1.2337193706078216,-0.3821779293275464,-0.21727692667637474,-0.09451906314359866,-0.7624074285728811,-0.8348692196338967,0.9699700788829485,0.2208421434214073,-0.8450910778073042,0.5610795630326884,-0.3038641448348553,-0.2293734068722697,-0.48978310509440726,-1.3497982335463863,-0.10221526230464933,0.07941523814839233,1
-0.056377134188266204,0.8002017398717138,3.74458431794167,0.5535385301052483,-1.484448300567717,-0.5611498730600512,0.6049806596967986,0.47493174654902665,-0.7170044749720322,-2.867458316963005,-0.2315554849816353,1.7041326654870146,0.5504135831052525,1.0122395942543818,-0.5024226564008561,-0.5366802521731253,-0.35091173144273147,0.5988381091094773,0.44442256539186376,0.008834799971678013,-0.6421553308182604,-0.2134436524140581,-0.8817620348011256,-0.8095330444474401,0.03499570300453706,-0.6505869009803723,-0.3648329494826329,-0.9142931210695161,-0.6230733873926004,0.7630805323753753,1
2.3298935710638853,-1.2237711463386176,-0.9248664018627096,0.204964049522721,-0.1466360559613303,-0.24756244761537022,-1.6075592535139915,-1.2001252547116288,1.2417979410414477,-0.7318853201786262,-0.20199409525285034,0.5144120628268379,1.433909035337425,0.06760281325203477,0.3898216197714186,-0.7472463374327111,0.0704796211160294,0.6932294812239602,-0.7305474076760458,1.1887656929929704,-0.4899719522301236,0.2181178466914064,0.16709011170804722,-0.1232716741323291,0.6540450164749451,1.160780648073872,-0.42557644507795434,0.5140866122201189,-1.179400671363452,0.04547681297185582,6
4.246552872335629,-2.713207784905333,2.506295242605147,3.536842566667418,-0.972446566310979,1.179328358363956,-0.08491622135660554,1.0706861910797787,1.1280144580592684,-0.14934828304293124,-0.5013284332368568,-0.45134259281729194,-1.385682551714739,-0.670425047855856,0.34302156083949403,1.1972474901795733,0.2897733159384604,1.0005339491920815,-1.3102428601888563,-1.1787200021887672,0.7354760138945605,-1.3050340719061413,0.08965391236260384,0.08812505438191247,0.8464612955863455,0.6972015072202121,0.0556284460251313,0.7743810836983043,0.21347579972398337,0.023972409880898635,4
2.238795105439055,2.7423566323439705,0.20025726704143512,-0.8488846918577405,-0.8246662272918432,-2.0203755461174593,-0.7320407159001078,-0.25728176027720995,-0.2998618965116449,2.027544337812913,0.1913380037264315,-0.07100902907207343,-0.9826601428565226,0.39504465963956403,0.699873494245541,0.13785946698966914,0.37721188057165617,-0.5120260270434185,-0.09105257170143694,0.1196542302751492,0.502428542752018,-0.671441644259785,-1.1644498959200205,0.9449382414715459,-0.17759942674155063,0.648146342786883,0.1853173977758153,-0.708827781646527,0.20859565418052994,1.0692623483678807,7
4.464715785442043,-0.652169555310844,0.39838754323319825,-2.1939886749724566,-1.8784104033749836,1.5039146375330363,-1.1838662518015641,-1.031289002232101,-2.047923518544642,1.489465482726529,-0.8270436635517778,-0.6820070611342679,0.32291867038430666,-0.7599559685832661,-0.7226852824797901,0.6742286077348161,0.21609316852223112,-1.0439855048500482,0.482572513876317,0.3923815044721729,0.3131353458061028,0.45201865959048837,-0.5739457334622818,-0.21478056714175797,0.9110342009837897,-1.9120770058350423,0.9334770803594767,-0.5304265365238329,0.6475197884555428,0.6194440427076137,4
-0.24985882527765035,1.3381597162282683,0.9002788528150285,0.7004900828689505,0.3334722658947194,-0.7278140491649592,-1.6846268059137957,-0.11983586234211567,1.3463422403423981,-0.7143816478471194,0.9996822707622182,-0.2778918590376511,-0.9750834417548121,1.966559491321545,-0.14752673997999996,0.30288601264748377,0.3991546882052791,-0.1686608855070824,-0.19885628148456663,-1.615947584723352,0.8548046022166585,-0.8684309485112665,-1.0268843821090883,-0.5337307180484342,-0.04169328504362102,-0.37307285112595034,-0.10360158080009015,-0.5382450999836256,0.40690601797064024,-0.1569583918406633,8
-3.5149977900090943,0.1541439923104064,-1.6673142109579602,-2.874001860199927,-0.8725173020715977,0.03163630221498575,-0.5198893655800464,-0.9454146924762653,0.34094983401824414,1.141183222641894,1.2852191934367985,-0.23535122567601555,-1.248248546552413,-1.8603836055817595,0.64396196692669,1.1040589576788102,0.6313045861446837,-0.6348569416370599,-0.8483138671724769,-0.7599717207793989,0.18310588263188005,-0.02947721251887663,-0.30551308997894394,0.5050469084160042,-0.6891202646766527,-0.08253467772563076,-0.4619863728919921,0.8681927902055543,-0.2085633415181179,0.057404634074466894,3
6.161415689373268,-1.3770994355035298,0.6266208723061696,1.5844943276664227,-0.7256840682337999,0.5192689638906725,0.4436752786975547,1.3058664427069706,-1.8339916718647313,0.19621617192089041,-0.8705036224714601,-0.42167082880824536,-0.7499131504608836,-0.19049928058408402,0.5751819862954254,0.46775910683311206,-0.06851496404401736,-0.15416069018911407,0.6588660589553406,-0.3519291327291668,-0.8553941249040542,-0.5443982077147991,-0.19012733648482907,-0.9361241528569755,0.7720824916709594,0.31075586586998694,0.901148620552259,0.06825666386308174,-0.6545470673435896,-0.5191296938926564,4
1.9862257096142328,-3.5609302049356026,-1.723218735075851,-0.22207980584759324,-0.6734538080860465,0.4941472254543599,0.5643772249887297,0.2940368765169714,-0.6607838194382951,-1.9131566618923592,-0.7831372311416765,-0.011189613143554624,1.2824095387626353,-0.0816960961057359,-1.4393888469938174,-0.3976382053339312,-0.5542905030442435,-0.11392663919842434,0.6180436252258481,0.5479220155957172,0.3761769157595933,0.7428529169592367,-0.6092478199548338,-0.21320740441841687,0.003221077832801578,-0.07653140483426076,-0.3803074887318329,0.0041629240378279605,-0.3693258763022877,0.5505971171577195,0
-1.743611256659986,1.7553514376439405,0.1508925411198233,2.1789264030078708,0.8134120676655503,1.5232881922312873,-2.085963351603726,-0.3049626393918846,-0.31532373562043614,0.8619011375932858,-1.933801140236353,2.086806657444974,-0.08577897144169958,-0.31957004448660253,-0.22365358528690266,-0.897032581231398,0.32140574540797473,0.014462466422167418,0.018625771045461287,0.9428956258108508,0.6782982657111235,-1.2096230193255313,-0.24646033046186555,0.9255547816030064,1.874596006468027,-0.3316846357998439,-0.9237811396214731,-0.7487744908691683,-0.9884098896255267,-0.5889726314491802,5
1.6432476976127213,1.9662010472049614,0.5508598468794537,-4.79300165303872,-2.787330796589999,1.6330221059771175,-1.715112601579431,-0.6003135924343349,-1.040850183665971,1.6433143171260818,0.3759545052091586,-1.4156586076095503,-0.6802838238328105,0.9261195480539894,-1.342036804375656,-0.028493786420683297,-0.8515648372745471,0.29581205417306017,-0.5514159379765945,-0.6420888069526755,0.9068600650357459,1.5227430159089281,-1.4030206001982284,0.8785119481594874,0.2943498561750199,0.13992662282896084,-0.21456794578084892,-1.3904683973288052,0.24984428021116448,0.6223722758117131,1
-1.4241427968330604,-0.974006395434333,-3.077985478358556,-3.0479695870578984,-1.0651776776154287,-0.08319246811108506,1.1014689716150403,0.7132352398684302,-1.1028801468197773,-0.7079386779431597,-1.0759908632418644,0.9424596055897195,0.9263725412135556,-1.6572226175125484,-0.34415658939799015,0.313270391221358,0.8122549337697088,-1.3668685868863502,0.7032875975936462,0.4218028780605567,0.8208094816336843,-0.9001589200984446,-0.37711830560117315,-0.5700497986242115,-1.7831900912667145,-0.29246076703190405,-0.12730584951695972,-0.37853944121190997,0.28420098732326693,-0.7327757373893058,9
5.024090005265609,-0.051518368040107634,0.15048039257453524,-1.788749955140005,-3.1182730216443924,1.692809990338652,0.04347593312858414,-0.8436233207719088,-2.5438303957497004,1.6694045493317937,-0.09287306713529629,-1.1822901612375873,-0.9029519152130895,-0.012391389608309928,-0.3879209901728741,1.4624820907701532,0.4450208960375543,-0.48066537729622444,-0.389793074005076,-0.219079211949635,-0.9161407691237282,0.7205589402207061,-0.37072765238666094,-0.5737425914436408,0.6683295084471033,-0.3370654170588343,0.7260705679683737,0.5194937333850458,0.20114273684525807,0.21230478943216582,4
-1.2677381880700198,3.1407267087650723,1.2070930859747206,2.5449528477085273,2.801779781533629,0.444779981783683,-1.6684978261196577,-0.5828794081042775,1.8093179328213471,-0.7061944258873192,-1.2009548983187357,0.09759294735344011,0.6112152827186627,-0.27086137276980227,-0.21546311484534794,1.3610389642402365,1.390966768823262,-1.3908402411966716,-0.3446162317236056,0.1260103118206577,0.009675490945649049,0.78395281650104,0.4530333889723014,-1.5064110392588108,-1.5303001636968743,-1.654487723330926,1.119441080673704,-0.30460288388735546,1.0434460726700245,0.862671988077298,5
-1.197109414887376,2.643577864563954,1.7260958254221266,0.4257363825071911,-1.028780540181111,-2.8892635797322557,0.9934075307527908,0.06415626710610012,-1.4683763189469459,0.43045072210061736,1.398114839110765,0.3594244002604825,-0.3667968640040888,0.06798436362206686,-0.1769958811125696,-0.17514061865024827,0.10163344438028367,-0.8465278843807582,0.4714879617204056,0.28346420427088015,-0.7616432505931446,0.40727048226275886,-0.2598406356749744,1.12196815493313,-0.0013684122889066088,-0.6200237451350761,0.6952185210171415,0.7130706022703146,-0.01145038998689744,0.9322011632025138,7
1.3509953439356144,-4.129028425963204,1.262231313131099,0.45169481187463123,1.3956140405733972,-0.2861108379259827,-0.9133117072985159,-1.2030043698803805,1.7710779178826308,-1.0183445750338094,0.4150935520508088,-0.8571087268229386,0.04868893921966377,-0.06276736217216694,0.9205707297876998,-0.6184844355952333,0.5945473846421221,-0.4006201130843263,-0.6617627916893973,0.6232819972368441,-0.863292960505757,-0.10672094759902793,-0.8304985770625253,0.19915493125177455,-0.37020353851358573,-0.2030388655421273,-0.2660966270731932,-0.22045427773777884,0.18479974826471468,-0.584809475806247,6
-2.5980054693913597,-0.43222598800957907,-1.796911530480529,-1.5791806899916234,0.3071101593956096,-0.19063028514175473,-1.1239576958570678,0.06453510008533828,1.500288338486646,0.20371651706079896,1.9214574862115044,-1.3965798640167582,-0.47320249995115987,0.08324382213422711,0.1678690244119368,-0.5145363702120815,-0.39109774043412115,0.35199804628295556,-0.7243743861742155,-0.8463235444983438,0.09609573442435075,-0.25063153574715147,0.29184122537936713,0.8607732513339021,0.679249341695468,-0.5821616420756514,-0.5216397453673105,0.8593393290190499,-0.5160924552325565,-1.0493917266511945,3
2.5232085575331125,4.321101702478188,0.12640878826528648,-1.8615856229305041,-0.621209842838913,-1.2220303208601733,0.0330841536881735,-0.2533299659955262,0.30960252366331464,0.7428608616639546,-0.71805792950216,-0.41725043961421526,0.189896894996287,0.8696062579586327,1.0241109385331877,-0.3492348809267095,0.17640261023201897,-0.2329197103212349,0.970914182913626,0.658263439074694,-0.19797333094126823,-0.0952410465677672,0.489719045405151,-0.07644990505739142,-1.2995416065608743,-0.45149079383864843,0.5426683196840265,0.441641727786539,-0.024856101302742652,1.0194802182636002,7
-0.607582087471327,-1.745215077541708,-4.724653627211042,2.075914548628721,0.10216149572773467,-0.7564147933323355,0.6045915317757208,0.9622072777839391,-0.5925638220963343,-0.05180545341741418,0.6497500081170461,-1.129444858364507,-0.7717216251505785,0.1751940920594313,0.08423598037598423,1.3536902671209472,0.42003975909341484,-0.8511584239622912,-0.14311178180715464,-1.2530226680790955,0.3349847072092075,0.42022176506200215,-0.08129991130203784,-0.7470011647646428,-0.5071285554057251,0.42531533780713593,-0.006333503272347657,0.4881110581935378,0.17115213034116586,-0.17209280798800786,0
0.3973390524481424,0.08206714022079613,2.023993992599756,0.03423387626948938,0.7960689736837538,0.7442861487252714,-2.1547457991075287,-0.581612138111169,0.18063627344049238,-0.8978871173175607,-0.7930426338556832,2.5296908856761315,-1.1935670480002694,-0.3257489715598686,0.5946508279107587,-0.15518597905263723,0.7408883851875213,-0.39133344852829255,0.9319128990457128,0.44465306198584237,-0.00027520146976973714,-1.1293881606595597,-0.42139807175614996,0.7798176302778669,0.7448475858809152,-0.3021986649263635,0.23942955167317576,0.2515145804994627,-0.44926668457281493,0.2663034814393436,5
-0.3462935503418252,-0.19261760305181178,-3.1155913243213917,-2.1192320008582075,-1.4381514028259368,1.799717625220202,1.1986481450464188,1.154343304237507,1.738666154643844,-1.7749871250573994,-0.44220481764978403,0.2968346309106749,1.2096606454555414,1.2358755195818865,-0.21997084757333046,-1.4409364931934259,-0.22621563260548735,0.9511039633853892,0.31070868559093545,1.0376090162297948,0.12676517627213252,-2.042756085494561,1.26549990317853,1.3386752589213655,1.3298750810157722,0.5109311271002067,1.0229969453790932,-0.20428726130488636,0.8484429591840443,0.12590392420739174,9
4.096734915775686,8.002412493076713,-1.155621177955791,0.018336321310575755,8.881253502997657,2.9131546546583578,5.305320328323812,-1.0753037787302184,2.1453356833478106,-1.9494825710385686,0.16244336127902215,-0.2529221142646763,1.9385222405061302,-3.2848673182085615,-2.4312906380699366,2.945860269667528,-0.26047357426464873,-0.4113073020652037,-0.40802304503764736,-0.7347030605951297,-2.541081533370446,-0.7765591741884683,-2.8915266370908723,1.2487003623295903,1.3479740717503204,-0.09061458354363494,0.3168236707744864,-0.43313474526266765,0.4183687546299145,0.1758924222853936,7
2.1905410133255128,1.2051549572571854,-0.22969865502443593,1.167683721549162,1.1798691688050342,-0.012876515882860215,-2.8802425158511458,-0.68709341708954,1.5632797610917837,-0.1154726430965193,-1.2010161940481536,0.6803146070726044,-0.08641477292446686,-1.2954031438729923,1.3804218072888172,0.23855502432145007,0.9464523355070212,-0.016819147697591373,-0.777979093454705,0.5548894831911465,-0.30636430605566556,0.827025432413281,0.1394615205704944,0.36978911107789286,-2.4736213698296443,0.33730196135935375,0.669964179093756,-0.21566801583667283,0.30733447003380476,0.06576377345654756,5
-2.6640805207011136,-0.49339432106601866,-3.455061655559564,-1.4478972095538485,-1.169819118329036,-0.09190996477574195,-0.1952414364719786,0.2635990211763857,-0.9683516552459589,-0.3828122902274323,1.0010564156371164,0.04402811260125809,1.762945360389398,-0.3407130447228781,-0.3451382894707148,-0.4428406924407048,-0.5626737483346348,-0.045718389048534355,0.10664524560601378,-0.01885496829556555,-0.05880841729632279,0.005600011472087062,-0.6257837371184423,-0.6649449012689521,0.9915371159228313,0.2864003732718198,-0.11824250616480497,0.14277128261328084,0.25932031266341216,0.6150284368230852,9
1.818330222425624,4.800702710823797,0.312554400255392,-0.5149868254500348,2.215232303475181,-1.4009493133844744,1.4300142940595082,-0.2716389137518367,2.9657651192715115,0.8093813524247909,-1.4248677795144036,-0.38597628039568305,-0.2985033693030632,-1.7233948922519153,0.4783063855834829,0.774014619232569,-0.7012298439634755,0.589645590925878,0.6765715306115855,-0.02711589718981378,1.2019138423146243,-0.8346617567205801,-0.5982802211448975,-0.7776050925456123,0.44457709621614,-0.3138771290578018,0.7094945284021448,0.7001169536159385,0.0886785884296226,-0.45459697732357074,7
5.504906828642295,-0.9686507720230455,0.0727850930873466,1.01517465908532,-1.7713220934144636,2.016287540927016,1.8299490820345254,1.4974117233123214,-0.38119957890591755,-0.4063136983003245,-1.0288389232215538,-1.0164531690711183,-0.9394226730742384,0.7955059444178083,0.8848929581298496,0.34208061659369304,-0.0007440293498653246,0.41863900066744686,0.5982372891486583,0.092777194999554,-0.7328189697152219,-1.4562668277034705,0.5987747093591052,0.4001657999732677,2.368162555365952,0.038635742216590545,1.0350176304703487,0.3192406935319923,-0.41955268848864274,1.0871006645238779,4
-1.6053159534867347,1.2719924292042748,0.34334774510466626,-0.2560720062350256,0.7806853325634666,-1.2947438389492905,-1.3581233993944022,1.4489403921854043,1.860224032974408,-1.6114327360613092,1.1844569037052537,-1.0473351228675143,1.3450577727201884,-0.4915330444057137,1.094744728442769,-0.7592985935191696,0.06551417504894855,-0.3924877089546909,0.04440974098025039,-1.2965455201295943,0.5668641203011804,-0.21377500515872253,0.4263906431813696,-0.47390194551673964,-0.609859212208703,1.0329517700431634,0.33306124449189145,0.2751035252649546,0.21460687208885637,-0.9450483591793553,2
-3.263863174148785,-3.0091167813362043,3.7706510882985693,-1.3085541609539864,4.357673661228235,1.6753639242953091,-0.3839612746076027,2.1945911442822865,-0.6247964682298794,1.3517736747204465,-1.6209853245849002,0.49327137592767756,-2.15785009140029,2.2381597205840325,-1.1982737956013203,-0.07894322955463741,-0.7611558443156369,0.4249151737205631,-0.18431645335311186,0.76506900838454,-0.5878927539227504,0.1410769674051656,0.18204028825944837,-2.128599566044097,0.08862172137130286,-0.8898866214472285,-0.17531459264430452,0.1829741856980795,0.7636091027400238,-0.7362178492186163,1
-2.975795886041714,0.5578230820797196,-4.73925771656082,-0.4714049166119525,-0.3755913630453891,0.29908792803052264,0.5651873635497477,-0.44751624411358193,-0.19457013828530087,0.4490665824740103,0.4670637204407037,0.6953601812377342,0.17609462398700765,1.9123334320642729,-0.7152377297851413,-0.05879970665110408,-0.2852653817535067,0.4544995880688092,0.35496915521138644,-0.33597264167008434,0.08165645960772094,-1.386449519452069,-0.4597253954998888,-1.3089386567568837,0.8434008255536389,-0.4467259608590821,-0.37489049694892485,0.06808678116005558,0.3447365184150444,-0.025453627820012197,9
1.289204623743993,-1.135435929975433,-2.3429231188093005,3.3694060169937683,-0.295864860296477,-0.5766328328860291,0.2112146418085139,1.8963197096584585,-0.1650038896747961,-1.6173746724308553,-0.964697872166134,-0.9304712413810592,-0.2106607109973655,0.2610125212805928,-0.5492012609327918,0.33882025503593505,0.32121225603161174,-0.5929207795948961,-0.7751644940646478,0.03208794405794425,0.5680107388398272,2.0832015377765933,-0.13516825294448861,0.7050906505935963,0.4759799926881983,0.4956026144756952,-0.9547875342155556,-0.5668643256709681,-0.17025299891123888,-0.07507657362478354,0
-0.8174877190389229,3.795196292703116,0.6291297133763566,0.18625621843999884,-1.6346872585414824,-2.644271559107964,0.9831341754077233,-1.114990503650611,-0.6403372862995935,0.9931619835906978,0.852525851552242,0.05169951437218646,-0.24771792256079136,2.6102701095546483,-1.5361124151669188,-0.37589704322740164,0.4203746791019774,-1.0163815705613513,-0.674216461863585,1.1846721658223685,-0.5006225920933897,0.6322097189215423,-0.8095907087455009,0.67802239120024,1.4285455195720373,0.590630834642107,-0.15040880329528192,-0.6276187671971316,-0.011146941413558415,-0.5144437605211973,7
-1.2626857807356469,1.6763183981352938,0.9742808970425726,3.4282518769941905,1.6176006338689302,-0.18717163518175348,-3.979925630192114,0.8929690466655125,-0.23852419240475542,0.05755254874894294,0.6375082670416075,1.3849857986417367,0.3586630274267322,0.24909972710288625,0.05005265257951163,-0.17347403444750994,0.6572996898193217,-0.26335334136861294,-1.1922134941602054,-0.4060509298638819,-0.3081903876886981,-0.1394484670456801,0.3561925730692774,0.5153346182593729,1.0346590232611546,0.5020292200792296,-0.3631085583511264,-0.37834200037525273,0.2674866655922664,0.47798554898937534,5
-0.8493942436935493,3.4842659893038963,1.1670639031778693,-0.7425512453066105,-0.5683452748285182,-0.38505799798432383,0.5125339660211692,0.2961831104273532,1.5352461023152624,-1.6011294186230849,-0.6905809493756997,-1.2650573183614184,-0.05773942798576344,0.5684706867631903,1.3072630322900662,0.5861308520601455,0.8031862616314539,-0.7009187551741519,0.35037691249331515,-0.42654001943786085,0.05593309355879149,1.1882206219294262,0.257213333133659,-1.2317740746815526,-1.7147068921520012,0.48167441142428097,0.5077586030906133,0.17610354113730828,-0.6464029410899507,0.5563837861589198,3
-4.411412159262226,-0.7558758709381554,-2.26318903428041,-1.3299267478001318,-1.2251361176546416,-0.7174703842855518,1.372765097606843,-2.182330170612269,-1.0431404296102196,1.557984839285704,0.6348434705931094,0.9661103608881284,-0.29819855567207487,-2.036018669203937,0.8067448055875744,0.4247938066193783,0.09092880312667244,0.019737222158974808,-0.07739523920479964,0.06469529580181191,-0.593714617303332,-0.20524819809799033,-0.021556081482565066,-0.924924425850074,-1.1697276773531067,0.11130323351886791,-0.13546428351662343,-0.5026654952454369,0.2612236957202727,0.2620681088025566,3
1.8076768336746345,-4.132951343552549,0.5932823180965201,0.388070390343584,1.6808599562637199,-2.01830810588428,0.2919327296248991,-1.7851473283033763,1.179800406999275,1.589328930924644,0.9519263780342705,-1.270180192912574,0.225542705010469,-0.7666222170710285,0.3129479254845804,-0.14682724498964053,0.2583126278858775,-0.515048616435846,-0.7749033008080956,0.040598749656935676,-0.06672645840878272,-0.7300951614156985,0.15739562735843515,0.27796332791598216,-0.8823546700940723,-0.8903495647448781,-0.7003121770113592,-0.5585252715367638,-0.07113112051887943,0.6813258028503663,6
-2.340183192602482,0.8002608498269779,-3.3333696659243057,-2.0458763128510427,-1.0656440530556928,-0.8013557745426539,0.0176310591327974,0.4644595806485149,0.2846860685958907,-0.18319515299425188,-0.6020007970445073,1.1549400255891016,0.8330974753964844,-2.1222661928858186,0.716447511168065,0.1374108273754504,0.35640180757024315,-0.2890486749365282,-0.16335454212120606,0.6955930672778743,0.5618700282499883,-0.5679008912448639,0.25140226904354795,-0.584021220354201,0.016902625171703142,0.35345807884859765,-0.32823895467277125,0.5893615815805814,-0.14076932055052246,-0.730646262471167,3
-1.643981036922795,-3.0576368621313343,-2.135143893194902,-5.189587497828868,2.0948684919895926,-2.3204998904706646,3.0861885144787924,0.24992873420649503,-2.217244483666874,2.5970048946113393,-2.5634606824534796,4.567532749691579,5.73025352033233,3.6150949469222757,2.666496217623006,2.5598128538179976,1.466251515339046,1.1915338392284585,-0.1730782459258572,-3.3403877170234835,1.0432196946507433,1.0021631197781677,0.4118873685085337,0.9614680951997099,-0.6249812053872944,-1.255177118179007,0.089106346492488,-0.6487819771901672,0.11643237710964886,-1.433915315708151,9
2.2684956762056907,-5.5166374967701,0.2974981485394974,2.0227344973457524,0.7710199039331248,-0.2639549767487841,0.6607018835060467,-1.2414362018458103,1.4336307247695386,-0.01593969425893227,-0.35354513530307624,0.41742082522122415,-1.1926772986542804,-1.2868455396130127,0.5014568383542887,0.01623882885808433,-0.8249014944547103,1.4730419229620806,-0.2940283679993899,-0.2176910847379689,-0.07165386344240109,-0.1268789304758058,-0.03148358104992142,-0.9718233988545549,-0.1985308495726643,0.8713744327948151,-0.36611739278819555,-0.4890069697065722,0.744315228903993,-0.1868794054391309,6
-1.23339615193614,-1.562941644969386,-2.1546748821109687,-2.2103675207344016,-0.6250473035991283,-0.7663836200180082,1.2534035551553004,-0.051956330300822744,-0.07676616384307343,-1.0781444437296042,-0.1407570133662125,1.3184639931547557,1.16726830986039,-0.11355727319963561,-0.46326525373322636,-1.2225051536946745,-0.5439862395585849,0.263175841083922,0.8041069528244945,0.9505155320351678,-0.009214869038171697,-0.7910493566224921,0.07577738279140284,-0.1465853327066219,0.31685698471809887,-0.08990833229533271,-0.502476307735051,-0.7934572074772538,0.011716373451782947,0.3208560777783339,9
-1.8915031506199491,-0.36441702281668426,-3.4137540043535104,0.898794593306907,1.281115979921985,0.2794551853687083,-1.393270810771975,-1.275837414143857,0.90416412557395,0.9883709807490627,-0.2894764549927564,1.1498002953750188,-0.1897324065093567,-0.08713948562519477,-0.5801862373448585,0.35650271115538096,0.490276348130877,0.09143729946960008,-0.9312123373520788,0.41274297075495003,-0.16993800992119829,0.0916649122358928,1.2049753684421465,-0.6204368333252118,-0.21503913815995926,0.5427871410438313,0.44058935876956823,-1.1397715871482488,-0.10727792100548665,0.25955387074551056,5
0.863155203366225,-1.8589387904080696,-4.6953678333295255,3.3716627433511053,-1.3314657073296103,-0.5437297793465657,1.1761023473120424,2.9844468000055935,-1.6201116141430518,-0.9540423372742252,0.061891948559679645,-0.45987731537320325,0.8491816199524203,-0.7784606196321193,0.7414094002931809,0.9561787591686475,0.6516692010630976,-0.2690406564020028,-1.2167688773477594,-0.36611647878743203,-0.817653981674637,0.20874330630315674,0.6765703535556371,-0.5578224659377121,-0.45964013489509403,1.46082765229624,0.4929006920140117,-0.003280094627917129,0.39284505300748457,0.0849784631989969,0
-0.08770805701676157,1.1611113298110982,4.816370430789786,-1.7130801762232155,-0.5833665055451022,-0.20578486462367412,-0.12956186456607147,0.2618277832458287,-0.9451251967863108,-0.36949434073868814,0.047878843613862083,1.1386147536087878,-0.7519906880309486,-1.4969116322707419,-0.5364020733124434,0.47697854237894804,0.15032173516667943,-0.9947837873227731,1.592435365174478,-0.8852481473275576,1.2544952481874068,-0.95791468083908,0.38291257985179755,0.4660088511710586,0.5350047187070808,1.0065302234420734,0.6941083431177015,0.3254977755310506,-0.03389771551854454,0.18574972831170855,1
-2.1697981489644538,-0.1793631614539301,-2.4912503212583834,0.8919495900874188,0.7911843572869268,1.74040302150633,-1.8619996415921671,-0.38723698843965526,0.3922797313703294,0.5163651487433827,-0.5886616413014428,0.9989953090368561,-0.3840982609352836,0.05891676520133271,-1.0640133372528486,0.008497888805493195,0.7231243035731681,-0.3048771347605308,-0.456891639747572,0.014179257547757486,0.7209580993025292,-0.9655865643852977,0.683888674770405,0.9502319976292388,0.2158552872181995,-0.5356599592386871,0.3697160450012284,-0.19725415090564918,-0.606020838095584,-0.6871155547337241,5
-2.650987091062972,3.501821676595826,1.266625322329624,1.4898220458389695,1.4856583744128773,1.4527639345514123,-1.388515392307936,-0.23578646210180876,1.3126523855421297,-0.42777778315583914,-1.8477675512430318,1.2804855165923548,0.44416341955761085,-0.7667825428549025,-0.060411339526142124,0.7174196363360932,0.6201012059735108,-0.15724758511626127,-0.42826535799887505,0.4403547129227675,0.3043236177471626,-0.08871480774832888,0.7888006110301075,-1.3367736757001112,0.3815176710711098,-1.131317870295991,-0.6658438478804198,-0.01781662264920014,-0.6240054861372288,0.0524944589317836,5
0.0065873526231978044,1.6700872855177955,-0.39547369137824406,-1.8197614882773494,-1.5714863940667185,0.5394802833242263,0.26020527491655193,-0.7620586908909889,1.558454269597472,-1.4789306139852263,0.24807322295110026,-0.45658096061096637,-0.5008107714213564,1.499694495696632,-0.6574801803667073,-0.6422172385686666,-0.823787151060849,1.5400593190796459,0.09628349865083088,-0.3237662072088117,0.13088847226269457,1.236974804414438,0.9182561564329973,1.280911465275657,-1.1939189136877708,-0.4457535666248215,-0.46855347265668257,1.765558791046191,0.0878207232089762,-0.16670365510212687,8
-2.1501231548929844,4.547683808263931,-1.239112489665188,0.16964732458272921,-0.7090926222099991,0.7550880453496978,1.4494181657787022,0.46949351706713144,-0.10348088273632873,1.7123422108802195,-2.0829584992214296,-0.7305733244890454,-0.9793704626712995,-1.1483432791538069,2.8311958930131724,-1.2956923064043713,-0.9199837914871307,0.7568829302116107,1.374750687626627,0.14456641625983055,0.24593338408176407,0.023805157928148725,-0.8004520401920326,0.7388743929786298,0.7601154749987757,0.433195610029629,-0.9818604476910225,-0.6736092560003144,-1.418871808471848,0.11422070501057752,3
-0.24935148698638387,4.833959484764621,-1.107353453194538,-1.2111147863471374,1.1167247958606275,-0.05079799977906371,0.5047651552837721,1.1833298870720106,2.244031660704764,0.3419208774698583,-1.5973110735015053,-0.9963958500051003,-1.8092661144537916,-0.4457451909990531,1.9150348869527356,0.48505206221189373,0.2921604844614043,-0.31196539423274217,1.0599979545461646,-0.7154213437747945,0.6069889028691755,0.09815320855809356,1.1603285649266253,-0.29366207443660114,-0.8851289725384401,0.3856622258431152,0.2405796350686718,-0.14789953346021553,-1.4650740250243048,0.46619079913831035,3
1.1555943990051611,-5.008282209564919,0.2647423410593971,0.6468097145070218,1.68630363574339,-1.1423812523644672,0.9182016443785338,-2.2509923501689255,1.1953025478914334,0.9147453456425438,0.38741754205731094,-0.6122973381639879,-1.7072776143223198,-0.4381494020544564,-0.44435658481445306,-0.1288967057149083,-1.0087063611236429,0.7487551217262389,0.48285091615393005,-0.4050843238572534,0.20057613514673514,0.4409828023921029,0.12471422096272704,-0.4836299843078275,-1.031974571352267,-0.5354530263452957,-0.4822801292594808,-0.5248756521538963,-0.03896956695308282,0.46995217612463064,6
-4.5017332142628765,0.5815049408407492,0.7326149639460869,0.28903886242068855,-0.1685409127653893,-0.1625041306864153,0.6292665483794538,1.5483018184991402,-0.0424165319342609,-0.22874177515857147,0.010461898186140432,-0.6748208542547308,-0.37438452524993354,-1.2718869970286761,1.166693826076063,-0.6169888104929803,-0.2572856819630712,-0.2597768016895266,-0.1817439150970951,-0.7235778088113185,-0.06140876638342589,0.0721929065693957,-0.5043077953301484,-0.5516986200899919,0.6028591704165946,-0.6878996426905923,-0.018590003597447467,-2.12549240129298,-0.3472580132327812,-0.888571018873539,2
1.8954960105594578,-2.5305628234100075,-0.7991719307378579,0.9693346083958506,0.487692754529815,-0.8798067206820698,-0.8002564407450174,-1.813740793965716,1.5524397663394052,0.0980323863437003,0.2954495576927361,-0.9916970002528869,-0.6684258321755647,-0.6088208681079403,0.5083603782490959,0.3115662934337278,0.9809351275135658,-0.9793381118092045,-0.42135358626687724,0.20612963543438817,0.4455840246297959,0.18046260022965183,0.04524660575159019,1.3217807452093555,-0.718841150142352,-0.415776492598876,0.02658603671736194,0.6006530862261645,-0.29636364536643883,-0.13875698448474721,6
-4.11290498879918,2.9460394266634546,1.6807673740350773,9.23192330815714,1.5458980653928105,2.9915450224805276,-0.48012746806522927,-2.652727750504483,-1.4134487699103666,3.9973077667280066,-2.1345257760791676,-3.7389568019392847,4.155441981572993,0.4386802234096181,1.6566121161693088,-2.651162628647462,-0.45783570324895856,-0.1761656100327299,0.7764045279355865,0.45620751841334023,0.7140494489755218,-0.27754883794229834,-2.016479663123595,0.40545801726535935,-1.0891185752444619,0.8516423521927841,-0.41164739855522703,-0.12190663908914719,0.544104975358973,-0.9022175299617597,5
3.730009037577414,0.4616995866041241,-0.243109842818929,2.042227657304328,-0.2394964437420802,-0.9039388601350012,-0.9603719198622855,-0.8018213185924424,0.5077702451284489,0.9572440437433289,-1.7990631127359653,1.4396009323175591,0.35697303619677273,-1.6948725156591877,0.6488219415642942,0.6808021174320483,0.5471295953170768,0.8964198345872002,-1.3136065997807262,1.3604860766972138,-0.6856075331512086,0.08754256641898016,0.5637722947951412,-1.0177688567923777,-1.2752028135237863,-0.16859444382810201,0.4224135849571156,0.1414099794085624,-0.13949402520921053,-0.6470499073633921,5
-6.519628896873814,-0.3738360552921198,2.168837791360652,3.7765776872151475,0.06326914493859856,3.4253040017177905,1.2098396264535687,-0.8051679498494507,-2.587858373625651,1.84788402551599,-1.0265755735298543,-1.9193363398778367,1.1889279727268585,-1.9643459741499196,1.1689041127910111,-1.6769129703896415,-1.8244124619730666,0.45321943667675135,2.0360269718109123,-1.062993810492893,0.667989878708331,0.9312339678948532,-0.3846147071752867,-0.04232815874889847,0.41261713552705853,0.6614433220144148,-0.4266750907900273,0.1916681634634983,0.022577304382076103,-0.7063037184409778,2
1.8846734663885505,-1.8471902493996937,-2.6919253997680843,2.4043784090164455,-0.2776328851383878,-0.03257748436577506,0.726558298941154,2.1822145476337758,-1.1354861939098715,-2.055792759159852,-1.0287670594216085,-0.27233731312197773,0.18753801159482553,-0.02048618713749458,-0.618964589587523,0.26618785240361637,0.3057351775679706,-0.7095867079634902,0.18020130984156055,-0.28450263752263627,0.3953256718603508,1.1851394736727132,0.20152198488435058,0.28342628136246406,-1.0187971143912502,0.7226591060431198,-0.6968210919755777,0.12231877469778188,0.015776616852150756,-0.511561121152106,0
-0.33542361087791145,-0.923389662350464,0.8993710522801031,-0.3353668799660241,-0.4291220397171471,-0.0660180631097837,-0.8163041430304928,-0.056084419470559685,1.0521149147588007,-2.5279239585371904,0.9385553041261467,-0.0720332286303763,0.04472221221255113,0.9832358138485296,1.0910671842996145,-0.9356534377371923,-0.604005577156324,0.860382654846779,0.28229085224538203,-0.5588085898417735,-0.9069773866828489,0.6196080038634507,-1.0813507731523762,-0.4414698096478593,0.6416336421263166,-0.3890093589055283,-0.1639619156516899,0.28158920684307154,0.45610049534382857,-0.15264236705794798,8
0.974221544210416,4.534952381990128,0.4117669994863793,-0.6106669229870377,0.45248861087929737,-2.557408777509594,0.8310985009938823,-0.09940020850796955,1.9823533220978338,1.2114092505639509,-1.5183596513706799,-0.14352889861396986,0.3464435341479366,-1.4680182760069784,1.0068004538312079,0.19371777919947555,-0.07026934359665839,0.1273108728688944,0.5362467588460861,0.7333414954413019,0.9268398270258604,-0.41183457380282634,1.1912852702442005,-1.2689823283491575,-0.8331680475819927,-0.2265817331924841,0.3644208317726624,0.20608555604866752,0.674447485833581,-0.3250081056583723,7
-2.9572511775347814,0.6199566593051035,-1.3113006136899144,-2.3770031665533558,-0.9320318301227213,-0.2142204534477972,-0.5145396384996188,-0.4623008605260841,0.7491156247079842,0.3947918742870113,0.5925540533274601,-0.014233400971805948,-1.4994224263101787,-1.7714071291103648,1.0392553967251617,0.6495320843055366,0.7079878765542844,-0.6621435923438428,-0.5618341841686663,-0.3912345712909752,0.41042114317248435,0.3490617500884509,-0.2789610111751162,1.0050928164055437,-0.5414277370249622,0.23235768745507737,-0.3749795741666654,0.720517873608958,0.0658804501483151,-0.3116235271496828,3
0.053037743230521135,3.661233107214305,1.1767650051923804,-0.5682820277599548,-1.4228992656343604,-3.318785444081916,1.1697860343848532,-0.2073145600377237,-0.7112310625966631,1.2305474727809018,0.4919822529975308,0.20026821187551413,-0.6877482867903595,0.9853304975036434,-0.00013133254343482696,-0.376292823478367,0.381421346912523,-1.0239721119323841,0.223288807262761,0.9412752185214156,0.036443850919546945,-0.18792876630491,-1.018517307027846,1.1962897556663146,0.6848984619692355,0.24784871204592537,0.13349098454860212,-0.25958522728451533,0.47532899390229855,0.15220571415175407,7
1.667729415241752,-1.8887357311241417,-3.7498979246936264,1.8518851344944223,-0.5476327543961967,-0.7680013266879554,0.6223236577967007,2.2991581058639667,-0.652907559789178,-1.570176301129877,-0.755131200947548,-0.5449040012884079,0.655519791010403,-0.7018167677846355,0.5836267756994443,-0.1687577753716705,0.16878297678414558,-0.4865959574180247,-0.12733772645345293,0.3314612260804718,-0.15747191430608262,0.8638673996487779,-0.15804909205129047,0.0526624028002812,0.16149480421583315,0.5240833679630175,-0.21557662829794247,-0.4783305317249572,0.05597437854559249,-0.17276645227978588,0
-2.120983620581134,-1.7717870007520857,2.63019617206122,-1.4952288801059221,1.3547131325591064,-1.2666165881373022,1.5289077121738195,1.6087827436861741,0.05555442332226243,0.4002221482107878,0.44879520365306275,-1.296044244163171,0.22653596795401162,0.34172385349384365,-1.3486558188371238,-0.4752975275943973,-0.4594038640968171,-0.48998138573848643,-0.5261550338357068,-0.32197438715676624,0.3422673133159598,0.33481338730525123,0.8527864660732174,1.2235627111223117,-0.14420776765095708,-0.6981033547591801,-0.19792347754410441,-0.5129380505067509,-0.7607855320010637,-0.2856232311135662,2
-5.954762857056473,-2.020051838192616,1.2610428612955256,2.8375522194971694,-1.3297797206010005,3.4048832885654785,2.3865985376940135,-0.7961807616400475,-0.8544514780763377,-0.007244987607444708,0.7709329836796833,-1.4824904970736394,0.7045135445461139,1.1737637750574568,-0.657256265142236,0.06465636959894247,0.05712845052829439,1.0308083622723423,-0.5737048112732371,-0.5483294080406393,-1.0380983993916237,-0.8943673425241251,1.3071022424212388,0.32579371466910856,-1.355146847728975,-0.3956028763984105,1.7545766549254653,0.12260649506457828,0.6486365370483708,0.6548638838615084,2
-1.985810372231104,3.6574820876859,-3.40550036483152,-0.6189881143280277,-0.48091604594835274,-0.019833703257121624,0.6868022267889407,0.2069715040236835,0.5387549982888762,1.6974485530263541,-1.4144385075864447,-0.4487492113042401,-1.9905829144030684,-1.1065207170026834,1.725157094490521,0.5251987899153989,-0.19057617887034478,-0.06943470971185911,0.4189666645793071,0.04895193237420133,0.41614444002294226,0.6670124062803502,-0.3711613027465321,-0.12118411440775347,0.9720484268267953,-0.5007167383494077,-0.3146893277610331,-0.26345114620864984,-1.41237546970281,0.587454455609275,3
-2.088144743464173,-1.0573216684584772,-3.2522497159391386,0.7385214806909732,0.933450859966865,0.9961036746490718,-1.4489561863464553,-0.5942537106185702,-0.32882677264000215,1.0227624677843217,0.010024680952101041,0.8202272127678191,0.411201652802379,-0.25236357388412256,-1.5349057804424595,-0.02499593252332928,-0.047545224086811944,-0.026732180181711494,-0.33033887640289217,-0.3281492136224273,0.7937850319055164,-0.14489781698670737,0.7814976105875229,0.06534975101342874,0.22490551687849056,0.6334682575295288,-0.3229331366602665,-0.7158168610678348,-0.362283212523272,0.5588697704395447,5
-1.1946252612928383,0.24551104901624607,-1.8241498417281687,-0.7132599903985793,0.7407006065006054,-0.6996538045164262,-1.9440053656571283,-0.9419943714230381,2.001974715057635,-0.27468739815889726,1.4739042558292719,0.11351569087752468,0.17881795082888455,0.9050826500370197,0.8000244813133595,-0.8150289352249201,-0.5379130396158047,0.8144633422399806,-0.19300601137136844,-0.5895774118624432,-0.39163697562215205,-0.5643680947757745,-0.9083638961599864,-0.991207491149282,1.431298082454173,0.18593711903200458,0.0660201852392273,0.24408278903232197,0.6244638404519574,-0.5339966503625189,8
1.6484038510340937,0.3868175687985879,2.774997022111417,1.758770892874922,-2.7441956112930965,-2.205433962420767,1.5773077141419667,-0.6831287451095416,-1.7967968438784798,0.8896251519380111,0.30952472222418154,1.4535519049439989,0.5023334394250989,-1.2544310073419949,-1.5959075808747745,0.501410670744362,0.1144784314549175,0.9786350907903855,-2.024331290067832,1.0684466884575539,-1.1964658310638487,0.16449638039496814,0.8981292138917093,0.007925250988002277,-0.6332149091330382,0.7367063896844519,-0.7991794230974171,1.0827548107868241,-0.920368744920088,-0.7341434557587434,7
-4.207347340852825,2.1571515706914672,0.16440011415178116,-0.2749192781690887,-1.8211793333155948,2.524218962434116,0.6722060752649459,0.12678047424159464,-0.28564024403884447,-0.08790799822741521,-2.059727551573831,-0.02080583786945223,-0.6605507925777016,-1.3517603658743305,1.7823275262547458,-0.49849642188466137,0.018724280438521382,0.27065364562669786,0.22677880402565107,0.07414692314872673,0.6531253259000793,0.4020789679833273,-1.1771358586296259,0.6723844551316901,-0.05897569557980845,1.1009720855237952,-0.8746200524540723,-0.7406000278146896,-0.4918294793961521,-0.9127271600305763,3
1.238355609060474,-3.8984665573961497,0.9352506668561942,-0.5758992028654637,0.6075944467117081,-0.06088189031039934,-0.4066041113758661,-2.495464452532348,1.635871823072324,-1.0624640736708513,0.23305145858015142,-0.35854392241602095,0.12431129794177335,-0.1376790049344971,0.6643238749585457,-0.34845948066812,0.7335181254465564,-0.7166792864406647,-0.0009518451405811873,1.022136760299663,-0.5655091259983408,-0.0577467263105127,-0.662218354467227,0.4187276813405688,-0.012075828927303365,-0.14017134621852811,-0.36079316658847377,0.4126098350485313,-0.3331001095884608,0.11371435226920447,6
-0.2421520105294029,-0.9985614453562468,-2.225020882298637,0.45518200724779023,0.5723809087049967,0.5904636594706231,-1.656605846642294,-0.5039985178641981,-0.8771394024675608,-0.21768390016947536,-0.9119437737758719,2.8389447718683347,-0.35455711940601337,-0.35490363743465453,-0.7651607796305843,-0.4305385532887227,0.238768018235372,-0.07939273178827437,0.4631505230722553,1.1452445844356907,-0.25665545925603406,-0.3188107264328246,-0.04663459977851332,0.4473734868118825,1.5669713978994941,-0.30742327876628317,0.16082225571196623,-0.34823115779125674,-0.8940694428025447,0.15970515612076885,5
-2.149486015543426,0.6151786525547814,-1.325536928345043,-1.8180352043868357,-0.8608702519530897,0.0699029954932129,-0.6606674421539426,0.519042168402104,-0.9449307967944183,-0.2594060384175963,0.612741444890083,0.8558556846520716,-1.1616944776145122,-0.30904853813638095,-0.7361709993775651,-0.46904002733542893,-0.5881451373501664,0.3816729994050983,0.03824427284783939,-0.6953397409708851,-0.18789577698443058,1.1967123796733143,-0.9759527406155325,1.2767916701870166,-1.410004529796177,-0.12479438178329502,0.22868246773090398,-0.552058437797442,0.011886123315745768,0.04367060016234873,9
2.5016641679137037,3.684395237058777,-1.3924140235987021,-1.5747163598144767,1.0010796935149229,1.084517594752022,-1.430157375971353,0.496692879757451,-0.0550957786044168,0.7749241647632601,-0.9252170355097236,-0.4508971526618049,1.0023110550433565,1.7946389837787398,-2.11842229794239,-0.6630547119280127,-0.6228553961963688,-0.16604465835046292,1.478418082503593,-0.1146011566126491,1.224125531454778,-0.3672672886605202,1.4709788935712556,0.062143578954249094,0.22980292750438125,-1.1648660150644663,-0.4793545577551903,0.9469580837782635,-0.8080363356820605,0.9933120440872886,9
-5.2801613185721346,-1.3895878102894803,2.7480490961396247,0.6012488668566868,0.09622068458522243,0.4491456906286957,2.105759790145562,0.25907559805540537,-0.37798690954899433,-0.15503681950115844,0.7266118640797935,-1.007244288247694,-0.062246943461012505,0.41660311262445787,-0.6881497938075826,-0.8112873560987318,-0.16729949508781042,0.43704964889203013,-0.6290811220317358,0.08814283739745839,-1.204125459787358,-0.7268983531868903,0.5872924216453055,-0.2566138772666626,-1.026928089373929,-1.0194750749170478,0.6500853679824937,-1.1876838614755325,-0.5232335798199247,-1.4248595646861348,2
-2.3219859131821834,2.0625231404193816,2.224043994168452,2.8978507032374465,1.3929961598741927,-0.4780750031560819,-3.3268303447749656,0.9482108220060015,-0.5637449567458005,-0.09848679836789728,1.6838465655614936,0.6600700871682927,2.092321401503921,-0.15048377932276333,-1.3665072555138718,-0.12787468458855683,0.11432020551281655,-0.4425904598104384,-1.0723112920000049,-0.8911885105526398,0.1927313725075167,-0.46448883808624936,1.3708904118193828,0.1797391169386953,1.5122079339267254,0.5114222691977771,-0.6959000846524549,0.9615469063067152,0.20585472819419595,-0.23937539485651171,5
1.1814831923561315,-4.386500109335826,-0.6684985827809907,1.073782109448349,0.6495021474924997,-0.1822991867828602,0.0935818153198569,-1.8303880071378356,0.5946420336072796,-0.16783482705702538,-0.3547857687946008,1.5394288707476824,-1.3949641759272509,-0.23675743963905105,-0.5611943947705275,-0.359726215955414,-1.2637451689434789,1.8523901514318175,0.34991736389017064,0.35788601552451405,-0.3615261464127616,0.6461062276879137,0.12656431915254723,-1.0567870259337884,0.7860115685598457,0.7628224315524484,-0.24786385294282706,0.3926693030485573,-0.2447270445665021,-0.41674268019883587,6
-2.2349171135076147,0.5093901617849937,-0.47472021518825674,-2.113520396623285,-0.7167189933940001,0.41818547703126185,-0.6691768390492595,-0.3719763001711029,1.5943002059251856,-1.032178944100894,-0.012928975654777198,0.24223197698580712,-1.5171331442383045,-0.12426351420787868,0.2993243834537187,0.037712660772979543,0.4235772076623114,-0.22724261434325652,-0.13563665179787138,-0.24521873876814534,0.7841753648262618,0.035816315091952725,-0.2845441097107038,0.9807629047287272,-0.05339527024455087,0.41766231104489887,-0.4423317809002581,0.8744235986641145,0.14830936615296456,-1.7442818735702705,3
2.5083164609853883,-1.9127928798991993,-3.0563920846690693,1.6665441718034273,-0.877603223687679,-0.471668989092916,0.19878748956613518,1.4997270356900694,-0.41028419075236794,-2.262551477946184,-1.1933728651692257,0.3501307925172085,0.7123592038665327,0.12036686688511329,0.7179918859809457,-0.11080556867259247,0.6596113631810142,-0.5452441739902802,-0.10198848367671512,0.8375931997620512,-0.2483135628920982,0.23003231556525272,-1.2079129935604698,-0.12631519120257237,-0.3592845153032763,0.3587644022801118,-0.09882346214138132,-0.18724317718734723,-0.05971002548249491,-0.3394288066852873,0
0.4567819976571775,3.864880185697953,0.030978283373575295,-0.07390906928492362,0.07841793610104608,-3.3320262874253666,0.4074963498598345,0.3042916882916358,1.1586593636774891,0.8433520504400861,-0.5459969171946378,0.47334513420507646,0.7495372590124341,-0.7956722553135228,0.5978842087549698,-0.8057168825768208,-0.3356571998868691,0.29436139911694476,0.30486215636502306,0.8196820231111516,0.5244495418106581,-0.6756357001388562,0.5536264541036946,-0.516665222897983,-0.06589078168897465,-0.7020076065481493,-0.09463083893342283,0.15132153646393706,1.4319885997443245,-0.7634005187685778,7
-2.180239760893928,-3.112116724300134,3.860890149174854,-1.0378452501299091,4.372122879661383,1.5883921532271654,-0.3998181949765339,2.194931639641792,-0.5382491887140296,1.110029131125386,-1.835623643215887,0.19258686859789464,-2.5908306152319955,2.436983084373798,-1.9014495406230805,-0.13382558516198043,-0.3146263608938523,-0.20134057197785682,0.0528899703332481,1.5373616125285596,-0.38201994617311275,-0.45762642202823234,-0.43844409146232305,-2.087567398597242,-0.4503254967702003,-0.5778711730667617,0.14516542963706439,-0.036926481266053676,0.6752777010385569,-1.098140609250249,1
-0.32480167934808696,0.449798065072344,5.154254532549433,-1.2841842920553008,-0.7711282373937508,0.38972513849098783,-0.3549301470653952,-0.0629429885975284,-0.5198563498406452,-1.6866231665919846,-0.009096855605616386,1.0277949931412982,-0.13647802147892743,-0.63662823474037,-0.41966516190796205,0.40449976198001103,0.5105837944358451,-0.9250204564279291,1.0646761176630422,-0.6572019410809627,0.6765351562469769,-0.6378956024648386,0.21532908767624534,-0.05709384960893937,-0.00924373618110092,0.8063360462798889,0.3416404669617899,-0.0036714603103134157,-0.028516349958814507,0.14697904552173113,1
-1.4496144580277774,-0.011089501288711744,-3.6644327247711095,-1.833311731690858,-1.4876194923430768,1.2110815052393809,1.4571016237317724,0.41152204341020315,0.8594452312772602,-1.350207515961038,-0.409851578259298,0.37196677395194555,1.0465770256006797,1.3662255642166388,-1.3130068303827445,-0.39726753045235275,0.5107696071586278,0.05528297826690604,-0.049336139351024134,0.5050631347718157,0.44163175918023206,-1.3877767238076466,1.380850288710993,0.43444323031168286,-0.7159801657692245,-0.03668229331993135,0.4605982822517674,-0.024001417383282042,1.5015529635433953,-0.6578281301905359,9
1.796347390044956,-3.676439436342503,-1.3922913758879292,0.939393609871271,0.2951165654764604,-0.21988622013686587,-0.30271333287896374,-0.9710410998626381,0.2139303174919627,-0.34795212309295165,0.007556452094835167,1.2195387220419924,-0.05887394858095791,-0.0770858378945082,-1.171086592807231,-0.225140748087806,-0.30583355600985673,0.7787738236892738,-0.14125425802403585,0.4847198554444639,-0.03652237436469411,-0.7210205965191231,-0.30775769757837773,0.09155453534309063,0.5644095116657786,0.7902527663022529,-0.18855972722140635,1.037170427234478,-1.829115126393978,-0.5946323261586522,6
2.6502318096935653,2.493679313933865,-1.6534307847025573,-4.763959527682628,-2.184778586571095,1.5147213503749466,-0.6718405074898985,-1.4996517254506192,-0.40290440753076134,2.1632298673854717,-0.35457096342755146,-1.7949654632881897,-0.18138368312268494,1.4440190026417437,-1.7929600540196617,-0.053624187795807986,-1.3522748389889025,0.9879779014685511,-0.4776481896837206,0.29418777185027944,0.43100184940664504,2.5313578132864656,-0.4191809241371332,-0.22516628482839485,0.3048514700999594,1.3865656248771074,-0.3261204860986039,-0.6331388619015254,0.46039895053807045,-0.03833821095719435,1
-0.9162675901877556,1.604789725056967,3.39785266644909,-0.3002735949083074,-2.4646825701742476,-0.050732233940229444,1.7527144749406667,0.8154239349356174,-0.5929492279768976,-2.572037263914173,-0.6949700019277741,1.2714488319489616,-0.1733264603774884,0.6935503695241766,0.24741706198184646,-0.22958886792317348,-0.45012739373941013,0.8348724439064876,0.3776997143967399,0.0691221576211872,-0.6446526077554244,0.05818527684704203,-0.390624893416695,-0.9132323572273475,0.4986815284581395,0.2456362795380024,-0.33307489437819765,-0.9487960730415611,-0.5895119516432857,0.575532703391765,1
2.281938071884178,0.21175823025939222,-2.992149814505316,2.2567166012315147,0.7762144021880563,-0.05915700644270826,-0.41046165271520324,1.241589001919077,0.5315262556054848,-1.381713583222375,-0.6478534538004159,-1.456654066383851,0.23630349963227115,0.4965628459178516,0.5650181180078117,0.35740654071309913,1.117412219819978,-1.2664616726699545,0.0198673360420714,0.07514738983628383,-0.27111798746951327,0.6858411934227174,0.9631772166061805,0.737134477590308,-0.3265906026394673,0.06916713819659007,0.23703122795039677,0.7496564428010417,-0.89371743812865,-0.11190536635285006,0
2.3881335381989075,-0.14335844313313217,-4.336128774467029,3.581589641755265,-0.1118549032867106,0.3228630666032438,0.9960207819599454,1.7155750240886343,0.9252268753557934,-0.7116077788551266,-1.4866944656167065,-0.49577621247508447,-0.6453339086638351,1.006606444842521,1.2212388436453623,0.7365006097865472,0.8505271481083916,0.33433603062945666,-0.7396476931744953,0.3979768792369352,-0.5168346892060527,-0.37429491880006777,1.0930817782267845,-0.5371656568003528,0.6163305078027727,0.8906727642653637,0.16795598413322435,-0.13653051630341276,0.26496694566763435,-0.08937313793315085,0
-3.022742191055126,-1.7785507426114848,2.322366472267622,-0.07208064872329933,0.7398296842645921,0.013827417620970693,1.3768319187220177,-0.23849521095752654,0.019565170829386504,-0.3348610117781951,-0.7067970493397333,0.33262712625942414,-2.0262176610134714,-1.4006700981574416,-0.6973757826853819,0.07427262482259189,-0.7508356655935969,-0.4885932637398714,1.2916173781131943,-0.5239994461080788,1.0366232525125183,1.6691180296049448,1.4280479606053857,-0.35599287638397875,1.3003574800045938,1.0281227309365053,-0.321634765722918,-1.152763205494826,-0.21021238805092737,-0.23288508000117064,2
-2.2445798283141998,0.448044549165488,-3.9358973722557824,-1.4624353687220144,-0.42473003626088307,-0.2977953606042983,-0.21735738733823518,0.07154540981058313,-0.6097608626010457,0.1547075709348283,0.698802970814265,0.02980009448807331,0.33644243279606845,0.44474219820292576,-0.7316564711276455,0.8209356320321978,0.40340925444736997,-0.9763386838559223,0.29683304815170053,-0.8367875017883409,0.8080592491446255,-0.6068353620356949,-0.5752684762253693,-1.2824311157338637,-0.2698557532583826,-0.3203099051049538,-0.47003838207678966,0.869481529258739,1.0455634243184697,-0.16813660900690877,9
-0.6063685729167985,-0.8456504390741606,-0.6937054398807817,-1.29635297452528,0.6884092921000957,-0.3222624492867013,-2.044620199963446,0.9058348106570637,1.1507222704968685,0.19919541704892765,2.0738820356410708,-2.0453916233384826,0.6041868000435908,-0.27754408201027475,-0.036170063559567846,-1.0632902501924473,-0.2910113996304895,-0.1878503385019695,-0.7971400167789726,-1.0497740498263555,0.5629067082027046,-0.2600589910478693,0.5208048108051011,1.8489305872481485,0.37443058274171925,0.3958880879847133,-0.1739367918902874,0.13641938892719768,-0.1760607158597393,-0.9361313364844024,3
-0.6553461576514846,3.8153812681653028,-0.11167957291689046,0.4731223619023539,1.1818242262783172,-1.9059965989306482,-1.3756988232380216,1.0853124196105586,0.9446117217153767,0.4633235877824858,0.9952058930924009,0.16936595907054916,0.7386512472992095,1.1998541447052882,-0.8354058123351187,-0.8077526346361553,-0.4382467094358571,-0.014092483659110555,0.4078166364313862,-0.6539840856361602,0.9483023967242165,-1.1566028655340888,-0.015318668116368974,0.4071105228679869,1.3732745233042574,0.1174228048138029,-0.5337980123024324,0.8699410853795614,0.06732496398039914,0.7417961543058446,9
0.21811689848328739,1.240459763601632,-3.480512211115163,-0.38383088152456335,0.80961369225014,0.037006647645283434,0.9326755296436912,-0.4422245943868611,0.9538009644881646,-0.694297007150118,-0.283882223504158,-0.8446792324226866,-0.5270509625439801,2.0489655878087296,-1.1247376850992659,0.9902364406451437,0.5965840484207713,-1.0999725508960974,1.152422950024996,-0.7335438685892746,0.9142148452863209,-0.16196121901325722,1.0151921711167613,-1.2704291837972226,0.2630155227681364,0.8666282647383866,-0.45335891340805423,1.0736220438021298,0.516998718512001,-1.0350083716465992,9
-2.378664716869667,-2.2508551236645853,-1.2282592365594287,-2.5313742423115873,2.065180582607907,-0.995633743456748,-0.9608209982859056,1.8644656771477333,0.08359376064207805,1.907666493140828,1.9489759038172128,-1.7385351070321167,2.0474897628271242,-0.22086714728258333,-0.23235333924498483,-0.20976465533222954,0.08643822339394218,-0.4645212681641879,-1.9484574406775181,-0.12762320321058623,-0.19551713893994074,-1.1744681381191757,0.7007236686965881,0.9241660385145618,0.28737670720895075,0.2956918008017275,-0.7023986285887526,0.7919430850713114,-0.5976204543457695,1.0585050402633684,3
-0.38476861843303617,3.368127705472573,1.5469024525070116,0.037151525042338374,-1.1500698728530692,-3.5491121281571374,1.01857831484739,-0.2833932232018845,-0.567709391480226,0.6672397667143826,1.1017636339653467,0.03582838228727211,-0.3178774846665007,0.9747046712917606,-0.44732675537246946,-0.4984932543106134,0.4233199949702106,-1.1380906965156417,0.11330095175375192,0.7846957056931295,-0.2169161223032407,0.1817016782203639,-0.6937515975381763,1.2957079074639721,0.4766477406472893,0.28094491165217367,0.3558907022353978,0.3728187444266905,0.4068065648675581,-0.07944340893922909,7
-0.42735517252092936,3.751380874093564,-0.7299750711147172,-0.18430362505541692,-0.002484302227297544,-3.0086762437889814,-0.13922031167608803,1.1571260799557013,0.6435819015391151,1.7969635129079207,0.3010263609394684,-0.3331773751124385,0.06739498540250116,-1.2767378280382309,0.9364922191838547,0.07055350209365611,-0.4864883846703122,0.2591620886192174,0.22212232988213929,-0.38140736399666664,1.1491178277623761,-0.9914061451907065,0.552208102052902,-0.3325239427818893,0.5996626357148693,-0.6770625571479659,-0.22929162193903982,0.9626874023799215,1.098234032573664,0.07113490121811492,7
1.0205405987987914,0.40334761615145664,1.0772082288061617,-2.954173887362714,-0.2517932540973238,1.926347042839334,-3.9130317944098185,0.5480312754962859,0.2027033273098857,-0.8208108666762421,0.29491493614289627,0.32776506057416543,1.4133541962363168,-0.5918358756463825,0.38487356663625094,-1.3537658896459024,-0.108574371552317,0.18424917056917942,-0.3955283030478172,-0.3313901801877357,-0.12800768469843893,-0.37380495242390854,-0.18105287291055563,0.4700389175720631,-0.11832283146335304,-0.14427238707147141,0.15963629327587586,-0.6558418104980754,0.6862943947012843,-1.0438893428110252,1
-4.621240860039754,-1.4249664434470062,-0.7496202806077283,-0.7895768165049113,-0.935411426303517,0.941277717379207,0.17534273903708666,-1.3106392643661786,-0.9198003045581116,-0.2653756524894531,0.6542204383154551,0.7271390659103738,0.7986438242910823,-2.2273025340012698,1.428518730995839,0.15596794135177722,0.08254874833086255,-0.007426089874644486,-0.20194040467529958,0.5445571520556325,-1.4256812489624213,0.19577521680558851,0.32188635485427614,-0.7802833098089424,0.9866548093832913,0.5966492180159296,-0.18950236842272636,0.49564025317075994,-0.8962662174156887,0.7684459086482713,3
-0.4268060717611095,0.8798067298346582,-3.7053804170864137,0.6404178766446725,-0.0539892989861833,0.1871826193806343,-1.8236754453549289,-0.03353604024439846,-0.6321250102944994,0.4658737524180086,-0.3288125348299425,1.0666465396118905,-0.0588008724573556,0.6562798803311877,-1.3946580777600095,0.7165863693836968,1.2578716907824612,-1.058343553271434,-0.9074758321465627,0.3109576674264714,0.19020686344170595,-0.15829197160669803,-0.0645048979116199,0.1458101898044071,-0.12124045215463342,0.17453642423799526,0.8561280312669768,-0.3497816654380698,0.08283332021015609,-0.9067070340226778,5
4.727461000156306,-1.488950306465304,1.6747238007270946,2.271477936800751,-1.1924587929809725,-0.7122203686689843,0.3500918311202611,0.5906455012906419,-0.08601753699690788,1.454582164176196,-0.22919724430306682,0.9295876592636444,-0.7427671850767554,-1.224326314075955,-0.16882878532691661,0.7188364762557641,-0.5874556410062551,1.997634203658873,-0.9710899315708604,-0.6424014497534867,0.41546588219551916,-2.391410712002256,0.31560466970748957,-0.6574592281280435,0.7502619960416766,0.2147549464946308,-0.04734594387119605,0.884627835927833,-0.707214685140441,-0.3178670288522015,4
1.9590902677124686,-4.075687688718982,1.6475901743982564,-1.5471555347987507,1.16842393548813,-1.4341213009495126,1.3183499156610377,-2.567392693521337,0.22035564017419854,1.2366393731925942,-0.5604630409241983,0.1698372694401763,1.6790636895821922,-0.2523042227168033,0.33055895072998487,0.8129352058359653,0.36661180455274195,-0.8655324295846504,1.407655813154832,-0.5784470332153707,1.513860041109493,-0.4749481740850714,0.37785829953487154,-0.9047181741342321,0.9635727521105686,0.13320887734206183,0.12282471528536007,-0.44191642322567787,0.5481100638168641,-0.245265466382394,6
-0.2615117894112457,0.7141955716600377,3.546393903969078,2.7366713339737765,-1.6082816078925468,0.12643893944916412,-0.15047636988264468,-0.00566292782205097,0.4173246373156259,-2.476542729787443,-0.3826807833080749,1.137816359261673,1.2266167598156874,0.9723095573734789,-0.5039738149880851,0.14743381282552628,0.5589666622509448,0.891319247721113,-1.5824799708087907,0.13894771502959127,-0.7071816766182827,-0.2617138277734649,-0.5886493191703099,-1.2513389600010851,-0.5945342130726015,0.030294260060836235,-1.2550929188458413,0.21201233755111923,-0.6525977062612789,-0.11437685302942197,1
-5.946575821199429,-2.2398863589232025,2.6407915914967073,-0.7313264478963344,2.3389688498716534,0.6536578117556997,1.137875948457668,2.7972505280302333,-1.091645509139441,1.0682280607313444,-0.29866425431219124,-0.9119637772708065,-0.1067774967442294,-0.5449016158151185,0.6391333716709139,-0.21324945813553156,-0.41090993090333344,-0.1336892162357312,-1.1865491403097534,0.11468989364375623,-1.2566986666104842,0.48352815723508424,0.20527076772190544,-0.8736239226889935,-0.019109285844975017,-0.27240092557920603,-0.22265420780469541,-1.0816239018923581,-0.3612218835686057,-0.009198447833950237,2
-1.4305999730764234,-2.477430188268295,3.4361215600904442,-4.096554425253197,2.377355144368406,1.5085796063707486,0.22795489353609874,1.908643486204836,-0.589997884575395,1.4927456995631225,-1.5817832848095796,0.12046960864177117,-2.068363931029585,0.00688351454564538,-0.7059926187342239,0.2010605403251291,-0.47262092765338215,-0.1814224497711649,0.2739014850777315,1.165906465575179,0.4891843155473202,-0.12914758277251961,0.02838019824398018,0.38918434570992977,0.33190127621250354,1.594004869490886,-0.08135244295574229,1.066924489567883,-0.30713360427166697,-0.6100538448227634,1
2.0290051365387094,1.5587387973005118,3.5593924017626017,-0.17400993126576117,-1.2385732367130369,-0.18448110644480598,-0.622238221153072,-0.6465229744677626,0.8657065423163643,-1.7253524005721663,0.27320681445820183,-0.8922689062974165,2.299783492365462,1.571383428067514,-2.1204585645952316,-0.2934226237160597,-0.021760351751010057,0.05363562071947796,-0.7754938452489654,0.08036220153956006,0.8161134353760906,0.6535409748024648,0.3675759833522877,0.03913511130392468,-0.46889294973844453,0.6305677820742481,-1.1835028707140185,0.8967083559749406,-0.3863461016945917,0.18822797186657264,1
-2.3447260535220393,0.7418405288594062,1.954597183472525,0.5442907678603454,-1.1001917160479624,0.2986597012389376,0.16121391346756817,-0.09572978949323256,0.3784987607775963,-2.346417881980138,-0.4527886556038713,1.071735288479084,-1.7729910355492533,1.5242570525091061,-0.4053978007136572,0.6888412292586107,0.1405010255024054,0.45309779657521504,-0.0453532770094351,-1.01977298701454,0.28931836693189905,0.6032175640014904,-0.7284418097166006,-1.030705657711533,-0.6145522472234104,-1.062045206036694,-0.7417597118082194,-0.9764230444075679,0.048162381608020444,-0.08196710306402802,8
-0.5621366933255666,3.066098611860048,0.8161158234610963,0.9451730308507191,-0.6227667472796484,-2.613992884190412,1.1836185829128367,-0.6092133854447147,-0.7569572410656582,0.18245256163683612,0.26735958661891035,0.11653549116666322,1.0746328474445965,1.4273464228941648,-2.3911840808719846,-1.2938745205007283,-0.42778366935803536,-0.37923810281323306,-0.11587239589444844,1.4497785003511083,-0.6124280804539204,1.7105703224457325,1.3693708383054526,0.6914922549917817,-0.20090251122503805,-0.5051814469970543,0.004111478375486491,-0.315277151407454,0.30039848684281617,-1.1335708944111795,7
-0.07795289830260874,-3.978058788964355,-1.4700981862167473,1.271236850293898,1.457533171420175,-1.4635650611089652,0.2471796647506275,-2.1674885748772095,0.8135044856554344,1.308408675972954,0.9799801546173637,-0.3473978795190937,-2.092623473230308,-0.4579793761887118,-0.4279020032672435,0.16653320445052822,-0.7598801265260811,0.6427144055090952,-0.09978222818095285,-0.6143776855765054,0.017429301783100214,0.8735392038034739,0.04830499790508387,0.3790402763306961,-0.7439708146117785,-0.31701399410174064,-0.2840346643444588,-0.4396759224891895,0.14862717548676477,0.19192952987319734,6
-0.890893596412019,-0.30973076522920306,-3.661222680034371,-1.5327739742306121,-1.755166125990404,1.5618489289268043,0.8997298908126139,0.29118669848390116,1.9109705905953902,-0.28486157558881087,0.024871706622423474,0.36467885328476896,-0.19593517585008788,1.7514396764325664,-1.1886790823884488,-0.703958647946614,-0.03381392638651578,0.9158362928620396,-0.011966681389869102,0.3770912925155273,1.1298534284282773,-2.277659186240077,0.4317875706450169,2.2527332571092056,0.3040954331122529,-0.16810312716649622,2.0149120868142534,-0.05464985043425348,2.0849375710513907,0.5971568512458815,9
-4.3659204344553135,-2.6162154686318813,3.15554515230555,-0.8281833621927825,4.464094912236627,-0.2046131786285846,-1.3766023829715186,5.40902788276912,-1.698369623489349,1.6143686241191266,1.182195222279977,-1.2607589491841449,0.472704483574665,0.44047377735629056,-0.11604607025633881,-0.203446636425797,-0.5595527648533875,0.13743904665007134,-2.289941269477018,0.6381998328009384,-2.2498335661466715,0.010183353365981914,0.24509555238571584,-1.0318215294378723,-0.9996562161437795,0.7820997468403994,0.9376754073357824,1.1526082003438276,0.6249040445719727,0.032087273320903956,2
1.0327317035126666,0.17506177293125696,-3.6844737377179873,3.6085784432390406,0.9993530862578844,0.11645818506239076,0.012932062710866325,1.4390905020498814,0.5683986848469009,-0.7149385950653612,-1.1333384103642885,-0.6841319110760505,-0.989605162774618,0.6812309620166301,0.40594086879444585,0.9003597549071622,1.1260309795611771,-0.7837869096538526,-0.5194386342049322,-0.1330276703040557,-0.2161172088692033,0.4126783875891292,1.282025510044705,-0.004258617259150568,0.08148419876600932,0.5368600384209606,-0.23436843573151328,0.5745248186336849,-0.9973050577218608,-1.0263726144649217,0
6.57939282823897,1.0742213500542885,0.24772197929046838,-2.169702717532046,-1.3833736308341298,3.619859762987011,2.3040604913934435,-1.6673347059495585,-4.242152840205433,0.8160334647300902,1.903567777161144,-1.1688985858867198,-2.494957188895924,0.5862794978593668,2.9290941148583918,1.017455565391067,1.861233333479644,-0.8984742571553676,-0.42075828319738834,-0.5032959350164867,-2.503456549238002,0.30526884535620935,3.161344345478589,-1.352012513539435,0.46058550788087266,0.08996213121201613,-2.3745941969369357,0.792996636855167,1.8761103261155947,-1.4390457235823324,4
6.0943901126330795,3.4872512449731823,-0.5875812271752078,-0.39991350441666285,4.589489868403985,3.039575602198886,1.4043677426671002,-0.17870192156491158,-3.9613547695006326,-1.240208331649542,3.063658871227865,1.0540537297072106,-1.764399713333179,1.2263113870990467,2.992725989455265,-1.4201166236457363,0.8515191789651617,-0.6904236920656651,1.3193843611473282,-1.1947488669238588,-2.7795938741335653,-1.3419164067503238,1.9449398106237104,1.344419867113653,-0.5647612990044929,0.4125759061270631,-3.7950176482230686,-1.4554357555926971,0.3884879584333417,-0.1870648914881335,4
-3.984285242065644,-0.344934096109905,-1.1137674259258359,0.938389078537474,-0.7397548452163201,1.2706495505391235,-2.9546644378954867,-1.8021888416379148,-0.990975651252923,0.3132493899580957,5.502193141423518,-2.233940295334656,-0.4194046640015519,1.9627821909429093,2.4279444486865622,8.391218677824158,-5.036971714889785,1.1962180064939183,1.5956471672138852,3.3159975284124843,0.9564098528158322,0.42058373616381456,-0.0762761697745846,0.6324509777098066,-0.033252731993284226,-0.06480561813656903,-0.0663269502174908,0.1425179289107634,0.14223523366553184,-0.9237249478510179,8
-1.4694394688240446,-0.44939737759656034,-0.3468547160912021,-0.7210933976516523,-0.24621586607920312,-0.855312729521344,-0.13468414813664562,-0.6966552366819599,1.1042144660010678,-0.9509521599859383,1.9519639566844929,-0.6114568455246853,-0.8648942521853069,1.5988616066493182,0.28357405729166935,-0.7638384381127231,-0.5621460611981853,0.9211940967061502,-0.11598138996647818,-0.8544983790424939,-1.041127822806625,-0.07920148507504689,-0.6956388412246562,0.28268685618774014,-0.22354922819890527,-1.6333930340954526,-0.00542076534335856,0.45565206227792376,-0.10635068104532039,-0.3921376146494729,8
0.4788083349732618,4.395926598158848,1.672292385812812,-0.17925909590085315,-1.2428016198371703,-3.0571860612760573,1.0988473947352408,-0.08334340060761715,-0.4663419216391323,-0.02967249492804334,0.03666093285615926,0.42628707763645957,0.9237889900128027,1.3037012702942488,-0.15282829744448492,-0.9064028263375611,0.4720376987166168,-1.0319395224590409,0.19543863683220847,1.7532288699098537,-0.7110239716150246,0.482238433303597,-0.47586900256507747,0.5695847497851129,0.06161804982688121,1.2368551331029345,0.2654146015758357,-0.1567924974301118,0.24337409027911042,0.4128281605230986,7
2.555113563186253,0.975059707581759,-3.1931955874299187,-4.549316703392284,-0.4176726591136897,2.3297055939713425,-2.143044726616651,0.08206986851801944,-0.5407281776460829,1.4417619943783933,-0.2112333103624839,-1.9748026395668037,1.9138787481430575,0.8139307787289431,-1.7210467862353545,-0.7918792096503962,-0.8698905052448033,0.032458296507195755,-0.5497599275761588,-0.21034153042903445,0.5798744012889567,1.1556770357323152,0.3044740724958901,-0.4082236207628367,-0.09477244703487596,1.0097263489073436,-0.5028805510750559,-1.7207925422510213,0.7904970534906844,-0.44807869092215413,1
-2.9429736938047784,0.47654349386525274,0.34287490627391043,0.14922678315218105,-2.480806883726053,1.2258915732452758,1.2318045894084035,-0.7564675720843654,0.8546990274762184,-0.6387236193059085,-0.9354363168533364,1.0774722051749879,-1.640796986458203,-0.6107374870234974,1.614750783017229,-0.2677831126229358,0.3038366919107627,1.2827158068645097,-0.6327529101533186,0.7884958235776116,-0.5537015299095236,0.1859709208306885,0.2474131894724022,1.6109485652061672,-0.5037033680879068,0.4673789123447133,0.6895461890021082,-0.7579619410040208,0.9272027850613174,0.06728217355550911,3
2.2961886304775554,1.3215233463447071,0.16426952795561223,-3.812651717365232,-0.7942164100450748,2.142636561036521,-3.7093743538997432,0.7411051285613773,0.1788009551032791,-0.21560699292029942,-0.24843326105371702,-0.2025186164392957,1.7478544825263336,-0.10019830761774114,0.22077461753789354,-1.4268268753811097,-0.6152896199940546,0.7809296381506692,-0.6973321854868267,0.050802124276326674,-0.12309387315618271,0.0048947124951751,-0.7327352323558717,0.12502241753686943,-0.5647703962186198,0.3196877034240493,0.373917644457594,-1.3884310081136497,0.04453785427277312,-0.6435951582211271,1
-0.3043448632929897,3.6446407366572715,0.6483350615179989,-0.5231803566483082,-0.6602339510220923,-3.013566431954166,0.8848431547123136,0.4114177780382973,-0.8287967221196066,0.8137816582100814,1.1727281295027272,0.24259572694852571,-0.986688630607008,1.5418766575402651,-0.4725905006402012,-0.5508461405136041,0.22851642722150173,-1.045403003897803,0.8133568770090396,0.02851216547911071,0.09576828952678071,-0.634969577968702,-0.6190933974773521,1.3271925402126719,0.6768561599634051,-0.11011683800387521,0.13156302088145705,0.43081533386704307,0.7022738519149264,-0.2681110623610186,7
1.8998187133645947,0.8017103070057217,3.735488361351201,-2.3237655725223614,-3.1534765546087202,1.060577008356412,-0.5060959415334637,-0.32759060978208016,0.8005721354363331,-1.2064951850784005,0.38122762917213227,-1.4748040706154868,0.8800206904933402,0.8726660204679838,0.20843236510377058,0.01628196557392199,0.07975900653859938,0.41323362111766754,-1.1371846723854346,-0.27891081776663734,0.18425033001748822,0.27226775754098576,-0.6532752860857661,-0.313395949558443,0.6315946827188149,0.8612652305470231,-0.04664072669461107,-0.5054745305071048,0.489792307885501,-0.0962128175794982,1
-1.7144829623306166,0.2993273940758806,-0.4102381449978411,-1.4209554602856995,-1.522397357659552,1.3290216358599596,-0.6465768587535504,0.5206451959658853,0.9262170062550886,-2.206826887615499,-0.8124663591478946,1.5436381864720008,-0.8008658343201989,-0.28932490507410247,0.31801203117805704,0.06783380285654271,0.3198545522215787,0.7293473672202552,-0.5048566515206738,0.10933132670911026,0.17913813644215548,-0.7526403819985192,-0.44952592812160647,0.41995528519292064,0.30259794487310465,-0.8143374024409443,-0.6318677419526156,0.1449395998081382,-0.6153693390551724,-0.9476866528139277,9
-0.5667674193221288,0.06012735380665668,-2.945655229044512,-0.14650233198806434,0.8435564218346666,0.5069890178337827,-2.5628813722904216,-0.7071887139688462,-0.09576873813853654,0.6619761816155326,-0.3830340742923688,2.321789052130121,-0.26430010555952993,-0.34189106665787966,-0.9519095020228484,0.20436791246977007,0.8398194955967326,-0.40971266607413254,0.1418219640024431,0.20181718025331705,0.7093151294345513,-1.4210684526379074,0.44264867304574196,0.34278093001081766,0.4487311688359946,-0.6533203100362208,0.17738036246258862,1.0012435834855584,-0.5082566059826038,-0.5257130610759316,5
-2.3955744532213443,-3.7442019441023975,3.8795044754451706,-4.188768821122595,4.81682997734469,2.2795003699865135,-0.19877617242861167,4.305681557704538,-0.8211096562878816,2.1846858442320007,-2.9107141641238456,0.604602286143711,-2.4353968826928862,2.087591198778871,-0.8065222712788267,0.2731452460878802,-0.6072058223076375,0.4846351986263734,-1.0279049428315754,2.2795096858546042,-0.45153401590481124,-0.2384346504179615,-0.7838293792211678,-0.5562736011630474,-0.06606742083381396,0.8595677021812365,-0.4945987781809621,2.019664313008059,0.2607884454032199,-0.5826858144890823,1
-0.45189972204071815,2.514790466602044,2.132436492981137,0.8572251350418642,-2.424706199690008,-3.3864959784695743,2.3551395983851613,0.20540862511333782,-1.3643369158098824,-0.326919116652509,0.307343414283465,0.8713288283872141,0.3433943033734723,-0.19923942836569855,-0.40797410469998985,-0.44138591172266084,0.14860453985206348,-0.0982122856936174,-0.6052580176079829,1.4167237394164667,-1.1260704190511102,0.6208459924604939,0.19749357793044875,0.6116663856325278,-0.1288644502978233,-0.13755271175009917,-0.25809214402842773,0.17888513218511462,-0.11923432321399925,-0.3026021208804305,7
0.6910757435576285,-2.4464354534401895,-2.96850578964896,1.5776777594073375,0.06881858957796427,-0.7382562711045347,0.24284306195388264,1.9899354863893106,-0.6523792026695713,-1.9336399293887139,-0.5477512303016218,-0.34848732230011675,0.8004889629651586,-0.746869090184711,-0.38811387662052377,-0.11361281199587359,-0.03559270006907248,-0.7293779347350017,0.6378127974872417,-0.07105341914593166,0.6831113541497525,0.9457814771638432,0.04078352475923023,0.36607526781640787,-0.2461146664789126,-0.016955714349957407,0.36807071509805606,-0.1772230619538417,0.16990771721643058,-0.030039115587892688,0
3.5270281774188406,-1.7204164285981363,-1.4818821990968258,1.502374861942848,-1.2836350294652292,0.12903645614343373,0.14745105989248394,2.068877067751287,-1.1043629392491623,-2.309177483195527,-1.4513021841570015,0.22982834514057227,1.4141898041092313,-0.484469934235848,0.2693847750261619,-0.27687872852647627,-0.16228908448033963,0.05322771892244883,0.028998066098332585,0.716126429819525,-0.25884199845775036,0.6848100856871971,-0.6081394456404334,-0.7616310411318594,0.7484360578837318,0.23115335310878135,-0.3866194382040882,-0.22213801444722636,0.4641665837871157,-0.17221461742096636,0
-2.385696113575326,-2.253964051247817,2.1883237774634527,-4.253498154615004,3.2326801705304686,0.7133442534493193,1.0378075343399407,5.665593135290717,-1.3171768342727603,2.027502924564307,-2.675014810348207,-0.6189274317933043,-1.8825022178713202,-0.1449219952389014,-0.05657409165223089,0.3038773408694042,0.10285306924380012,-0.6541973599032843,-1.1583494720949699,2.597653047513069,-0.6124623357000764,-0.7547754929225845,-1.1908176960500212,-0.12719493533092896,-1.2268858757929124,-0.5378519930143161,0.48195793130857395,0.6361717817184435,-0.12642465234085942,-0.17918377801319774,2
-3.3991013217452357,-0.9994465358920138,1.2552443103176685,-1.3570299510950885,1.343657178036818,-0.09428046850993016,1.3004943885581688,3.8620402427935097,-0.23152802359984395,0.5938978169070637,-0.930808531351845,-1.159422140417039,-1.10140177715115,-0.8846782877181149,-0.13568611794720772,-0.7970994755889904,-0.5974913511568228,-0.05408279036118031,-0.9245578643336078,1.4882200540698856,-0.6427914993261709,0.03974403132112938,0.30832383630720434,-0.028451888593192434,0.9753729163215495,-1.4518953252340816,-0.049316161671207406,-1.7812812777788452,-0.26575246654511087,-0.398994627593095,2
2.03985843091392,-4.067989254808455,1.642527324787881,0.47466213643022936,0.8784616214079574,0.2185228230900172,-1.0943407866073058,-1.475807985785494,1.1618065803304451,-0.44811972294119123,0.5762633476664961,-1.2806617230922537,0.10712633411369155,-0.16569418813010248,0.4421026375050824,-0.31795030624429016,0.07883087768667889,-0.409524279448379,-0.2729282718690417,0.08009160249990835,-0.4118315444564199,0.44446311645007996,-0.6993606703389719,-0.6015071619340128,1.2256831934871746,-0.2654237098461994,-0.18766829724190576,-0.04118672643806247,0.9134398446387589,-0.177646809635607,6
2.9514870478586346,2.423865041498773,-2.012849551139382,-2.730440787044566,-0.08877616349150311,1.6338929752902833,-1.7294687379968299,-1.0466612844982328,-0.26622430725916324,0.6871749219233358,-0.7731043064338718,-0.35006155256316734,1.8900703116613236,1.583595503810466,-2.431080757462737,-0.4679525892097146,-0.4516642162183585,0.026671872541429217,0.7747784905855352,0.3976610540476522,0.8691911780193768,0.38384948914707284,1.3405965778346605,-0.2869128034636717,-0.6789280228295326,-0.09081507417594058,-0.05337951488778802,1.126837602459462,-0.4615642393285493,-0.11304638556979713,9
3.414025579008361,-1.312508027379063,1.0561548865155124,3.2122452555991243,-0.772755121635083,-2.179183321666803,0.9857840833888437,0.9890650168309296,-1.3838249072964093,1.7012930571763585,0.2385226254236128,1.626712941680545,-1.4931856723322992,-1.172160644613016,-1.605431456386328,0.3821998233285595,-1.8182759667886477,2.7429692454848977,-0.7946675823644626,-1.1055979583104458,0.32635958030894213,-0.5145031534132165,0.4466292220074213,-0.8687709305117403,0.002101943756759907,1.6164638072480477,-0.4247861153452908,0.37866544549575,0.22767711667528073,-1.2350514842971394,4
-0.12392437198474446,-0.5499760229093132,3.75928491700221,2.759349636511887,-0.2695504620272284,-0.35167087424549914,-0.7944524939150924,-0.5938140908737422,0.20804901198886955,-2.7035546884078374,0.1372141056523657,1.3221692622328405,0.6145073310927268,0.8449018868349948,-0.7329434591590689,0.22048422355731284,0.9919409285011379,-0.33144674826816356,-0.6923296777238525,0.14580192554319674,-0.7770502358576226,-0.12186138845966295,-0.02023386565434997,-0.4036617342724453,-0.2271056268300055,-0.6085304612875704,-0.4827800829468818,0.06111450428639295,-0.7915229827511439,0.055160860811218064,1
-2.0143730767591537,-1.015136846821237,-4.131711988839573,-1.0439388852008584,-0.8104331102402539,-1.1652399761421395,1.7456038491371553,-0.015286022017393774,-0.7240389849377176,-1.3477197812966801,0.68651686894874,1.2601870577423084,1.318615093774071,1.0700839289374329,-0.7865864253808901,-0.4344652606635744,-0.07999043080431094,-0.004755358400963959,0.6413996820352105,0.24669429281410918,-0.5829395982420628,-0.9053661765875993,0.3184651564262448,-1.7364121874770988,0.39630732605694174,0.4366864617956087,-0.3390241577265547,-0.28979514486424307,1.2888493675463548,-0.6430540895997218,9
0.6097630474713649,-1.9217796169854338,-4.218851597285248,0.8581487112376581,-0.3202498106651575,-1.4490574353985752,0.6928949537108648,1.078194407413832,-0.0104958579079351,-0.41673858559033594,0.5552396602884649,-1.5201353177811932,0.4748736962432322,0.4516475748127842,-0.21440140922949988,0.5467440596554078,0.45752909082632887,-1.0308453314718924,-0.3071759606815611,-0.9170140690241234,0.8987272960693097,-0.10080929636443611,-0.7410500045102378,-0.3518389418390597,-0.9332716286698647,0.39890994089204695,-0.26133577249316464,-0.3010879525031998,0.19191845068707558,-0.15239255697817333,0
1.2964611672088233,-4.526538879244135,0.20325366149311086,1.1480864290500576,1.5041828742531145,-1.7114954617292142,0.5773457545288267,-2.261196103839567,1.337741086737209,0.7891731958167564,0.8215082504229183,-0.6697759538158653,-1.6124043024029047,-0.4789924282423525,0.012237973294516502,-0.20946107842294306,-0.6189850259860207,0.36623219670290635,0.18629029791797963,-0.21342935624829806,-0.06869451737912524,0.31105274820521117,-0.3166787334569859,0.1404676991345383,-0.699893285497448,-0.015602715545434917,-0.17763213799363597,-0.508889590832317,-0.06548158773673321,0.20576449625086762,6
1.6337498455361819,4.720407460037565,-0.026454030916523794,0.08255602775225404,1.6833925436205694,-2.3283978554268825,0.5953055965318037,-0.057884307663651144,2.521135629792967,0.8643445169170986,-1.6996478593363797,0.07374938026136353,0.8042117772072126,-1.314366816503293,0.5490618967195489,-0.1548642914513545,-0.5026787263973594,0.5317222593369396,0.6952066965124706,0.7186829853667495,0.7483357474471545,-0.5087091325499389,1.0322520738109704,-1.5297989368924543,-0.6818265412419061,-1.1402555172514985,0.4469348565111,0.2522537675988814,1.1733635127676112,-0.5809545224687265,7
-0.5193330739430669,3.9917144957179245,0.037456732076868726,-0.2799317379556233,-0.5771431036100936,-3.450693155917655,1.132557627059672,0.43028167625855285,0.12591182616628951,1.8833544287271584,-0.12576645234030945,0.05924855379858826,-0.9885350914888673,-0.22688068365264444,0.5808346840777042,-0.05696309431206503,0.045383432918683984,-0.5731967953397361,0.40094683636767176,0.2603431036141447,0.843581617685785,-0.7895106734647609,-0.11564297270760901,0.20593506365683273,0.4613168643164084,-0.5558428862954438,-0.0920206904333335,-0.18731715331602497,0.9543044213503676,-0.21553760948766293,7
-2.8193608048468928,-0.2642012661547407,-3.609768466614349,-1.5343329761764233,-0.4636620643400032,-0.46370144466572777,0.056620235625301336,-0.20019684050498052,-1.1111045099651113,0.4148472575244616,0.9892826177237608,0.5421359716803937,0.3078914873783727,0.4205186298030961,-1.4106764291575589,0.6866769085138894,0.4873116904862326,-0.9963559080084478,0.0688971050646294,-0.5954368102368078,0.40675685412230767,-0.825685675299581,-0.6341063788735417,-1.057060960713658,-0.41401237526605744,-0.556787818543841,0.03187719331800156,-0.03627554051839345,0.7043936472636431,0.11447374030368025,9
-0.0807377619822702,-1.8458653127671925,-1.9298992449061567,0.1317854186825616,1.9909816233297284,-0.49580538178111616,-1.9811228682905293,-2.357630538564063,1.1595771129186139,1.3157125546243722,-0.37072761612242283,1.5369123506264069,-0.060680968615505454,-0.8264660931510261,0.4074493619999585,-0.21789449013982523,1.121531510705848,-0.47777921016145003,-0.8880659412706631,1.0501435808946118,-0.4569094472848039,-0.9878680136076728,-0.14075078298043195,-0.21253473642044385,-1.8261343328594555,0.6303281294259602,-0.002151831212299339,-1.1453511159313279,0.03935169999288243,-0.6067711254600715,5
4.9740456247764735,0.803619748697033,0.335950329911752,-2.0999727440038995,-3.4535657404101996,0.6924225857806422,-1.036399219407358,-0.6458330777492841,-0.6470603335134044,1.9858362903364206,-0.2926415355610231,-1.694494688012948,0.6002109444003403,-0.20913938685761252,-0.8649932386746915,0.5342900437470376,-0.9906057472038915,1.6293543412090155,-2.0479098363414256,-0.42880958151025206,0.3490221674813112,1.530527711555191,-0.7324048744180732,-1.0983911653148992,-1.1398697079696294,0.056117449759569976,-0.632536717785117,-0.3179550941062121,1.0428981634059047,-0.5025407545322607,4
0.30231816922867244,3.693421216698355,0.5696174821735677,0.5689891655772387,-1.1140014535739757,-3.6919278604426693,2.140600390888766,-0.5969581454981469,0.6208877494515411,0.7906708673334707,-0.3357840811377888,-0.5219808287146224,0.5281747243051489,0.18695596693437466,0.479836813345596,-0.6348976680227872,-0.3402388104717101,0.23454517967450678,-0.1358942586307093,1.3653073355343317,-0.4651774034762609,0.6894675621208939,0.6643746096029753,-0.33656629374923375,0.05056462478023004,-0.5643255210438869,-0.29309927790820567,0.026549608994471896,-0.041306032027809234,-0.030089194527412697,7
1.2111712525597675,-1.277751812014172,-3.3923696296772654,1.5165542538158534,-1.0032355929888168,-0.8032722954405784,1.1699308881413348,0.8665392985145262,-0.28276688277354295,-0.3180782218626111,-0.7235673416223287,-0.6863520660786925,-1.5892934639158995,0.35272067769155957,-0.07382649713205156,1.1006686904680767,0.5270700925045653,-0.750585559961968,-0.2504903862393459,-0.024387784217581848,0.6910023663754348,0.6349659547442811,-1.1796688843968526,0.5687238854977282,0.20805413046899385,0.36201069283086373,-0.048790569240389374,-0.1699772212539318,-0.3965693302190384,-0.19228256605138785,0
-1.576231402515773,2.044183910066207,1.6804962760823299,0.7606011509063763,-1.665918081248651,-2.451866193365804,2.2681946100953225,-1.0025022783113706,-2.795865251356413,0.3882572449575333,1.1387260751438917,0.9497618356321975,-0.09276390260508507,0.4516524936455393,-1.714496911868302,0.016910605330939465,0.44601858763329066,-1.3766204751666824,0.2782899071469919,1.3340673369682765,-1.664147975628535,0.9877605271901666,0.8673186399409223,0.898413169167457,1.0579339322956138,-0.11060687555781264,0.9068025218815216,0.25247532097307535,-0.48597031168404625,-0.037997911094148594,7
0.9871477493167429,-3.6096195587494044,0.9702083836660127,-0.1341997412646905,0.9443104722822889,-0.14032297505354124,-1.0927618494807416,-1.620045834425963,1.7054917056420877,-1.17771782266845,0.44244467191517933,-0.27457634052811697,-0.08484708635819342,0.039829626431027096,1.0123091626414233,-0.8415925584202294,0.5325448082525659,-0.10769137768893092,-0.5441366180077563,1.063478929878399,-1.2122430551499868,0.1344908914193302,-0.7741167784231854,0.5916913128734648,-0.11590910818430095,-0.03610446827676698,0.023248172342965515,0.15374031568990923,-0.06415708734751105,-0.7660783329400939,6
-0.11954565617659299,0.01579059046111145,-2.0669500984422933,-0.6226666538886793,-1.5159873679259737,1.0378362368016103,1.1698905203303707,-0.7420374385192069,2.274714460782639,-1.9484371768661455,0.18726288227131577,0.798323831409865,-0.5218365241105726,1.72781484970001,1.4619375268438586,-1.1124704375438426,-0.458370196281117,2.487669444532446,-0.14648979402533444,0.43196470029729256,-1.8612246054778163,-0.5679470154736139,0.7314359155995163,0.39414941718777874,-0.1064523481158161,-0.03476129639925822,0.6602259136844663,0.4662671668964442,0.2972716132450505,0.9456206970247293,8
0.813270609090733,3.681112615622709,1.28525837423913,-0.08978590667826529,-1.478014714835425,-3.117088721119853,0.5707594117760557,0.31886910785724404,-0.7043751006475668,0.28827895297907263,0.17066133742887216,0.7262290051599283,0.24901432958166864,0.7644558029474378,0.25203019607180094,-0.7362024446085081,0.24946926340374004,-0.4630927815353544,-0.04780612433251339,1.2814777994270259,-0.5653318627551268,0.1343762819854485,-0.9000947701206994,0.7280770847890398,0.1720933876389916,0.572419232458988,-0.061582044230979835,-0.20078256525471072,0.4073306251897692,0.5060389726568637,7
-1.3526238802447121,-4.101640374775309,4.749463931288411,-3.1321535810829118,3.5394332852315045,0.8472463584707126,0.986025898213271,1.3864838096745515,-0.4028827861149057,1.0345707422753092,-2.3768587515359925,0.3622701153112691,-0.23885934397276679,2.240436987149857,0.944546548949197,0.9179532844561238,-0.04395737083977375,-0.7628436147066564,-0.21078324534100426,0.26125137343597576,0.06792089757206182,1.5104277415779161,-0.5547916014703334,0.2836539377238962,0.07890629224965366,1.3100736695302584,-0.23658439883919336,0.739768504407238,0.7402344005337684,1.9348636673792545,1
5.026135129683852,0.0938732063553756,1.2657559634884699,0.3983093565896517,-0.3043120110533217,0.2489413172234181,-1.5368428478815344,0.3779245981385174,-2.146524991173357,0.2748623135377086,-0.47816156415410077,0.5296920657537776,0.3434125212058757,-0.34007727125714915,0.4799316661974411,-0.2718999099578119,0.5813545354011882,-1.0290452257158358,0.7978309883155659,0.33971031279401254,-0.9577282264347869,-0.521445029274215,-0.14896642580301755,0.16065737887398324,-0.4874413525452314,-0.847710270535587,1.4959217446264301,-0.5388302120345694,0.3075230443704776,0.08821686854177894,4
2.083172542640931,-4.443281147569373,1.0130018171417365,-0.9282951629801343,1.1343355103774282,-0.9194070071631089,-0.11598035579049455,-2.237304985685365,1.0414063088758805,0.7367596106557902,0.8852614506352663,-1.2795329797273052,0.7649998611586603,-0.6324329694262271,0.3493487672489999,-0.6314566251215054,0.4561147507384834,-0.6419931345991887,-0.45306438698472146,0.9359100942535412,-0.6502630365288586,-0.668917046882805,0.045998036915313116,0.20559175729384038,-0.5306473136270331,-0.46023108150263425,-0.5437182245223248,-0.618502046692834,-0.5943460090291316,0.6558683642103408,6
-3.9572669405724743,-3.4800505445414993,2.5305381864187577,2.0057802010513774,0.17826222582506532,2.195957446652524,1.6696970586862008,0.23986165551917032,-0.09643102175171402,-0.6956203035378875,0.8467112545886902,-1.1132244801136881,0.46879677900533345,0.7275536655154922,-0.9087490764712801,-0.23761034850041027,-0.625470991517421,1.0807214433628591,-0.36975665735407676,-0.6904774693045941,-0.7612254348937085,-0.3189526574308535,2.1111282501980226,-0.5907436698198544,0.24020019058140354,1.1390381923748951,1.4017361963222725,-0.5075232279320939,0.09642706589401949,0.1868611060473745,2
0.34816076707409516,2.3399199587476556,-1.340891828317236,-1.4543169092343644,0.7797311020514975,-0.09921592436338966,-0.679275148186151,0.19970308198989367,1.3358060957598732,-1.0045271425457865,0.31424190394146445,0.16309364888159159,-0.5886486785806256,0.6095974923325148,1.4667070004345488,-1.0395633230058847,-0.08696303640559638,-0.025703421537955504,1.5162751961397711,-0.33962397460969196,-0.8113420810333657,-0.5622199955378054,0.08212129725401444,-0.09117958587115317,1.1641312629975267,0.17786160450954316,0.4263184715589037,1.2533817346532965,0.29661680339906993,-0.8059595296655947,8
-0.09585521517426936,3.7280890672491633,0.3314504006960757,0.8482548839235359,0.10370413783718987,-3.401314033236786,0.547017495083575,-0.6811548463161575,1.9220117576441256,0.9335234294491114,-0.8261337773517019,0.5579522634706306,0.5725783057375275,-1.1564084133618855,0.06427140013289878,-0.24271982257513916,-0.3487256040637643,0.9441266107980495,-0.8201658180324625,1.1320624840873232,0.4223049443669968,0.2741527447470694,0.7896442223694277,-0.8968357344310552,-0.47036064868903676,-0.7818938677965915,-0.6386543315295745,-0.2893149877148265,1.1504239798356648,-0.8259433506290795,7
-2.0027794589085373,0.8986148423425624,-1.03753748510004,0.8507174480148268,0.29095788314868337,1.4186980970069318,-1.62263275121124,-1.558547131117043,0.35059159755560426,0.24223616200447723,-1.3246909103358167,1.6263180791484333,-1.4468503379528845,0.6456347185366216,-1.1747458683094862,0.12869630232937213,0.7193008021347123,-0.13710327506126727,-0.5390061889013305,0.841669030811817,0.22383203689790604,0.7957214625763838,-0.17466687393715694,0.6328685651348296,0.3633637340394324,-0.8159395038795293,-0.6093556016949955,-0.3159961441508164,-0.6109452399637875,-0.450252801261427,5
-1.8789321952744404,-1.423746601355963,-3.317354252237903,-2.331237293333383,0.08917072620874458,-0.5366889730379124,-0.07430964681400795,0.1697187902177473,-0.6452113036269228,-0.30586366706630885,0.7588758151358432,0.8461614768080943,1.7195944637958258,0.01902075719537756,-1.590520177263689,-0.7786371443137595,0.10350941538872005,-0.4447178209829798,0.1781558661571463,0.20425181978358395,0.08081276883479663,-1.2227517168557374,0.19540850919974453,-0.36867031806091577,-0.8407064192773183,-0.6701326530196555,-0.3932849466017339,-0.48106979494200236,-0.011393517014909654,0.42617011999145277,9
1.3373484263299311,-1.3480966309433444,-2.3286385093034423,3.1059916177067377,-0.7806071412838221,-0.02576148012965091,0.48652150028319235,2.759179897832295,-1.3660764001772154,-1.5320936544867436,-1.079453392162148,-0.6169564475372458,0.5026606561802398,-0.6040260913543051,-0.5374836317293425,0.3032388322529167,-0.19651344377762428,-0.24309225795479655,-0.41082643732185775,-0.14124349187955715,0.4356402920136515,1.7910715806497481,0.5128148744636061,-0.037536556487293905,-0.11184133964812369,-0.02399962658934077,-0.9395276479103529,0.2793157851287118,0.27772294436622535,-0.0676307077598621,0
-1.9679170267246477,-0.6403556663468957,-0.004440670745078527,-1.182280980659104,-0.23196974943757176,1.4069635330958725,-1.3454262804663584,-1.8747681926642235,-0.2652877540451678,-0.15405415286868707,-0.23943964096847134,0.8749955993756469,-0.2820661542825249,-1.6823896443294626,0.9386383902191281,0.5410320056622463,0.9498947853230414,-1.1934692020323967,0.413579582382786,0.48477854153269156,-0.24678075397828372,0.4294927482975023,-0.36923694705144844,0.4072768680665986,-0.6602445269082453,-0.31873525254460006,-0.24814016993371843,1.5462472088482648,0.6715161303914494,0.7098456938152659,3
-1.9372996595940437,1.6005017423713892,-4.044371710731279,-0.11699789511161313,-1.1643125670712453,0.22792401608827964,0.2924931965221575,-0.5263954822775319,-0.8075516574899801,1.1130597230092079,0.8607477504722418,-0.7492008775994171,-0.6894256760750331,2.2575670306282176,-0.5907903706403176,1.0005405045320628,0.530507358795889,-0.7341762341420511,0.040941724274643765,-0.788811264616249,0.5021800669224548,-0.14017097437139003,-0.5998276532164891,-0.4792120876102628,0.7611823972712375,0.7157655288775013,0.1402097302605981,0.6417480772498257,1.3250578600368912,-0.15573315975196605,9
2.6071462033671176,-3.948193868224937,0.693597181459541,-0.4285129584899911,-0.28323982168961676,-0.012050383577046976,-0.734292266121091,-1.770967107870073,0.2527752946911382,-0.8506629950845122,-0.14616663845164354,0.8106379110365901,1.6366888781878919,-1.2873896551726904,0.7075223674100043,-0.6970707457980693,0.1699834690478539,0.21693986434286253,-0.3761301476018231,1.5012040602418029,-1.1339730733777735,-0.027875448093277595,-0.1122234637850113,-0.6484535836953209,0.7719045460680389,0.8681617700210683,-0.22068094733116597,-0.13282673592502528,-0.39931205241588213,0.0921348469028759,6
2.7777040295900983,-3.5078938721212083,1.2666654233654704,-0.6062326949592707,-0.28902010458191874,0.4213951363212078,-0.8701769079643766,-2.157016677928322,0.831759114946874,-0.8163837697613813,0.08705340130550802,0.21316530626026714,0.5067166453895948,-0.9499914919919414,0.6043626188913642,-0.5597332367433394,0.11159168151789053,0.0804191081701047,0.04041605739840881,1.0308610709529036,-0.6060921099516335,0.06781077488448202,-0.1500988829906909,0.24126977595321514,0.831927093195029,0.5366623271241574,0.07359789395704211,0.7240765462923031,-0.7564173143314241,-0.03187036103143189,6
-0.03672616556810431,0.44869875536536125,5.074352210520243,-1.2097685225182084,-0.5155374241782565,-0.0711155353281434,-0.1453163552463104,-0.49682796125372825,-0.7148930858709251,-1.0860167593301886,0.1626635209267942,0.7700621498981967,-0.14982878434424765,-0.8013256446128112,-0.6577206140592046,0.8790685515105855,1.1899859495543548,-2.0194188598720686,1.3334597309058782,-0.5859835643826947,1.0686458553434628,-1.1345506529705085,0.08650361442273787,0.3289540916441182,0.010139841714800058,0.8944810355802204,0.7239705483026418,0.6461220938358203,0.06357126410937046,0.03761270173913868,1
-0.9131019270002482,-0.9596767425058028,-2.8931178803728397,-3.282690288384335,-0.24304199553867092,-0.7961931327492547,1.5817872954351628,-0.19678506615273497,-0.1868966811541325,0.09164493630632159,0.34274302839959103,-0.24819657468337267,0.9997388157531002,1.1561055454751634,-1.1307865126037355,-0.31521852620637625,0.2968560695615955,-1.1006586502741087,0.931919434906009,0.14932384959156964,0.8977572974914803,-1.9583151258728877,-0.18284035325811251,-0.7995042667020755,0.019873286383766373,0.3850693756681329,-0.8446408124839887,-0.05827477905429226,-0.4448789551376908,-0.5961937649347749,9
0.28678805753107384,-1.8698801557733242,2.714888718377561,-0.6861417163790109,0.7054455582595983,-0.28673013508975087,-1.5620924496736093,-0.6796465821363983,-0.38230869707618104,-0.6396466044249464,1.4008414713423147,0.18718024953992204,1.1212598666417746,-0.22654001699790072,-1.1449311872856656,-0.9155293072220444,-0.6793601929059582,-0.007196037563507914,0.06457096711179558,-0.7345996454370237,0.029789934023137565,1.3050738445637768,0.004402412563148642,0.8261828081184501,-0.5378468000973912,1.2881341662813839,-0.38594394347422223,0.3671672392387267,1.356986782118496,0.3161517906333849,8
-4.161593883797438,-1.729688383148211,3.2040325045101867,0.40922545974399605,1.108161386873789,0.7428449350583938,0.24739279398306024,1.0051201588835819,-0.984863145614746,-0.5551699018797972,0.9341436083192428,-0.9795994769483125,0.29794746151170204,-1.4532762218026114,-0.0663515381803356,-0.3500833784136194,-1.4150296183258855,0.20967998986185918,0.8558338744648556,-1.160673781273737,-0.4359736062547852,1.4812669252671444,1.704680530977306,-1.1575244946809489,1.0087743126080368,0.15071779239049854,0.15002960674957652,-0.05226041677629354,-0.38109755566676734,0.27792975784009466,2
-1.2729247862931996,-0.6886778339896081,-3.255708530626105,-2.3771895124540263,-0.4069901926409445,-0.23118755990719947,-0.04220418741909045,-0.08594683125631958,-1.3733388300152127,-0.6347662519965147,-0.485949970939694,2.728078854911256,0.27991288990082513,-0.4801942590223305,-0.38543534892245623,-0.8508949909834645,-0.34901924302623144,0.4075721795957391,1.2320937966966654,0.5738309341303485,-0.47004290039783947,-0.5157995370450906,-0.15911009022524936,-0.9575651240479351,-1.301225083717345,-0.543524848816193,0.22471294178821974,0.0225619481526686,0.9951973118006997,-0.8269826224597386,9
-1.4089235178956934,0.42499382744715714,-1.9421231462895718,-1.3016467584989246,-0.28741157150672675,-0.7570910703835273,-0.6405498444369756,-0.6386439996387957,0.8383617749857454,-0.6482091736435548,1.0259980630802834,0.8307457616658727,-0.30387847709367644,0.1332671363651752,0.39295564616489975,-0.6092560372869014,-0.4646788891212772,0.5989737204976583,0.6046058374856077,-0.3649782525530173,-0.15772714974320196,-0.38481068426249254,-0.39014158693118994,-0.255847308342754,0.4514340224802689,-0.36477444080302823,0.015398266462742597,1.3369659715448703,0.40154359471863593,-0.5445647940357664,8
5.0379579983560765,4.66024467113569,-3.0172626240416296,-3.552234176034693,2.11884782199766,3.7059663438013746,0.7649671704120076,-1.2401440982668726,-2.09233354169653,-0.3859903756732451,1.307104899730416,-1.0338923375506877,0.37712164757222894,2.8654859851611136,0.5871089616392263,-1.4259739504346067,0.422475077721421,-0.5849717730744206,0.9964615112384189,0.07519283669918558,-1.133343386911717,0.45919476349572746,3.0966808571169335,-0.2343935523131538,-0.42793029552230144,0.11987731618585275,-3.1785889595865946,-0.1609433416185791,0.6127076143860258,-1.140163724919291,9
-1.7652862987200724,3.35124048590225,0.19496091688932013,-0.1239885014611008,-0.9172666715887329,-3.011965406832424,1.273939450174846,0.514242010669769,-0.9499245047826904,1.7724886996938174,0.9868344221028135,-0.009987244781350756,-0.9979290256577698,-0.11485397491975496,-0.433021626083392,0.17328695338926597,0.005295087336031039,-1.0816254355853123,0.3213375618412013,0.03299012214493181,0.565292859232635,-0.49406979003110096,-0.34261089178859916,0.9653699476128411,1.5782804271211521,-0.38441435773188626,0.034495092422963045,0.3700346076969003,0.10046810835060695,-0.11616663309725433,7
6.052200724730452,6.6091793051466,0.2997960865246423,0.2782948953459437,9.980838844251801,2.9477526507241443,8.024746299547967,-2.7783650884214284,-3.673246036327865,-3.8390631032159734,7.997187914711771,2.3603608227459736,-0.7281709208867578,0.121844718353229,1.5108937322518392,-4.1712416189650625,-0.604223476407451,2.4852778775059323,-5.598533748533418,3.3865165196540943,9.9479675285323,2.99614048271739,-3.043850822605714,-2.95955594847992,-0.26980250729515026,-0.43675869311021515,6.13441306754748,1.6733006166516193,-0.5622744824438973,0.8895652367941955,4
-2.874633125474226,-0.7531274450086447,-1.4002303623804093,-0.31973447446844505,-0.6692088575500066,-0.5619492576636794,-0.5897661624800059,-1.3281373191017727,1.0925097988803893,-0.9622518236563175,2.065480614785929,-0.10366049208060978,-0.9589062820686464,0.8469423698693472,0.943086102252243,-0.014525767043214469,-0.4758358201014202,0.96372607308523,-0.45503128506839335,-0.8980892201081598,-1.127345642981333,0.45676665411105044,-1.0292692824721055,-0.4219785749484332,0.3456661388034705,-1.379795219907851,-0.053959439674666786,0.8789869852564365,0.41577197654928794,0.10300923399852925,8
-0.23030727289438752,-0.4706718767142263,-2.202599232967401,-0.10961610904731738,1.0432259264783004,0.21052485968907084,-1.219555090068692,-1.7740097919660536,0.9681714180020594,0.4627980308669236,-0.447716645689242,0.7002077852883862,-0.6881130904230658,0.05515745378691752,-1.1944471697991543,0.08435682923887254,0.34462197995767135,-0.25140027720167446,-0.02067709665849075,0.24089918834678012,0.6152005317151862,0.8643282440763479,0.7331735586095303,0.6231823503200149,-2.0061434851559468,0.22929474986278853,-0.14587834619225318,0.1978277347789797,-0.2697409183894197,0.4731820936115309,5
-0.42938742216520803,-0.2944182231446422,0.38729739802607704,3.289359557134948,1.8594400162672116,1.4725907589581357,-6.475459476122642,1.8131631970433424,-1.465746987838796,-1.4953104712120253,4.3290568552139295,-0.42229279242838325,2.0077880363325185,0.6062877517476896,2.7315363321123622,7.264701887590859,-3.7626066517683605,-0.09085657834659332,1.6511804717903389,3.7853144831564536,1.210354206202714,-0.8458401818536802,0.8682080926000485,2.117475725277134,-0.975672437261876,0.8522717113013966,0.15685038970279955,-0.5129665632626141,-0.0041013851740937975,-0.17286011990860867,5
-1.6939592455366161,0.49875992358116955,-4.043317692455988,-0.6295568348604232,0.1409037192721215,-0.16587010946458455,-0.36501139638204116,0.9724251820933105,-0.47379224052216645,-1.5247606301412293,-0.027673091811204812,1.1339652059351053,1.5341738053499527,0.25827291864572793,0.16052080825237372,-0.8119863336213848,-0.605081886987622,0.29566844891155974,1.0200954033089413,0.37018989014703607,-0.6692724461366693,0.5997286045215658,0.5751631209374342,-1.0116323512987473,0.386752254127627,0.5289064626629378,-0.050686618276997206,0.47091718966074125,0.38126819492297365,0.8600388397729565,9
-0.6870345413410597,3.0758009316673585,2.340273686497497,-0.39003502621725966,-1.7369188866962904,-2.779059245401611,1.546047097859064,-0.178016064279178,-1.892332381800766,-0.30768548017795316,0.6753649654026114,1.2178319831405866,0.5689083817797255,0.8661313486463849,-1.0153728975899734,-0.9049589023377619,0.40443180184805333,-1.2914192444566643,0.5396277677082064,1.502618823808274,-0.8798308179283992,0.27830411699389895,-0.30484000027267705,1.277899148557086,0.40717439506624825,0.671749535691074,0.2791593465982963,0.12536978756452516,0.3262002985774955,-0.10526870967402047,7
1.0438533049123364,4.242100446552315,0.2631290719964344,0.13377259436314082,0.9981104563098313,-2.30926934648886,0.2648187901912869,0.4685845357335463,2.1433617619213026,0.6452284115074778,-1.4107598976485793,0.0003925396529332681,1.0336304589717915,-1.2431471769269784,-0.17288188079878047,-0.8510378551003969,-1.0482451536406197,0.8501133960498459,0.3890014130290841,0.6800149307583024,1.0327951413183816,0.18396707120650233,0.9845234746846006,-0.743698384439885,-0.21506456620253545,-0.9953748663590852,-0.44547405031813325,-0.014728913213091334,0.9029297861015398,-0.5580532305042574,7
1.7215324725594732,-3.528645449967323,2.1634776038208976,-0.43334825904358965,0.04666681259805023,0.3499681392598762,-0.46682553500630397,-2.2269111870206837,1.2106194913836,-1.3485921084020567,-0.35676822120025814,0.5499766952484569,-0.15176112414270573,-0.8571347233661495,1.200451533651244,0.04171499007208029,0.4891296380600442,-0.34708027785658674,0.5357837543862157,0.749476601890233,-0.3568548466997023,-0.003975341560635313,-0.7389815153655562,-0.770348741792079,1.0606831794852125,0.802355302366044,-0.006694993043451261,0.7511575479743294,0.41719671680510595,-0.022216325518623622,6
-1.0976790460415975,-0.8011625204050027,-0.27972633688646636,-0.8848390881241223,0.7131250699050385,-1.3642394135569846,-0.4770253416520639,0.27933043132548047,0.9286424490617665,-0.7168328903229846,2.0223748226883016,-1.2372581405728487,0.5798697033569532,0.6980005011284426,0.9866032560255591,-1.6510542870330094,-1.0683526521588191,0.38304413975416274,0.7816651488262026,-0.3312337560779414,-1.2311691172764907,-0.011016806015636682,-0.4342169073195704,-0.2471899264972272,0.8564448868328294,-1.1701333304548758,0.8671107888665052,0.5309366163672546,1.142882293023923,-0.15859786591422154,8
3.1233773876734894,2.1773485528957006,-2.5228056971474544,-4.9059393487508265,-2.61390782879356,1.9366982308525529,-0.9221913708050592,-0.7468670779834233,-1.5047235359742257,1.263159822319212,-0.114213230437417,-1.3051650291696937,0.5705201741550652,1.1997386177866345,-0.8410279243581079,0.1027121467514976,-0.1916709234033148,-0.23171539257614832,-0.16642964202160831,0.14039505239229585,-0.17464980851661013,1.2641613775463472,-0.5573632080501575,-0.359544819350348,0.24369594590504173,1.1357165483451674,-0.1544804122502791,-0.5623074647330646,0.4916418870319274,-0.1808682174398139,1
-0.584102820340252,4.109894476433495,-2.801597988594248,-2.4621753281097103,1.1678320234443356,0.23626308830048948,1.0680799681282132,-0.9121195398393203,2.2220759959785785,0.03637782766159316,-1.2887277589417567,0.9156437929800084,-0.651653813226713,-1.17427829622926,1.2035643015432331,0.8763616881903691,0.10589334906823873,0.5955247796403763,0.5194169978686872,0.31632812873818317,-0.5658144377188924,-0.3443587246452432,0.4466824638061536,-1.034590811230019,-0.08586564123619816,2.184616060834376,0.18658061263921866,0.06767361450380012,-1.0810039798918551,-0.16563178857161134,3
-1.8883872800555623,1.2739070501695715,-2.743873258709009,2.112419520914742,0.33281894064067696,1.5562886802371856,-1.2764702686171232,-1.82219020476276,-0.03831026762725765,2.1992840062007026,-1.5799033180776147,1.5126708073128072,-0.5624354656903368,0.5311926036382237,-1.047590208478508,-0.03749527130103435,0.471371498940872,0.333601119259336,-0.6691416083644006,0.8205879342424566,0.5932445769924736,-0.35769763827686757,0.3854133461782554,0.48009159578312044,0.22738920580637403,0.3257048004622433,0.2961737000218038,-0.999481299110128,-0.14623978516967087,-0.5965542598272003,5
3.021606466891414,2.9800017903744958,-0.962921477225753,-0.5936991612938067,-0.684248321425002,-1.2362473960977227,0.5792393057716867,0.13469330166321286,0.3572588567757914,1.1986859966341517,-0.8756526094693019,-1.2741044921550062,-1.7146711103820653,-0.3736343539394657,2.4357205067818652,0.3247802601702348,0.3015373684474858,-0.21947252048275995,0.6594057724301468,0.09671925276677763,-0.5992558415606656,0.7871713174221417,0.31255413529729675,-0.009059554714982208,-1.2140569618870793,-0.7373292738391173,0.5199839044064191,0.42057078390999153,0.29363775617892646,0.6421926506630502,7
-2.6199697912499365,1.6195199077457747,-4.757080058419338,0.3000636308336782,-0.7201813553589855,1.143809092874184,-0.5023242379411935,-0.11762931901082434,-2.358734811735892,0.8225830695354521,-0.4413093367038743,1.430964258520667,-0.10255789146813589,0.6287990152522207,0.9326844044282243,-0.4007461639286539,-0.0756882811738351,0.14754552221013298,0.9280535177754771,-0.07045317170163914,-0.9626994712955609,-0.5565615453038866,-1.3616634070270257,-1.458883951914294,0.3509522490725838,-0.3675776382914608,0.13013627656778887,0.011327968444246925,0.3118783364166048,-0.6149362173811889,9
-0.7201917158015987,1.5709036606180036,-0.4699784492511644,2.122503585374892,1.131985009328584,0.10738663471298686,-3.1239955904389674,0.4189159259913679,-0.23389214550105655,0.9898029371534812,0.09664768440022695,1.2308339298361868,-0.2275778753955644,-0.07031354722812264,-0.44464408468310634,-0.9537695424375319,-0.3293801261315987,0.4456408797715574,-0.34538094790863755,0.2407801145825881,0.179718005372417,0.07288785838206774,0.34738191218926634,1.5296613884854553,2.4375490232044896,-0.11267798332854412,-0.18143057537730842,-0.17745961320534878,0.16362698710143458,0.4720749229509855,5
1.3101209187499359,2.56325399778949,-2.6037685199645666,0.181824892494782,1.106281667001203,1.324241508894351,-1.263194902444922,0.09697948259812929,0.806339101642543,-0.8379516374258031,-1.5292482413237978,1.623842083379345,1.4714338938437894,-0.5889855586407555,-1.5588063038049271,0.6103134108706102,0.07776456158213939,0.7717328989738333,-1.2496555457259386,0.8603667166444338,-0.33270407643522293,-0.011582426191414922,-0.36848351477072333,-0.5560092135346288,-0.293560828041099,0.5084660286499945,0.11654027869995565,-0.47612634425788325,-1.1222155407759997,-0.5040880219114587,5
3.008982789691306,1.589441366105673,1.7337997890056318,-2.4346518221131306,-1.0943433789939163,-0.3196560017089863,1.5077088680699575,0.04415464329203464,1.3878301919103446,1.036101402697717,0.4081390223185403,-4.335475510781242,0.19082619743584725,0.8564792483276011,0.8817947628814411,0.09830223986249176,-0.0003497099271419304,-0.5995436261649262,-0.13047950264014782,-0.7493036412052038,0.011192468034990945,-0.030909303658200143,0.46927011311237365,-0.8664748652941147,-0.060357405085664735,0.23665396405071873,0.6325785974438083,-0.49948253160275913,-1.6459652733744712,-0.24438128109145713,2
1.1634254174126093,0.47018217006766233,4.5515986322612925,0.5193867356392609,-0.26626619952405883,-0.9262095191510497,-0.9680407061946792,-0.6076757795000136,-1.0967732267087005,-0.9537767296408033,0.5619871653314494,1.607988473650767,0.5988783600368874,0.06855500223405771,-1.9120049314422147,-0.1397060470160539,0.3733929585499165,-0.6753323892165876,0.28634023085092397,-0.037659456262399915,0.32872242131496276,-0.11620489485251838,-0.5774779158322997,0.9622502591321972,-0.820042499339212,1.0550063954930353,-0.42980869045736225,0.5862918257092503,0.007904235262272933,0.27626596409630366,1
2.3683144886348115,1.6488296718717408,1.5222655633891817,-4.037644752636054,-0.958501530174648,1.5474164867842652,-2.252681399071387,-0.5099024311965349,0.59740552382405,0.16295244492530203,-0.039580559197768136,-1.1595082668640382,1.2162584039829438,0.4571976514333676,0.6466798402285553,-0.8932014436910564,-0.4480118136848622,0.5605289009538142,-0.8248018368940989,0.23454745891005357,-0.782439595414719,1.0266273366801444,-0.9225833432188703,-0.990286674664018,-0.3599694400461865,1.5532664630094453,0.13369363671453716,-1.8990798503002841,0.1504465769844933,0.011810918672027724,1
-1.5688376113397813,-1.6141746959499694,3.204725770686913,-0.8490833312394734,-2.364666095316698,0.8319379204180283,3.219641804961736,1.5216247048437763,1.6164869320354591,-1.5371200964393732,0.7407931841116876,-1.167116693612312,0.17049869589717567,0.10979351952279294,-0.021794926022512557,-0.08628874040716442,0.350899787466822,0.8379916939725307,-1.0698394267823994,-0.20747262323949667,-0.1954519250882481,-2.126349423960203,1.8144419760221204,1.2857314215455653,-0.06365604596671165,0.7342936438793425,2.06215403117764,-1.1898213699929283,0.36008953192724275,0.07348084604237583,2
-4.69583472445139,-1.0746932411406358,1.9988262107112431,1.1745181821443387,1.170785250096441,0.9131997707762229,0.004036325650465046,0.6436976245274665,-1.2539886445599553,-0.24184886707913159,0.28894720731285994,-0.0867092942270574,-0.7907940827334566,-1.1840715870314957,-0.6146760642785924,0.12884299953239914,-0.7403806680968863,-0.4930457961642129,0.9950440299286816,-1.1757845867632029,0.19481293408023614,1.5135068240901965,1.2990070194938166,-0.9194037547450536,0.8450901018169925,0.7497506848487907,0.46422156083606875,-0.44827113944220726,-0.2602950116251371,-0.2767891120227359,2
4.306675860712587,-2.8317385813800975,-0.40368161802904357,0.6033605157170107,-2.49456665173489,2.858467751233537,1.5568878245004143,0.3782798967864263,-0.08444157964764831,-0.11741806587574927,-1.5250417047058453,-1.3735515031740129,0.3259776654968797,0.3639730181860959,-0.4670481117792619,0.9772931104345718,1.0994504404770968,-0.7197245170643718,-0.3332571296758798,1.2442908939958557,0.6248265255795706,-1.1390132853593191,1.784410776039267,0.735585974225991,2.603679780503401,-0.021327126965821768,1.4834152354257517,0.42039617489373615,1.1631970763947725,0.2649580412432747,4
1.0563850937821166,-0.24711849448610934,0.7585967331657069,-2.1064395386141053,-1.7821174721444288,0.37703354388131555,-0.5648393724754399,-1.2213578489292185,0.419495734297008,-1.3218278993035268,0.5311774222949585,-0.05998640263641632,0.07448496153211823,1.2350941003711255,-0.4823746778626841,-0.18165488000309454,0.3645595096458905,-0.05362723878807523,-0.14864841378029198,0.28721079916043474,0.08918659875047374,-0.15028631829260453,-1.3151231882959264,1.2880720956667127,-0.7379370282032409,0.23934534029700003,-0.15754278453970158,1.2950024986063189,-1.1149037697183604,-0.13149443161833052,8
0.6452174846840117,4.377742584666,0.924525265727839,-0.7352746253595881,0.28308963382023267,-2.5380870970008957,0.7335409690799335,0.4500018759871709,1.2775181884321283,0.7688138679662985,-0.7735278238531319,-0.3788766053749492,0.7052529264637649,-1.067954695003288,0.3229114064258406,-0.24360060172612463,-0.5911336916311261,0.2884602075719821,0.8082321200206046,0.2558467123530426,0.8322518252293766,0.13069212858364695,1.6074997705700396,-0.8653665720343094,-1.3759764490805229,-0.28659314300658295,0.4531757017256968,0.5801685999011468,0.8101552650848164,0.15940551139987794,7
-3.3354513646140584,3.6689386044042918,2.3794013382921078,3.5246948652945953,2.388739124238961,1.4265988446929936,-0.8880705505643265,-1.5820588145590555,0.737046167288442,1.0228694571403258,-1.4404976905461842,0.250119159172208,1.1899878771628731,-0.4670601237562309,-0.2232861608979142,0.4293759331711227,0.39738754744523197,-0.5372250511283241,0.1296109146133223,0.2488413365232418,0.39795581644582523,-0.4196810221684771,-0.1538863565609108,-1.5055720791555183,0.47893434406332275,-1.2516887346772978,-0.052137655467842395,0.42196155137033475,0.518214606520379,-0.36212734247798845,5
-1.8515563984652639,1.279612485995059,1.605695127485268,-0.6367094256091926,-1.980913652329894,0.20155284237599905,0.5552424506305548,0.013287067948757333,0.640345447133989,-2.3449560009709445,-0.4986587352346551,0.9153219566250393,-0.9057636005840504,0.33211883537588444,0.23270967587563382,0.4305301550907818,0.57966276910582,0.26487532091998395,-0.32222507790608423,-0.147346522751204,0.24806719054328175,0.10875120918969178,-0.17738686656337588,0.7262111331369381,-1.2318703293583206,-0.6306355570610637,-0.8423329172634438,0.5314927765438964,-0.4671380820676922,-0.27460210211205766,8
-1.1484339986377907,2.146800027174797,1.734030348788917,0.03595171580659831,-1.6457419936985604,0.5142437065036753,0.21204885783466995,-0.43479264254163075,0.14252621479019098,-0.9560880170711532,-0.8429119804789349,-0.09538173352869643,-0.9376985218377191,1.762353289507938,-1.1278485048114162,1.1794421440245637,1.147487248800539,-0.8430381050347286,-0.6198606776526095,-0.1515091444231729,1.1596831253702815,0.4670241769236837,-0.32011652000979707,0.3114986748606954,-0.6713564436902203,-0.8926744156394721,-1.2255395580981379,-0.36528254328032417,-0.09593022420605819,1.2243343477215245,8
-2.440309079295544,-1.4840168118655994,-2.364444973292348,-0.3543724737326945,-0.42775137297482924,-0.6389505177967195,0.3864054241819189,0.0626450791577745,-0.27530437618036574,-0.5574845748310733,0.8319826659424254,1.2225085475994022,0.6597864639769595,-0.6778341882632781,0.805537229765891,-1.0660189594589786,-0.8474700043948881,1.1739527165695849,-0.03580290266172877,0.4983623933420903,-1.6228315578952586,0.25170172438281374,0.37915261356910246,-0.39373870108020637,-0.38722722040895036,-0.4969599143328334,0.8700548265434601,-1.4817022850259753,1.2964018092301681,1.5006626887092558,9
5.8527455785174025,-1.627347128876634,-0.0737299059364627,1.0248060805644124,-1.2340429903279628,0.6972009171419664,-1.6243279357762963,-0.02700582641596777,-1.1414032342124283,1.680248542236845,-0.5944108225754493,-1.1068080980186243,-0.09059847237839999,-1.3303770383090363,0.2434084698712132,0.9420932810919541,0.5083900254199805,-0.22789876211478716,-1.0394990608830257,-0.3868565905055076,0.04165103416566163,0.0415286768543598,0.1967914049841321,-0.4549028053139818,-0.7447978423973828,-0.9399042216522621,0.9326271573201618,0.20310204741687268,0.2904957720756667,-1.084549311341377,4
-2.3237166484715326,0.36522748868870436,-3.550359730215213,-1.7504068862847593,-0.9483345746466904,-0.2582741308311399,0.993368696491644,-0.2871416391233377,-0.8761671459787621,-0.49562553676285925,0.4564575352855192,1.559162588200026,-1.4425505817921374,1.4721203619638237,-1.3204140192677383,0.0085377193934317,-0.18805077239529824,0.09094894812988723,0.7483212859868748,-0.45072499879034233,-0.11738533792385857,-0.6424114982025217,-0.6277577917144275,-0.3054787162534091,0.1878554337346644,-0.4715852850256936,-0.05616997717878479,-0.29241294162565146,-0.25414344008662737,-0.8730431078725617,9
0.4713223710070952,-1.4437110139404088,-2.969430372478395,1.2412286150070424,-0.42475078013844664,-1.097123192516404,0.22141149425596593,1.9139853058345553,-0.11981525363519577,-1.6857686569162433,-0.24403489827710612,-1.14668902362583,1.3219389255155125,-0.9098458166030418,0.44958423233271755,0.08392840152561197,0.8577153130621644,-1.5458811939866433,-0.13532059291323123,0.12804083237431957,0.685979373077076,0.5226440632239602,0.07940336365480104,0.7611413910150622,-0.37646735507475576,0.4002670873425531,0.17279365285080173,0.10679861218120153,-0.15273732757397293,-0.0972357641946128,0
1.8133044291366545,1.197645682402205,-0.007205804284197981,-4.688429529662626,-1.764221227951361,2.407357477115613,-3.0402607287485193,0.570417495153425,-0.4737140851084508,0.11575764401948084,-0.045448906560808855,-0.2581266654317078,0.7971352390912129,-0.4790064877143508,-0.17594175974094362,-0.9244129179410017,-0.7907319136542537,0.3581635197172782,0.03573579234397154,-0.49540768776927446,0.7690524128821167,0.12523250804234853,-0.8838542612885804,0.6235555398278748,0.8299182523102652,0.03613860741576157,0.07456377977870161,-0.969171506322706,0.3181725390269797,-0.10041391726720315,1
-0.7596797445441233,0.8283861794039032,4.550669886595102,-1.7715059355673184,-1.336891006768335,-0.44513707828309185,0.32642311742242225,-0.1093490703974289,-0.2112748721057422,-1.474754742607261,0.6040330053400795,0.3034253568374112,-0.03010700141961722,-0.49911968112643623,-0.25230622886823223,0.7307179796765249,0.9894626230352453,-1.4281274609604555,0.6224691842476391,-0.8121502183940458,0.8305437717471968,-1.2513373781057089,-0.3291945486125517,0.06623322219481846,-0.11483783931969008,0.9415800091869964,0.4906574829704594,0.02250632495368341,-0.13624164719229356,-0.3187984795667022,1
-2.5923519030316147,2.268139101418874,1.906694034703725,2.690600515857065,-0.8947603987740113,0.23838462297692312,0.8496464357435277,-0.5937246347258789,0.9753223771679775,-1.6719845580452484,-0.6114966129109194,0.18721317568881532,0.6003370064853467,2.125965329026959,0.3532575558656925,-0.6026788970201855,0.062038540947071785,0.7345957355513237,0.04135074799411771,-0.1472221800305112,0.04647908138724765,-0.8824125995320824,-0.6381474360310064,-0.7364458447090536,-0.40058688492192956,-1.0315758732125444,-1.0094633314030208,-0.0362465051019723,-0.36957121443951196,0.10931683325100632,8
-1.4821962291833832,-2.2269488918704385,-0.7031970954409885,-4.564339805586414,0.9256225734192673,-0.20974601801960452,1.2685052476346959,1.18251473776118,-1.0951389476483329,0.9502446313546709,-0.6942097608932462,0.5995565953519417,1.2099346535855224,-0.945985899189509,-1.3728541411829376,-0.17310964051808442,-0.10320638851141269,-0.6176611268483283,0.3613780604433461,0.6504924748151532,0.8171027056250528,-1.4423049567241062,-0.16991091848360243,0.3249655062292037,-1.5817052240284053,-0.15377779501518984,-0.7838665983423783,0.1957026715516911,-1.0817308760252637,1.2601427072460887,9
-3.554644873029424,3.9010616830153753,2.453865440235645,0.565516616856905,-1.3306936012914863,-0.44736785254950506,0.7328768084681712,-0.5567497325299418,-0.6760083910128664,1.050416806404009,-0.4171009287452803,-0.30507573811784505,-0.4491741884490265,0.3277109568137679,-0.2527366065690626,0.12343473384934107,0.2677922445508753,-0.7920016813974257,0.08689107678859953,-0.3605133400216343,1.2673504144090901,0.04881302453550755,-1.0943320702104888,0.0063138843084049575,0.2628466976696614,0.4859914574608184,-1.2532210771571735,-0.17397401467523008,0.39034772187004607,-0.21873901375015345,3
4.830362892661272,-1.0769122128228141,2.152250269802044,1.9844896288071119,-0.9903247861804196,-0.18136745237198282,-0.5440399715266855,0.6038365710074934,0.0262570368749884,1.1772376399351359,-0.2306465456219838,0.03948112704735166,-0.9871304043514412,-1.041316535047767,-0.10219709183390838,0.6999228979259052,-0.26517688195809225,1.0406952833368732,-0.9739060365782162,-0.6697144168590582,0.4785519129391581,-1.5546532304834975,-0.7000901359141306,-0.03280165384743361,1.380576081216382,-0.36133130153655924,-0.4619467695312872,1.0224074270026826,-1.6177393501741928,0.05956970566278562,4
-3.4058772919548614,-1.3762519899483956,2.8567817421940744,0.8019151096225696,0.03997784455527734,-0.10833064704174257,0.9535895438034864,-0.1693566027092616,-0.21377205225552476,-2.4382411422054653,0.5879864784385861,0.3618269809470678,-0.043813023189100624,-0.3061255030949821,-1.168860022482423,0.1697434833049337,0.40306467924982886,-0.8896623063737507,0.5314139983380098,-0.34817218442242975,-0.37339622760450975,0.30934604672453564,1.3601851740388815,-0.3484479989329642,-0.4619158225355944,-0.4867692222829854,0.750262228539366,0.1929811442937432,-0.7441794767755306,-0.9253885947798398,2
3.6874985095806294,3.62927626411861,-1.062393729926256,-3.2467198046117023,1.1232491871918968,2.403432915742507,-0.6817400530101753,-1.6831390658228635,0.5851942551010242,0.840319860912892,-1.036385613922419,-1.307254061926311,0.942992195230611,2.013483135272809,-2.2254466009072336,-0.3756123614868764,-1.0304705860851868,0.366128414523149,1.3912402406906619,0.21866740968778767,0.1597563024704987,1.1368525227768458,1.2487053786731093,-0.45480746475752887,-0.7833998442830555,0.4300643719544218,0.45471946276072045,0.4370678516927873,-1.394006153560079,0.7615211551058846,9
0.051212340289836206,0.11966787085899563,4.662451553551802,-0.7705357154086601,-1.0563011664249777,-0.28350637589680383,0.12185430388139597,-0.24430485723331766,-0.20867971871583332,-2.4459838142350248,0.3176122034894329,0.8432178630222532,0.4804771623831674,0.31904138539688803,-0.7803908550632425,0.21625042854585003,0.4460377613461613,-0.7153293272167872,0.844767516666566,-0.49679159867408185,0.5419219886690181,-0.7477446263528266,-0.41689521397666723,0.03608775330913795,-0.2722988538598307,0.5021815208517111,0.06879424551190777,0.2373859802191733,-0.3581675810442859,0.24905762173966903,1
0.30034916096425773,4.370341204865254,0.9445040826394518,-0.5904698495688324,-0.5528035607685391,-3.3751197676869524,1.5497124199508832,-0.32738340271251015,0.044996404467626455,1.0406206762930679,0.05419032598069034,-0.014243952822066886,0.11384034165508025,1.2062058549473602,-0.256973384703211,-0.5411986696882466,0.4883089200876461,-1.4037739557215165,0.7236798112760447,1.4512030544423147,0.21256023281220637,-0.4154858453306621,-0.1395496824805987,0.7965457612121596,0.5081310082219874,1.2185721684308624,0.5680890517651466,0.3200571917971875,0.24912043090457534,-0.4663098778729878,7
0.3412746791473821,-1.6518794844637532,-2.2453448866117194,-2.347401825199935,-0.26031594066527314,-1.3512346125476087,2.93905122930283,0.4046778227291421,1.8986574279973052,0.25094021641746694,-0.4522332846700818,-1.0631251621375348,0.11344897568798841,-0.4025002844602404,2.399924195108478,-0.1844987729027791,0.020845121470819128,0.5571077413282227,-0.43974578511492013,0.715521114005643,-0.6488111963888458,-1.4301652474712256,-0.13088474748552653,-0.5170445178990444,0.05811812794473062,1.5681942453087758,-0.8434193914553126,-0.4402046405063144,-2.409258880526388,0.9509505261587958,3
-3.006185463672292,-1.0157410026405707,-1.289132505500078,-2.4382286343839255,0.14926992152585664,-0.1548970596045168,-0.8831277995302846,0.05783209949481818,0.8099479208393388,0.44258468304207926,1.8215474298029282,-1.276072421561448,0.5743088236661119,-0.9799244751751377,-0.23798203880172242,-0.15412147225825257,0.22387318371945442,-0.3235430172511197,-1.2199208364185934,-0.38038775523356216,0.03828209874720854,-0.4752512682247782,0.630449840659107,0.6824667093520764,0.3098603533306252,-0.42284831079292867,-1.0145021976470567,0.37695510076801997,-0.14923215058333122,-0.25013731954812046,3
-3.1196719881886645,1.4632568886781114,-2.789485147364886,-0.8960338574714372,-0.407297949545235,-0.463898858375922,-0.8797675410612315,0.6078385526287903,0.14237423278155806,0.5328176303260125,1.0535995386262809,-0.19925651002273578,-0.5968932978328034,-1.2451426436691773,0.7914510425178667,0.488419686962537,-0.19819917061187328,0.17922271438157722,-0.2510314282998534,-0.9944095333721432,0.3440902481393177,0.36300876111324776,0.26501555289328166,0.12195208206155038,0.30995905769683907,0.0198445553247674,-0.3307612076217575,1.0030670760143394,-0.4670573964377768,0.3554076385120092,3
0.48938485111600283,0.8831924823295103,3.6563344501451396,-3.3984430825697562,-3.116548595632391,1.2704093535792857,0.1563652606659147,-0.7427113973779408,0.5437921283420071,0.48182286393271095,1.1841631407240785,-3.079220716714952,-0.27892147053679506,1.4648649648698477,-0.7660824285422936,0.5190080715658222,0.053407995773532446,0.0352381924670536,-1.4488227267671072,-0.9036804005734969,0.5090126730385411,0.715698406956419,0.30590912050249663,0.3973798141289799,0.720297156008673,-0.33043116749495643,0.44293298576176915,-1.6661891256943318,0.925069362868914,0.04621285546361915,1
0.34041181196913434,1.951938138634545,2.7197456307619827,-0.34298531538559063,-1.5120227806396975,-2.755430808172451,1.040748492967291,0.6602678644103465,-1.090426628602695,0.215934732052176,-0.10710093839592917,1.009102448792633,0.24566422700860477,-2.4211036214488706,0.0851275835090281,-0.3070192052109773,-0.3546975566654339,0.22756977586511018,0.29301020764263924,0.441300845368551,0.14269489104161792,-0.02673462982639347,0.7578753915522751,0.7457455721894101,-0.47133896866991337,-0.9482985280395115,0.05288567533888612,0.20629524940095315,0.4052419636650458,-0.1098518563490992,7
1.6567528889075611,-4.512448941212059,0.13757767872749388,0.6389483645201838,0.7778435816709862,-0.7917051348147657,0.8455367537527545,-2.0922755069690484,1.4141591730616667,0.06086517496614036,0.007828702746662418,-0.4028720364480409,-1.020085076412821,-0.7305717017597495,0.13346141993269542,0.16436889785410908,-0.24312916477872912,0.011273192305675066,0.5827793972899098,0.10713441807908808,0.46548381510021175,0.0180697849456346,-0.17225332226653406,-0.09885329102460325,0.15468332218039926,-0.16653855704224668,-0.2030501850730133,0.0955357845756727,0.3904178724682077,0.5621950766599073,6
-2.80344592924494,2.6216467944787007,-1.0352293484736077,-0.7062562582201264,-1.894833320222205,1.2484724391036897,1.3633963966828266,0.9005454222632253,-0.8915174902793297,1.1397665485725434,-1.475564527240781,-0.4920351014954006,-1.7015983785956381,-1.188794515395682,1.1563601793525824,-0.5149514131092594,-0.7133933480403423,0.4272914197886818,0.7833734238610855,-0.5824591517249936,1.0461584732140754,0.3167186902633434,-1.2606844757312918,1.4043824848132849,0.2001353995350825,0.4254996423480244,-0.22107416620884304,-1.288135277020125,-0.8051310437915666,-0.3359161784563543,3
1.5135533138838988,-2.4155429045745582,-2.288718303904432,1.8206127703283979,-0.396848118074435,-1.013919336735813,0.5846671733585871,0.44895817392189663,0.024049005229032853,-1.764061062522556,-0.3582640856642357,-0.4864133727627087,0.8602360910179326,1.002187410411434,-0.5349844148600307,0.4162147897078176,1.0736343174855938,-1.3615108017885125,-0.2774348465996487,0.3964852591413718,0.5345930281687191,0.15518907267752974,-0.9105565428321071,-0.14670938524495056,-0.7056129087234838,0.5170069310186992,-0.7045610683246367,0.31726756327058214,0.2605029073701285,-0.33526889598669646,0
2.038216097178618,-3.7818420551866367,1.8642513506399865,-0.14911077845246676,0.6123671679742828,-0.03811310566607032,-0.7539081984408033,-1.154681814488529,1.6903710413106665,-0.8843588319455629,0.2577614634518223,-1.1182617810708082,0.33560374624071526,-0.6961187776625369,1.1311277214688342,-0.7657501264656336,0.21025278104096395,-0.0572287231759697,-0.53436350644041,0.7931336231234907,-0.857916579228522,0.12356571399644523,-0.38878459504005597,-0.02538954457747446,0.5097435077151304,-0.5125192751005655,-0.06873065613739418,-0.16205852848433858,0.2219757670907702,-0.4979883811266299,6
-1.914051557889266,1.0657231388106807,0.6546724509204749,7.484856943042276,1.0989394943316235,-0.1595860748995275,-0.5631832663922267,0.012882071619079645,-0.2757622765990343,1.2898790457387537,-0.6413813044896315,-2.048755432678027,1.532211767089572,0.1902525634529477,-0.0041976968740709605,-0.18053648856270718,0.5408409813464613,-0.9045432826984504,-1.120098444208302,0.01710204077189072,0.5600788256556136,0.5183384341196215,-0.6815574210886606,0.31147314740023574,0.1793076886726491,0.17276487861075862,-0.40481150823236983,-0.5221795103157206,-0.29871955432652486,-0.010090906193920746,5
-3.5598052702962253,-1.0794292454640395,1.6029037863330895,-1.5377166191431328,1.7374506996418524,-0.9785593571024165,1.2626838935045368,3.2567105635832383,0.2564352693317823,0.7021571068352588,-0.37552987197297283,-0.9034098695462562,-1.264252670960777,-0.5058405448437873,0.21572612029248792,-0.5607641813713662,-0.05145537346652295,-0.42496400058968414,-1.0487769839117993,0.620354247635916,-0.5100311366603857,-0.6242580931931129,-0.1073254295116475,-0.18650411770564146,0.4782990462408879,-1.2965248894674049,-0.04858004999827601,-2.2279858488339057,-0.5939350187456507,-0.7563003026111838,2
-3.564909288882088,2.6481664352726617,1.8744432543087977,0.29780144294082794,-0.9416346811775561,0.4739029272133509,-1.5140499314117932,0.5870050794750001,-0.7901805543245122,-1.0419694715408134,0.3631268569463285,0.7289483145361522,-0.3806828449684887,-0.010018927329046079,0.3469215856183757,1.3104884640376804,1.0570056790118267,-1.0754310659872135,-0.3878750612433381,-1.0702971537338763,0.07923065855961715,0.30031189934716773,-0.47497658255283287,-1.3126298596949093,-0.09035356686277794,-0.6679834895120784,-0.2200497825654522,0.05670684334478344,0.9662225851767704,0.6178364073699876,3
-0.291883057324121,0.9156744229381786,-2.980533418324548,1.5593341404335248,0.40149743330629273,-0.7549468053441144,-2.0120428771538235,-1.1282114135969847,-0.7949304879777165,2.208685439401998,-0.20377207024815067,1.7731518981502046,-0.8457567178084691,-0.3347042666798282,-0.21921335443534107,0.3201848734279179,0.46152898302683193,-0.021276237691583932,-0.8673967345392866,0.9405242874996875,-0.6973540365760971,0.3193168183672631,0.053591731658730324,-0.014792244241673986,0.969148066509452,-0.2006416640653265,0.7038935614591818,-0.4313501697883219,-0.42038377761390694,-0.22266772496142295,5
3.742232167677422,6.187322141419868,-0.5886707145271327,-0.9939700289284982,4.128729366098203,0.30881187587738623,2.7893284919983197,-0.6376036386372391,2.2109745447282445,0.8694169192224506,-1.4409670336317273,-1.3036444191487968,0.41934343374990984,-2.3945299378249554,0.35038384229013264,2.0102465965884555,-0.13305456304586544,-0.2806531016495727,1.0561844680843548,-0.4062081681988111,-0.691174848059135,-0.5190913802706382,0.7600239611841074,-1.3827633802371104,-0.4451334174883396,-0.4645681961713348,2.0902884473078065,0.3318465496990331,0.7874653477293668,-0.4019519603062697,7
-0.81935865237522,-1.5740381324965258,-1.2216460683407457,-0.9701801258978158,0.4576511424852279,-1.8438772380908408,-0.44263878566247267,-0.6645896958677533,0.4079631753724158,0.06762949454660543,2.5837215909944953,-0.9554018159075043,1.5399862022563284,0.5365305362983116,1.050218153919141,-1.494988836132429,-1.0961693012571736,0.9429660204940087,-0.09081095668426788,0.10295413388417768,-1.8941653922479216,-0.28029554335935714,-0.5631251745642126,-0.7256876295149775,0.2244415687549952,-0.9196968775266962,0.2975156168491415,0.05114048884731951,-0.4761652402464776,1.3829831823492988,8
2.71258689262924,-1.5996884670110254,-1.2124901276801094,-0.10646875050444382,-1.0630139889228392,-0.46866971865937546,-0.16250623763698832,1.091444503524667,-0.3486862837996341,-1.7418142027247803,-0.7641912313444588,-0.8285231147874976,1.6328180299011092,-0.7095128105817924,0.23390260855952252,-0.7897626419813766,0.1282986098681343,-1.123028238310864,0.38665449430232185,0.916830511043063,0.33326891417208426,0.8083944940065277,-1.1359543930704163,0.5532945226903755,0.33260490572373996,-0.11892449098705246,0.4872522473472687,-0.701353092388331,-0.1731355102901388,0.04088876808143602,0
-0.6972022644905806,-0.6913439121179981,-3.3562990928805485,-2.806558005719265,-0.8239545223586869,-0.3605192069012259,1.3560687245587097,-0.07903403421359992,0.07729693127077283,-0.7365639875240464,0.20533061698416816,0.5333351394034619,1.1061197318158924,0.9325765344484901,-0.5139972123152908,-0.9579358267086151,0.11023698642507562,-0.41181078036073326,0.8841198472952653,0.7613463825120913,-0.032870908614761454,-1.506497383606555,0.2820400697853355,0.17902469944309649,0.19294804616966782,0.24469613245901964,-0.013048880578153678,0.10504445496866928,0.4203629425885345,-0.3501581345836992,9
-2.1393034158148536,4.003912614103524,2.4527969959343476,0.8527358038788078,1.7131190683770383,1.5674308437697562,0.846578816939521,-0.19018229374878748,1.3657051468348989,-0.9115973574472278,-1.6662663406718266,0.26820635376344676,0.33074459222291486,-0.5008362814429904,-1.2098648746710294,0.8289098980456521,0.1190358027148508,-0.1305988203582486,0.35374642754216595,-0.3354146179642331,0.669042525679855,0.546295652733569,1.6206642447616535,-0.3723705351948953,-0.8171824117139822,-0.23507546059389206,-1.342518368191747,0.1556201532388058,-0.16437493133647385,0.6014205234779801,5
-2.841081586043811,1.2665073914040543,0.5127287444350613,0.20410225512297528,-0.8852149489889464,-1.355160088482002,0.3278730780322865,1.5484428800492913,0.8895135575819649,-1.8800390256761885,0.12918591606009738,0.03693281263822221,0.1395650238289777,-1.625272907559113,1.6378837022500612,-0.2948289108938437,-0.046957987960604484,-0.2399718028317787,0.11420727058519559,-0.5332947120173367,0.2686368583335022,0.5039232493611301,-0.040773376977730945,-0.30573988993148316,0.4158992843377622,-0.5234473262739623,-0.275223262381436,-0.10747081018112033,-0.1543373560798895,-0.31546084087128773,2
-2.039068714653711,-0.9858529754701153,1.726471762761052,0.45823654210318027,1.4906182740147649,-0.628811228848778,-1.951715575937865,2.3326285666655227,-0.27542451613181457,-1.0151153863789444,1.538886006733807,-0.22450572588127243,0.912250389606972,-1.051459908161653,0.1451841415799138,-0.8641822818475906,0.11788218801818505,-0.49609878309763716,-0.7730825186025796,-1.2612740536287546,-0.4499371456646745,0.014725686940813953,0.2254162780628197,0.09767372656027867,-0.7286251252084632,1.4401442379243283,0.5946173009443956,-1.962775053372153,0.18355929886267033,-0.7048431311017029,2
0.5477294006904834,0.6933287681082865,4.764983207544851,-2.0067369145303897,-2.116945541694997,-0.22387485277100533,0.37058421163919464,0.09664022249564601,-0.16176914374535808,-1.6530074787367206,0.4558788980359085,-0.3628540564681778,0.3405790504731092,-0.39705708721203276,0.3266126347846256,0.44198494324915805,0.46106768452761127,-0.7026445496206485,0.3465564551655217,-0.67848855033155,0.4515619775144727,-0.7366451282806782,-0.4785338217757684,-0.11066839901885359,0.21883873656107586,0.42031467378463916,0.37004033620552373,-0.25624650592434595,-0.5502688889606042,0.09516858918426367,1
5.549462824517432,-0.39025279424331044,1.3667488822572267,-0.3827234847081373,-1.7400050712454376,1.0809473010264914,-0.9041520804283915,-0.20369565648824658,-1.9614520109379119,1.2131593928554043,-0.6602715324850728,-0.7789517346920142,-0.18887934984839788,-0.4121818606677745,0.12651350930702243,0.8077587592685689,0.7172902238516685,-1.051847527396817,0.09139886094245293,0.21681697878062972,-0.47514678058271836,-0.24680348436643457,-0.39734733462419686,-0.4066234029120662,0.3942728456627508,-1.6737726924812004,1.2364473422341624,0.01917016113374493,-0.08653025868798551,0.18144013565140857,4
-0.29683781330377096,1.6936623605259584,3.666922027601159,-0.742529105205925,-2.5102350673946097,-0.15359870728924865,0.8708888543963229,0.6056129402764168,0.5809950191512732,-2.442474355591128,-0.3377880036126362,0.9550792024290241,0.8549352100943401,0.4896317736794434,0.4523141908782403,-0.3916726538519318,0.1095821220485745,0.5336194397478689,-0.11098654569647828,0.42752010712196375,-0.1835572314782496,-1.0831014009967834,-0.2551844645542268,0.1394002647900337,0.7610491680887179,-0.026980731819439184,0.2517426730800931,-0.678270083659946,-0.18512759229182824,0.6158525473181661,1
-1.308534258976898,0.5721128001622074,-1.8866103924094912,-0.8949594994453941,-0.3672689397344705,-0.3902624872250885,-0.5114552434431917,-1.3337902972662687,1.9680563588326698,-1.3616531190449208,1.0696831497757229,-0.2334943745027553,-0.05952376968484349,1.5183998782611972,1.4262308175975718,-0.6921808520198413,-0.29212648702413524,0.997148683666692,-0.21149211192328723,0.33424043868443215,-1.5673082243358756,0.2231173950108803,-0.5407516165549642,-0.37567126069498785,0.46370621218928076,-0.6284606152114641,0.0934784130668262,1.1631541734919282,-0.6406454874027806,-0.01961964235557058,8
-5.675552522136622,-3.4162913986344057,1.950117495426843,2.6560484529757526,1.0141431975459643,3.274817133041197,2.2592051836577585,-2.4283039110639706,-0.8639623140973575,0.9132328776328019,-1.122363865416018,-1.273334724013407,1.060020219728186,-0.3070700147548628,0.8197516225256972,-1.5937351728368605,-1.2428796687669659,0.36151315953999685,2.39732034217335,-0.14580713230532627,0.36852133495409517,-0.5602330114656907,-0.2400388369695363,-1.2048988226552078,0.11430899359294892,0.8809225162791736,-0.03465881606816339,0.16518359954467093,0.13719394528558912,-0.4978179693581505,2
6.564877528868969,-1.0721735299814246,1.487493127535006,0.788723884489359,-1.864949376122413,1.244153133803283,-1.080917081898242,0.54093333092997,-1.3755783579394787,0.7939633473046785,-0.28511529104428224,-1.0508622678712674,-0.059277873234549416,-0.46831878274584143,0.637656829256773,0.15254748106818006,-0.05614019943091179,0.5210851102173,-0.9255721893670912,-0.2456376263257748,-1.3357490075593126,-0.054817334120931635,0.008802324285936141,-0.43372310993694374,0.0013121063961124618,-0.7875759746560839,0.885769497950838,0.10568278303143244,-0.9250113548214888,-0.48766086925449925,4
-1.6224895605495808,-3.5857901733693636,4.091612857596573,-3.340944626296902,3.2224504831475826,1.2828720228250565,-0.22098190292421582,1.2393413728463938,-0.6532481990480181,0.8728728610236636,-1.8860999140352015,1.5204549007218675,-0.6966207307825398,1.7775834673394233,0.6260065446749019,0.4156348519544244,-0.07918462844613235,0.26410770780540616,-0.8364028150954299,0.7344872660866815,-0.883540113895286,1.0228466724721117,-0.9705303327813214,0.465903491600141,-0.7960822375303649,1.2352262151369104,-0.5139196103198138,0.30956831469203905,0.4320290227447947,1.3915899837803292,1
1.4020105978206359,-4.6484102946982695,0.11934580596124961,0.14579121243051757,1.4891498245018244,-1.77035868933759,0.9748441387478154,-2.5991317168513604,1.017603072890232,1.0192803516783162,0.8561633273588326,-0.7307559816935689,-0.3926161537391199,-0.030860872335984498,-0.699572258622891,0.022778080023611473,-0.14272243763660952,-0.27066764033543733,0.3588123197738715,-0.06328796977315133,0.4717463911679853,-0.649303217589212,-0.0811181358395637,-0.3621477300581696,-0.9341179965332419,0.04848456626881371,-0.6114765495500074,-0.3800983988655195,-0.2994884969893331,0.8127732647822171,6
-4.04573868484122,-2.2086613956548806,2.1416392464223004,3.4050564910866576,-0.1485080007753662,2.8662442324402937,1.0541089442670735,-0.8225736240171121,-0.8343572317537514,-1.874438778555937,-0.7196582956489079,-0.11614818209186542,0.8989386520148829,0.7804686729514839,-0.6631798988412045,-0.4620974259360496,-0.2237999631399794,0.19132752255458207,1.0398815499875733,-0.09789177498485055,-0.2059174796836612,0.5697503406432517,0.8520941791270793,-0.447025372366763,0.13068333408645313,0.07366988896365444,0.7673447356087456,0.43999571670678506,0.3279548603906662,0.019361537627439685,2
0.5674505932373719,-0.16324578489500305,-4.7113414489373335,4.705064317470385,-0.7887375883762993,0.5487760050430398,-0.4081359597556799,2.132253538882143,-1.012183460537626,0.26042997614092234,0.06501764848516506,-1.4974421876655657,0.2676427154811498,0.4105496979649145,2.08522661990293,0.6989866206607674,-0.14505087567272792,0.686644470193709,-1.0148678993990143,-0.6299752240607795,-1.0475508270449785,0.03050541276051691,-0.933151578767457,-0.7368925238402234,0.9714569568718775,0.25422198717720434,0.6143016945635368,0.7922539316934181,-0.6834382728789736,0.8116587575409379,0
-0.7394087910255647,1.8707790750202187,1.9035443678755144,-0.40561742171436926,-1.5430329305767458,-0.002786200835867372,-0.12170501930374956,0.40441119958427213,0.7076013006321829,-2.6256446557235202,-0.5405037926006341,1.0065200173069013,-0.29016521441303006,0.9333215770374887,0.9318616825688667,-0.2992268781299,0.1826589633129277,0.6236844972635239,0.09352569881218067,-0.10014763876654909,-0.369984207671513,-0.27989799262048737,-0.38258551520634065,-0.27723563537358636,-0.39872085618911224,-1.4622139312811517,-0.6493836238838885,0.0045385814458103095,-0.9104676608046707,0.3010272863059353,8
2.267695882865749,1.88686489372147,1.309530991796064,-4.570403630970662,-3.6829217332434934,1.5610656964895395,-1.1053777739261184,-1.2704962229959216,0.09644010931252617,1.0994619448354677,0.32423616268872474,-1.9257751204379094,-0.14279205173087683,0.5034014249399485,-0.1223199605633026,0.26386563024885984,-0.6409689953407863,1.1469228204414106,-1.5261325409214728,-0.2512399285293662,-0.19217555575721362,1.6330569936191233,-0.8687448349163236,-0.33189807629747897,0.23162288894907057,-0.1978756731565457,0.1531813903514553,-0.41586289483329586,0.35250117309950973,-0.18447641049347283,1
1.9126593160507617,-1.9182718157711536,-2.682142281006438,1.12818404464284,-0.2211641088805463,-0.81851333301367,-0.06777447304284531,1.7502106468490437,-1.096488694568671,-1.322717326926672,-0.43518751199455147,-0.7692480102578615,1.0928993957029676,-0.4418199937799003,-0.5151938677670839,-0.2794608846645834,-0.025877891894124348,-1.1357203507205926,0.685460240093756,0.16262079065811622,0.7905510834430486,1.2367564000213707,-0.4075470578468693,0.6912565101208547,0.0344466350139093,0.43112444098071717,0.4066738385478768,-0.2732511754945837,0.7194941635010931,-0.04992861671545849,0
1.0154200065846897,-4.677526317063167,0.882538122064356,1.6882062896868486,1.3307776397627447,0.22481868290738372,-0.20632302445418882,-1.3526024490813755,1.5836963594396898,-0.753002481256734,0.1627746959719104,-0.36815287068389474,-1.824366080071719,0.3862067233799996,0.20998181081266834,-0.40984189152930445,-0.6226614432378924,0.8548566757262166,-0.03054396930850684,-0.042576065962365954,-0.5602979929924767,0.8900370269691918,-0.3518121674733705,0.11486221734165096,0.30833765681004743,0.3006265219719727,0.15521486151567765,0.016620231285357643,0.1590448155521024,-0.7608034764487583,6
5.175048794369272,5.000944648345258,-1.4601538366767943,-2.3268438696858045,4.153036461129548,3.6255308822946337,0.8409173646672945,-1.9689722834184604,0.07698919146628971,0.3082814286599401,0.3127751852005234,-1.204569745265152,0.6846562249501006,1.0163720795693358,-1.5220944664636014,0.3111923025525924,-0.4788717519444598,-0.0028291595970875404,0.867551337671214,-0.5390552761340257,-1.8024666349034302,0.5561880471057111,1.1622314703594023,0.6721436770438782,-0.4838027088080956,0.3328005811666829,-0.49280553069198973,-0.48172262279560607,-1.0509327496455236,0.6490794717861001,9
1.0462344325219488,5.264379150214898,0.0921425623593791,-1.6205697993914552,-0.19302402539140573,-1.9633459723375895,0.9985625372323735,0.7296740386267863,0.310305381576402,0.6675573958758546,-0.5785181442105847,-0.06716481810325303,-0.43989369018912067,0.41858275199906886,1.6626375284458348,-0.27059388587509464,0.29775851129504605,-0.5822811842923934,1.430746909339525,0.2743589029163192,-0.2461208435754762,-0.7604027477634839,0.7910453157887942,-0.4658794062088391,-0.23483142588946362,0.6631120061552475,0.6505644949654488,0.09528545253051729,0.2059870175943059,0.5117867799599736,7
0.5215766538513081,6.1808023298603,0.28601635006128373,1.3151494184497166,4.701279796985215,-0.24139985707917513,1.8330015340325554,0.16663106355545956,2.9152008332659562,-1.6937396734506212,0.3153748641225196,-0.4887549220208364,2.632263597392839,-1.2192299844339634,-2.290092900152617,0.5625852489458152,-1.2466995421378129,1.0288502847005134,-0.845701016729329,-0.8242588345740987,-0.9348680324986344,0.653662217318309,-0.6759306606436664,-0.081292217799269,-0.7027685940128238,0.6307008680703836,0.37476954478329827,-0.22936683793252072,-0.03710117654276587,-0.2704827103887619,7
-1.7787196023356773,0.18878671909686842,-0.891409003846789,0.15247940663631943,-0.8023969505238399,0.3854105306844085,-0.9689130641970063,-0.33439575692384915,1.930962078195953,-1.0538719454611096,1.660168310282998,-0.6076749272046021,-1.238151593794161,2.3989130699364654,1.2458079824015933,-0.142039479305708,-0.17192117296302023,1.488078147353741,-1.0564098455505482,-1.0028078396367692,-1.1022536279441713,-0.21531882330340574,-0.8156202519590087,-0.12886716489195407,0.7323161268746503,-0.05707861625954318,0.870307621452383,-0.2896871443121797,0.7259963345691614,-0.16849944208867984,8
-3.7642344641594625,-0.8463491247540433,1.9402435131192124,-0.8358768210063993,3.3624431921525284,-1.4036980596983675,-2.3774851423930605,5.985563514553515,-1.400649625570467,2.6324362456334605,6.690536229569914,-6.477966192477287,0.8927913001199439,-2.5991292123802547,-3.6575710487386393,2.2167756678314943,18.410984685132615,14.55546055955301,9.356056531363151,3.6604140465414226,0.9065443712568271,2.257481569723179,-1.5224878983262098,-0.03221020986573627,0.5945420920790198,0.10313929953689861,-0.7113681999963841,-0.7478992086820643,-0.04220589710649943,0.07369257269993518,2
-2.3874026034124087,1.600233981440213,1.4946804990803413,-0.844976534134284,-1.3452027219162075,0.9754129663803428,-1.0736180391557706,-0.5096157173760946,0.1704247885791531,-0.8765866586784666,-0.7861202226839379,0.15878174036509607,-1.1776649011376525,-0.4644725414145476,1.4487141026919221,0.6927249610457585,1.2602519370528351,-1.1540266183831926,-0.287745375883142,-0.28182779531398783,0.04399272711100156,1.0547161558150955,-1.3164353059580016,-0.5208424775897909,-0.974807141072597,-0.09907624969955722,0.07574174795848222,-0.4316943392761448,1.4173866011329956,-0.5035072302588034,3
-3.888581956153039,-0.5302976720550013,2.709043533152121,0.4198665609038274,-0.8385485088645971,-0.3003867796488957,1.7606745034124738,-0.14607849310880078,-0.5156580113076642,-1.5177140484255636,0.4697179489993456,-0.3883502297165258,-0.21960472461475863,-0.68211409386242,-0.44690789518523194,0.235626469691814,0.24623685240838955,-0.811733415496671,0.2730369078610536,-0.21706341845530833,-0.2774294449159644,0.7984370148891201,0.8766512613532876,0.12416587200884717,-0.5851862400022192,0.11196972306098778,0.34543381656361777,0.2155340399581206,-1.3572677154025925,-0.350384413042641,2
1.5042386716654996,-4.582174907386426,0.2517315454945553,1.4877218009028534,1.2945144858709117,-1.5544693419142466,0.8201871762250339,-1.9295339392295516,1.0819182079130465,0.9312359937629409,0.7130772759270669,-0.6228295866250895,-1.501584164298664,-0.7358590510972851,-0.6607749706847118,-0.023694734014696666,-1.0740588164443297,0.7124442916254756,0.20102249736677788,-0.8130871448723371,0.45588798225826865,0.3333328540731781,0.16414505315448785,-0.17496676289221996,-0.7161646155266308,-0.017919020147979938,-0.5653681311901037,-0.32765737070197604,0.030641778153018762,0.1008702131947359,6
-0.4564903936857032,-0.9457355444280019,-2.5447130419585506,-0.8956778476240279,-0.12102299104422592,-1.4894626076375441,-0.9960387298212899,-0.33175511045282213,0.4026873252112344,0.6362612970997011,1.901162104951593,-0.7603985592034388,-0.10361350581089303,0.315743507708728,0.0029308403038078826,-1.0441257349256061,-0.5283687156469979,0.49138743433802473,-0.9118069022792393,-0.1987418304535978,-0.5467696193288573,0.20598461813239458,-0.7728021919260557,1.3550183120705086,-0.7802639170770682,0.5420725788712244,0.5106366590157662,-0.90738743600075,-0.5813173346965778,-0.07119194325946895,9
0.4145650410678215,1.7713657769912958,-1.9913639510260543,0.48422096040795376,1.1876155509850221,0.9088205630633814,-2.466105106891694,-0.9149940863846553,0.4772454944181505,0.7687457056286839,-1.6294216336241814,1.8764871509963295,0.5322597175189192,-0.06558567198478985,-1.6368940075604328,0.29386001946092494,0.540314510500525,-0.11797473877855405,-0.14078829317995445,1.2117049502894481,0.7107290619643887,-0.3118486683761901,0.8150167571118369,-0.11478147272073509,0.1840014573618466,-0.8885357359129736,-0.11851546233037244,0.8197872724951663,-1.1518610820692279,0.2768342041256951,5
0.6599233432654177,4.406783776415018,0.6542788475212333,0.28359421740857427,0.9021680920607819,-1.9336237038080533,0.7609002970267217,0.2684722050691371,3.111843856801959,0.11982521634577888,-1.5443724998094488,-0.5182507310435641,0.4356554728941687,-1.4039352264767186,0.5400358371831463,-0.1602575733417373,-0.7279766983565082,0.8873834452466327,-0.10417200742466032,0.48510084296209816,1.0080495207454574,0.16572447649060498,0.2743304010966554,-0.8881806479114066,0.4063894864265388,-1.1131761957018882,-0.4433882075982463,0.007876414989818429,-0.0335033228222797,-0.6557813569047112,7
-1.0673850011073827,1.095225048314003,4.782829613717921,-1.311602138226393,-0.8636893035841878,-0.2827675006208096,0.2732054955217583,0.0011540254536192703,-0.8062937177718236,-1.2624113543685735,0.10441203128596953,1.3542862794437251,-0.3192588598162772,-0.888761169255875,-0.62968528607607,0.454474425110168,0.5753528876156584,-1.1142786701644005,1.1806344540110998,-0.6029711559857235,0.8215850812257918,-0.9129293890307753,0.26824042827007777,0.2161041115461946,-0.2481224780291579,0.934343466804023,0.3979056154363925,0.33898231711470783,-0.21420403309657335,0.04839554366043648,1
2.3561608135652516,0.594802338771479,1.8409065273090672,2.7888414507018875,1.2399381865115835,-2.3180276987520934,-0.15042747223234276,0.8846523212858035,-1.136778011227232,0.36653911969989517,0.6116762338475767,1.2902031054481062,-1.3312538089035315,1.10057695116973,-1.126293474705344,-1.3340833063259183,-2.2282524574512412,1.7365014323463186,1.225213090952007,-1.1845785604528005,-0.12410469782644155,0.30687938022243105,-0.9327481314394523,0.06642744487876646,-0.12375808886095656,1.2390689716258834,-0.07978136818726721,-0.8168103319719172,-0.6666143498297356,0.14981879938836237,4
-0.3767465482188776,1.18275639840359,-0.44376880086666276,-0.13158234515015516,0.47727695340917087,0.1344527177310372,-0.34532349060818307,-0.5893295314348014,1.3448141374904106,-1.122669313286475,0.943495288379379,-0.618246544635833,-1.2545083791362381,2.256177301437138,1.269176400537396,-0.12277369085282334,-0.24290023686572468,0.6083258060126497,0.8494217637443826,-1.1480536205696612,-1.2267873957083224,-0.3144069243288619,0.1319931067384072,-1.1714352416985403,0.8180367756630834,-0.7068838886086782,0.8217009575516129,0.4013454026110021,-0.39245336858613783,-0.4285922612584843,8
-0.1810830207494695,0.8801333181323688,4.213769769870607,-1.8657498430234636,-0.7023795512954075,0.12649438456801534,-0.16116533966653024,-0.7766439689612976,-0.9934990611893993,0.2187185282876578,0.523407490510814,0.13572365421877897,-0.7900633187210431,-0.618320413443412,-1.5675348654454901,0.9733160794884931,0.7328864933415741,-1.7743335539569718,1.164432837252409,-1.0346703840911606,1.5435370068173342,-0.5035406877258796,0.630953025308818,0.9445622602095558,-0.14814474909829273,0.5661795815658547,0.5062247224900057,0.7752177657246627,0.05438709370558812,0.07348249456102665,1
-2.7195454010825886,-2.0095816618888294,3.5628118765832673,-1.101351501554644,1.3845378841975113,0.4789806516914186,1.3149344054600034,1.7465374323202891,-0.038734927645196,-0.5269069926916072,-0.806065209340391,-0.3044275199960471,-1.085539437251699,-1.1224933005269109,-1.3203136566126161,-0.3839554387524576,-0.8083915521665372,-0.06284518636631553,0.41309476363006004,-0.22925875218313235,0.788267866272086,0.4068137497625541,1.5490811319675803,0.015326960799552565,0.6508934699435961,0.06692577246066801,-0.8445913671388048,-1.6926022648503392,-1.085595995289551,-0.735913116299358,2
4.865022092075211,8.771057460342362,-3.413270435521655,-2.880270866045685,8.718093378469153,5.989886150757932,6.545255908902221,-1.4196997589120135,0.1883046588642995,-3.182971469456609,0.2884080365302107,1.2307498281055718,3.4820078561810273,-4.6261735781259885,-4.5926690513326065,4.178500670106568,-0.8768220192143902,0.860596972842897,-0.7877788605323048,-1.0510021442974182,-3.90080726382687,-0.6369115421510135,-3.0755363397995503,1.0681848380646581,0.8348775747997194,-0.10106819226111308,0.616835956724889,1.0636685568214512,1.0464965590349098,-1.600818662730995,9
-3.881586527048734,3.7074207348030543,1.965099257296052,-0.15528645138328523,-1.564751051243869,0.9017093400838737,-0.10867193552069539,-0.14796741211805503,-0.5585319424894133,0.2044586281072003,-1.0016788842460425,0.6346809486314251,-1.2156064246417932,-0.06445694458026072,1.22496312113032,0.32018605487783225,0.7096838997951938,-0.47421033189747147,-0.05275435181494852,-0.6328059889942025,0.5477088410436975,-0.19634393666925234,-1.5711600087608781,-0.711219009370437,0.10697010999268532,0.7915594324063321,-0.8896304675299458,-1.1070764328490956,0.3388651583393445,-0.6178322918961514,3
4.7651221204021335,-0.9410899335092967,1.3661273241834195,3.1151719919616316,0.571951416594042,-1.5793521889484465,0.6466900446535064,0.9351380536625817,-1.7300070753306007,0.5722616076782608,-0.47564606433304624,0.7643445158013311,-1.313619910119223,0.044033212588904226,-0.16252472603536408,0.07706552659317609,-0.36567663929559696,-0.10916631319630118,1.2225551608485896,-0.1848553243078794,-0.4572296000643001,-0.7388990565159427,-0.4384217393879726,-0.4977717866610191,0.2698268138063775,0.05160105025083893,0.8670030219225375,0.3407783331622488,-0.05648971818216641,-0.4225668338480081,4
-2.1540925122700574,1.544975099111991,1.6716794301264546,1.113269814927003,-1.7659216085794438,2.178913067784486,0.02125497352034754,-0.4768979727474297,1.655628733387567,-1.6886340847648496,-1.3605795665410132,1.1599591759345167,-1.0816952835671891,1.445199428636205,0.5588082414457629,0.7152056963616465,1.2842471116016934,0.8357963313657873,-1.2705531998733481,0.029216788262747116,-0.009506739043413842,-0.8547722751632602,0.18904441003314656,0.2978762846648567,-1.3317904886267953,-1.0209297272391542,-0.07463977538854763,-0.9513728088798439,1.2088684969293204,0.4205175841163106,8
6.587409573417153,6.148258123083648,-0.9579183656376129,-0.9217069376402515,8.608028195531942,5.311140911202912,4.618781884531605,-1.6593278977161885,-2.2733515290062543,-2.216671656025395,3.063834571049703,1.7667556014670245,0.002476176838956241,-1.9604468975434286,-0.8243678512480765,1.8465299818642147,-0.15863079449573794,0.46589308533097595,-0.0832862980611633,-1.9186441748965648,-4.63258213357043,-1.5955437940286399,-1.6157362529115187,2.131580574389423,0.7645697641062447,1.3875461401258735,-2.3375879725448345,-0.939361152947263,-0.006359417823280772,-0.40289403483684105,4
1.7811426863271766,-2.331277280386009,-2.2020041170020863,1.0794404093967596,-0.6595202474513795,-0.21190291853148605,-0.2746300400751586,1.2789116333007873,-0.5348099100186332,-2.596917776071262,-0.7476889815931019,0.07015385424885821,1.7109428950854582,-0.3827878082971648,-0.09302495576584716,-0.5839293617805256,-0.29606964146154835,-0.08600376134474728,0.3784733220604324,0.5839617712750403,-0.03952848905082655,1.1033503083623537,-0.6395923756899096,-0.2989084181332897,-0.02007191813639067,-0.26790171652758155,-0.010080431916721143,0.1609106536527581,0.13083265643456585,0.2102953135563965,0
-0.5584400388414855,5.239654390902127,1.446741869555576,-0.3586178662002451,0.991232605603384,0.3702331594605718,0.31563607373750446,-1.3647486951688923,2.278377871871615,0.2315924568520006,-1.34256198183661,-0.5383601553634378,-1.166700787796623,0.3456165814796985,-0.12826481514248905,1.8339869121368377,0.6943962396184632,-0.4518144306822138,-0.5559536698274806,-0.1398186413341914,0.41711467497667565,1.3122291909419521,-0.2765043720365542,-1.4184496698446807,0.0026195071781111145,1.2877510871288271,-0.07733454120412195,-1.0393275481649689,0.6168462031618994,0.25480564522689375,3
-0.658773929507666,-0.3819607713369778,-1.7614897808856407,1.6112703263202395,0.3270906470852387,0.929912072954818,-0.9048900208338557,-1.8047586565070717,1.967215521600025,0.8186926358347169,-0.4765184007105368,0.4482411731869556,-2.802867371239554,0.5907795054713177,0.09919143797754489,0.6446488974299581,1.0189645218850447,0.1821217633960103,-1.2100141477548285,0.43661336927995,-0.26768404993083145,0.32233605813644706,0.5518065558547327,1.6095995702116659,-0.9984761505090879,-0.08468861057210475,1.435754432825782,-0.5591239942853771,0.2564831088289174,-0.43405871912426,5
-0.3625527303601168,1.3666709256219747,4.352542133311196,-1.6867592849307556,-1.1938886380431872,-0.4383079081240136,0.43386078323859445,0.8617752578650132,-0.8820386672137219,-1.1266842463683002,-0.1690237176822715,1.0579091509674161,-0.1376697863795886,-1.3866745267919118,-0.13391166643285443,0.18393831458749074,0.07113957986010332,-0.7857584242207818,1.3440495259751528,-0.6452464559690861,0.9083666832883462,-1.0368181355783015,-0.0027477245553081215,0.2556519262753563,0.20434959296398375,0.5165781109833184,0.5882346693503734,-0.26740935112862235,-0.5738647697299712,0.27073277344704594,1
0.009427220209023873,1.098496146053828,-1.4028641269214381,-1.795312283541361,-0.11169223284820495,-0.0282699807960473,0.38872810331266416,-0.4371265494803256,1.2952168830438882,-1.8636161753730462,0.25487087021569704,0.32270722978388233,-0.5595063135245333,0.8525624291799611,1.0554192188739844,-0.9929232226833428,-0.3988676883919194,0.6172370881495224,1.490525461032667,-0.2525858976810148,-0.8639165441849209,-0.12869509068137627,0.4453280566652379,-0.08539308383507821,0.23298385613708464,-0.22917781316538618,0.12283601317282418,1.4804098469560578,-0.6560917210252235,-0.8535222303492228,8
0.1142398017622327,0.8970003745238315,4.523367698371275,-1.8898650702263065,-1.3876803550561623,0.011325353038041065,-0.3420501897792558,0.028963823365505903,0.09945045148473568,-1.909894021878131,0.3028796059614078,0.3464292187991017,0.6552128140867345,-0.0278253783239792,-0.033311563425834696,0.013307583611008545,0.4482886144724248,-0.6706638784406452,0.5408181017855946,-0.5458666304757701,0.5643923957835414,-1.1115368766804163,-0.46576642246066957,-0.28106254760091204,0.013156091974725797,0.37491630310053775,0.09598990459203711,-0.1907830294206438,-0.0500437063405541,-0.15189449804198454,1
-4.128357870566002,3.1515428901440106,1.8197461928582426,4.201063846666936,1.5787210560820522,1.8705074752844453,-1.4702872764586317,-1.44758922415358,-0.35778845574163304,2.4490860024175762,-0.9083951843350943,-0.5202680958033687,1.1519466401413136,-0.04300185111877056,0.2711900987952304,-0.1412678688419968,0.29957479315754343,-0.4782890574497107,0.37528388950001856,-0.3071775289872666,0.7204873509627766,-1.0091862237747573,0.0012188743599271857,-0.7592404311712674,0.6283980936386245,-0.99693225835924,-0.35472770838716466,0.7088642274037485,0.6077147858937874,-0.15162065688273554,5
2.567178875802772,-3.3104383985126233,-1.6518459230614728,0.6961499668534776,-1.0667400648482988,-0.379202264304325,0.5631186355270077,0.9410233236002153,-1.1587979298948687,-1.598826930356194,-0.719620248721562,0.35620779784018675,1.952663863065501,-1.3973575622626428,-0.5391359668919674,-0.43086839935885146,-0.7672151962595734,0.3257800639671558,0.246413317432817,0.7246932644549636,-0.16689489335516783,0.9920486522960987,-0.09471326057041358,-0.7659377075750837,0.5693182878108064,0.5874249023275326,-0.2009682428498216,-0.15751318039609766,-0.2991051292564131,0.7760493735802331,0
-3.5176500733018394,0.914836100149922,-4.573651030382735,-1.0155190288715403,-1.2412839148633388,-0.11702621806323775,1.1769484936739247,-0.5645634093452253,-0.43908641187929914,1.7597178051736373,-0.7873898581647061,-0.8105859968521819,0.27766043500179194,-1.8541291847372074,1.294523858417826,1.2239583636398823,0.42793362830549236,-1.0760448475233262,-0.03137715439188386,0.1987675014921738,0.7556803937361375,-0.1320142100281822,-0.9780875879913485,-1.5483630998963944,-0.0382291741189585,-0.03537182239526004,-0.09998735943017567,0.046277554023272945,-0.3190140960285593,0.4325849828414147,3
1.7952772657160068,-1.213179326610087,-2.801341445704363,1.657844901170212,-0.915968867607324,0.33253929073590055,0.16365291828784861,1.9696333838791307,-0.8526354606639509,-1.7498079706040564,-1.632367858290317,0.03878251887854839,0.5269972129589321,-0.5322006242979139,-0.0769045719137956,-0.526337645080834,-0.21352667737253447,-0.06013798819158998,0.05530759366879877,0.9268888887021024,-0.16289151179214245,1.2088593077417735,-0.13849968838697502,0.43420301605979,0.5482291014821025,-1.3997340567991308,-0.12478904832890791,-0.5159251151940261,-0.6837274205789693,0.2885029661757558,0
-1.961236971002781,0.12139818946651885,1.0939129024765533,-1.8262458363015877,1.2694839831401155,-1.3169888644621586,0.7820751790954049,3.4859334987376283,1.2966710656018992,0.8465458603455165,0.017074423520177903,-2.8468338096488703,-0.6029798181441612,0.5615791995497651,0.30553829517833986,-0.62695549165401,-0.09619660583304995,-0.7623626837284366,-0.9491652157175324,0.7737587208759442,0.4866675119287144,-1.118020177951482,-0.46467130457368516,0.0756110801292914,1.488440348362711,-1.1282951689084026,-0.35610660313880216,-0.8455708899527052,-0.5588397303482205,-0.9363301808024215,2
5.454353256146054,-0.32460211462372396,1.1322280981423583,1.2617675697351107,-0.31116944595113705,0.11472747223760349,-1.5870037627694995,0.5866896935585937,-1.4847178848315168,0.8035643555972395,-0.5520189028041015,-0.220460329416537,-0.06810440087990964,-0.5047466355402931,0.5022498875008065,-0.0014533116057669885,0.4524227126466768,-0.8727994488387075,0.22554119859956373,0.17337855877137465,-0.4768470283545916,-0.5453357481617469,-0.5642735293168399,0.17745142903096126,0.2057501113963239,-0.6750122834338599,1.236067777423066,-0.3352599023260623,-0.5857344507368972,-0.17709739145929318,4
-2.3068850930377565,-2.8774044531976317,3.879065781073582,-0.8272778952981411,4.330686102444781,1.052474617089174,-0.09041588713408232,2.0153810052881145,-0.23748809851349548,0.7344064742877647,-1.6565359552792809,0.4107780823777691,-2.372493930998802,2.0903070995559725,-1.528188983708541,-0.18407785576850377,-0.16915443798874857,-0.3448468802518017,0.5435821112044609,1.2032344682427045,-0.18963349310612096,-1.0524868212427387,-0.24239782800884843,-1.8837799144564822,-0.4761407306673359,-0.9247144131755812,0.27696754120771705,0.13568043543748926,0.5983167731702542,-1.2355063108138629,1
1.1928816791839845,1.3639857803529112,-0.3096858117288578,-3.8800789343789033,-0.9038037329538121,1.9097140871004639,-2.866859231391722,1.498096564689913,0.3752594530701415,-0.028252939160766526,-0.34473998446811716,-1.0319875840674955,1.0676059951157384,-1.2502188634437703,0.32289814476317924,-0.9937409315327798,-0.40966622950575526,0.14143938108457677,-0.1974697055294443,-0.5986943043012601,0.8530122239752547,-0.2647329203313002,0.1352501144303963,0.8693060126012834,-0.3593300087306952,-1.9506868624985565,-0.10826573024484079,-0.5245583575828326,-0.160071633780449,-0.7501407734742057,1
1.1239782201629165,-1.8960473193274214,-3.387943420536919,2.3472644780820837,-0.6821293834131655,-0.05612362470059938,0.9269199490740833,1.6512637561757244,0.3482082160450312,-1.508692737876993,-1.0207087632629457,-0.5965513048432538,-0.46237826014729067,0.27623678471174584,0.34105615787234184,0.4898729295966213,0.6434345166315435,-0.4775952447853009,-0.2219423011023509,0.05540296048900344,0.5852364130384785,0.23088598339373037,0.08588693854789617,0.2158111928176866,0.31128170219709167,-0.41673502091764003,-0.14873254867521088,-0.03911151028192738,0.578182171992725,-0.33955866801327017,0
-4.244471300446505,0.5742794236195622,-3.394219810552287,-1.3814716821750477,-0.5266529354428207,-0.2552208101030627,0.045549404478919135,-0.9745015100093102,-0.9222602452827926,2.314874767454493,1.6042832453134732,-0.8041245758646,-0.3520504040463178,-0.43696097059917843,0.2056824149044484,0.8529289953262206,-0.344128875597136,-0.3199471740667443,-0.052154948020108664,-1.0564116437352435,0.23412037970351085,-0.30414390284017784,-0.8608604678619282,-0.9957400511220956,0.42953379595259994,-0.1055620003961479,-0.48056530539435555,0.7580564244694089,-0.475751822429973,0.8728299133795946,3
-2.3209132748673613,0.48892999170589646,-4.700776948159988,-0.23332912304476372,-0.1939618692248232,0.2425116235741264,-0.47971349181309253,0.2030338093586741,-2.3833785731007615,1.203052432543225,1.3498744342410773,-0.11073906818528449,-0.16302350615427744,0.9477166345978465,-0.7512350760180028,0.6447939900072837,-0.47810764541763795,-0.5095078963276141,1.2024509003685622,-1.4620649811701296,0.2337587223188036,0.34299183235470376,-0.8271828026691433,-1.0159998268377384,0.4960880785954857,0.5851429243428671,0.6335444892253251,1.0268393038280859,0.7307263565820376,0.5890996867690425,9
-5.305501636936193,-1.8351527477301868,2.3936221693564717,3.489783995353542,0.3984589416220861,3.667940448648134,2.2961759196418723,-1.6017841982327359,-1.5763900358923064,0.905835219886912,-1.7686197836301636,-1.9430489167923664,0.6612791714639271,-0.28824841195161277,0.266091983840084,-1.3480232966820695,-1.072137634169113,-0.26807190226834837,2.6917379346603885,-0.4896428935825328,1.177623732207532,-0.18684865188331856,-0.21607046711852068,-0.3538556034849512,-0.2816453773831042,0.4281607879443961,0.4087202891286281,0.4717776547540748,-0.7763150102633019,-1.2919592323900146,2
0.8920892453205,-4.598880155358768,-0.24455223502420578,0.5578019778153426,1.4440227331856814,-0.4526557759737355,0.8852196609475377,-1.125730324812973,1.3724211676750313,0.3677683129386382,-0.37563624759480413,-0.7446767008621511,-1.6783129449516379,-1.1024772688620104,-0.5559733007555482,0.3589359572058202,-0.8821861643387648,-0.12640776045730864,1.0981240020782415,-0.8370582426950033,1.7295362541789279,0.21976780204116678,-0.29534007848496785,-0.48456013992617053,1.19383644694353,-0.01358353509443079,-0.7578712252975653,-0.27099181116414117,0.805544044167262,0.23786349460752762,6
3.236277898298372,-0.1448200055665726,-2.31576388831353,1.1098712114639728,0.04709116271444803,-0.36436135562311883,0.6431806818142908,0.3848459717498586,0.5729358330374088,-1.7172667289296397,-1.0127302306399837,-1.35584465573752,0.7455514031402696,1.5140846191075212,0.422601975663118,-0.008644720847658435,0.7803357087006806,-1.1270914139769743,0.8156943043892295,0.6186158389490131,-0.019421609724874472,0.2509496325400013,0.18311643727498655,-0.35421991888476206,0.2115149208808019,-0.30118573443101637,-0.419804451670097,1.0733296239707986,-0.3304664634393659,-0.42825391148441116,0
3.5033567687833846,0.04579808019432379,1.456453575203872,2.3890858334042253,0.20027507727568752,-2.54568328093625,0.18734893562055388,0.7180379065347082,-2.2831734480228043,1.1599563618923054,0.23205982472044148,2.072222323106204,-0.8678312072447132,0.14969167075899054,-1.2035923718184411,-0.5801984627535588,-1.1819943987137598,1.0733895451791833,0.65207196835109,-0.24707965907985138,-0.30308409845583545,-0.6546244539274617,-0.45232629428918253,-0.30602523331383963,-0.8016961126399785,1.4170846971235407,0.4588180818965354,-0.2579020788317138,-0.2810680371684766,-0.8843980122451028,4
2.0745470307171487,-1.5881869506416018,3.5391483054086454,-2.0373238143554513,-0.8267614167874352,1.7960522072980778,-0.9808749368621483,-1.0083943752863005,0.25330446849996635,-0.6966513226347009,-0.5115818533326585,-1.98406359317175,0.11605819741472069,-1.0194765881442285,0.3383106945824853,0.018838490809243987,0.4774292780330974,-1.7872754349484685,0.7128343459103049,0.36511974469176783,0.6583194971175085,1.4313070641241077,0.36011688780173645,0.616147940902984,1.844129994647023,-0.2747449119726417,0.5560715040223819,0.08054016200874987,0.9983955438103785,-0.3271835872127958,6
1.2904827153884286,-4.640723821479627,0.2083963077339289,2.37441483947047,1.4796189071284689,-0.768362579523708,0.3462788965979843,-0.6438177074865993,1.3096460726811863,0.2494046694539068,0.14035373473126045,-0.620647164086004,-1.5293290614441668,-1.0228837505599468,-0.2017822369428459,-0.12977227142300732,-1.1159766891860758,0.7092366531293579,0.24720419705001515,-0.9699827277787103,0.8143584805649665,0.6655912883282982,0.25683232235936715,-0.37025603405490753,0.558171583949003,0.6227696251181376,-0.3647406979802949,-0.5504255784488837,0.6359976286971397,-0.24567287664190066,6
-1.9086157110793147,-2.1447976328727165,-2.4634994872152602,0.48223576030428705,1.9106213987463105,0.045171589127485395,-2.5700178101973292,-1.4462526735463068,-0.5507496258481324,1.6841674948524432,2.204768682529767,-0.2479081618028606,1.2025445914261614,-0.48415220266813475,-0.21501893642736702,0.12760660741603477,0.6020014598983553,-1.209517218566796,-0.08734298257430659,-0.6952041200265335,-0.0474692629973988,-1.06906859026203,0.22177701900429966,0.15317229732299883,-0.03727704859694805,1.3314333679856087,0.482244334788214,1.0615520515307846,-0.2093497639799874,1.1275516021933958,5
3.815705286556598,-0.7795361344520546,0.6288659089210307,2.373550150080661,-2.425090277193311,0.12057803879657443,2.498101304688804,2.185169642366233,1.4853630202033001,0.3634755314999291,-0.4770813398589773,0.3938224824880191,-0.3759396217842818,-0.030544522343398956,-0.23294058695436093,0.25328507979848175,-1.167649888972036,3.2900508672432207,-1.1811682213260228,-0.7465040050830682,1.0003106303988158,-3.2203954516358984,1.0461333173305245,0.28198135386606954,0.8206822176009282,0.7274891828557156,0.1465724383796098,0.5557279525603622,1.3415591078216302,0.681368750896229,4
2.0855867905998724,-0.764794639969407,-2.3130366248112204,1.1053689585206643,-0.6147206689646518,-0.779282200015014,0.23280910582569347,2.1935950885231486,-0.11068751988736275,-1.6619423502671524,-0.8081368143302358,-1.1855854808099762,0.28410200280147646,-0.5861215350218226,0.8083098225042515,-0.2641957311350752,0.5767936560202944,-1.2976603161579112,0.35713408647301237,0.40374397301813797,0.4104743697269853,0.7189906703567,-0.4346163768673316,0.8762072213682092,0.34294494452930524,-0.25302839742105687,0.2079775074746124,0.4830702862351157,-0.06628151281924523,-1.017325358183064,0
-3.3922692482312975,0.7310840227959529,-1.788109971514463,-1.3982062672200257,-0.9981854102169817,0.08383526560866791,-0.8754450118163419,0.07703209548578709,-0.2771302927127758,0.12081350515460693,0.197455895023104,0.6507151191689353,0.8475474485899342,-2.9678535449730923,1.9311535022177624,0.15764250682509154,0.027777401291558392,0.018473647945724623,-0.2496240451557709,0.03143185057625266,-0.09658201936948704,0.2549252837784088,0.3205312007732234,-0.45874935440037085,-0.18437674529190382,-0.00215589199117246,-0.9106193211180665,1.145444267193749,0.1841654551361547,0.5741275876141815,3
-0.8601843165402763,0.680232960378841,3.330432165308549,0.3773704313005982,-1.0725126484076928,0.05040325204014388,0.16628173794316234,-0.24078421941733896,-0.06569447511311415,-2.510014249736551,-0.5461756781927176,0.28457837361542826,0.6344284547406159,0.5823118939892032,-1.2218388916604415,0.7042053243470533,1.4117785044096904,-1.8455270052236459,0.23449541351214548,0.16161060438444386,0.8981931351182199,-0.07614889621359588,0.08891255138546188,0.08347847581045498,-0.17098282327799258,-0.637174124291227,-0.5102101839769068,0.37385563935966604,0.00811369533733311,0.05660183867159046,8
1.8518545675846552,-3.872102807907858,1.9453057305657653,-2.47254300835135,0.3890728868984063,-0.24630979443026638,0.033376712177091955,-2.8958892459001997,0.7541958413763703,0.7108800662577697,0.29862921732844144,-1.3569727173785333,1.2794988823795823,-1.1875082977536107,0.33350757671721276,-0.43454983161795663,0.414117427194613,-1.2656385705227766,0.3134831707004408,1.233854113915707,-0.11409556660027556,-0.05809550921207249,0.37450379741767326,-0.5866737271285974,0.7779100536107948,-0.19952464673415474,-0.23749321121310946,-0.378141983966111,0.9771782571671458,0.1858550662580993,6
1.3726662618488823,-5.131252750078745,1.520040865580129,-1.1605671992732234,2.3773631245950804,-2.1470917826365774,1.6234533309157053,-2.33099080865676,0.6180529865708617,1.8700940608249828,-0.4495566249379691,-0.003763523749011396,1.3162738060697927,0.4386379761998346,0.49916351027558625,0.3977211767488018,-0.21857932356463478,0.12202108969788278,0.4983818180427165,-0.35942578358439475,0.6670391866896144,0.41921387819934447,0.3502763049731342,-0.08749177422157428,0.2777385127043664,-0.6962212005320376,-0.3736613250581967,-0.6101669454201768,0.545795599947488,0.33413222913094015,6
6.11655038345757,1.2620055817688682,-0.3314847978844069,-0.20285952692310102,2.0328523488724546,1.5926445293176839,1.4406241481406727,-1.070890380821289,-3.2504857836105345,0.9485338872350523,0.7739964180625243,0.18168287844687653,-2.8937707836197855,0.6858699614989333,1.7749858463834614,-0.09279113630836557,0.4651681206771097,-0.7830222056357686,1.9936326543990808,-0.452289633655097,-1.524257267737868,-0.08120577119821919,1.6494006760419753,0.719913743143244,-0.6046527285567117,-0.05769991159159333,-1.614299044624322,0.23289767976437267,0.3566070063040581,-0.21801541257675544,4
1.7077554398041357,2.939609646508484,2.956461534722758,-1.3096169508575493,-0.9638655922476724,0.19728503218746932,0.104664682119341,-0.0019386379117619255,1.309561283697722,-2.5294518693074433,-0.5956008089170921,-0.2129874126930533,1.4956777572430828,1.1636584073877527,0.6237513619182734,-0.23511636359750387,-0.04923482032499135,0.5081083705956788,0.29911605964625554,0.009321557416632608,-0.5765262112719755,0.24494176623309433,-0.0699494426006232,-1.6843011638320586,-0.7330169578159665,1.3305255981167308,-0.14148998911726784,-0.27506052940149106,-1.1785107856912749,0.7676735144496383,1
-1.832549264672688,1.509818171334638,2.883937907130872,2.046403082570293,0.9374499923954067,-0.46100290074593075,-0.3020792405180322,-0.3292739908557883,0.5258886522734747,-0.6808803365811938,-1.3421226525983623,1.0924418108742133,-0.5946807147819833,0.3819267873810309,-1.1669171850353894,0.08114493507517778,1.1018076572235216,-1.6989645618590783,0.43611104117216165,0.7217168617154883,1.0578487297168377,-0.09997011382852866,0.9266960304145491,0.32842712017375025,1.245524557213546,-1.2909502906872161,-0.8815116770354828,0.003553053058178058,0.5292431371475493,-0.274381448141848,5
-0.09674090933142093,4.486849158680071,1.0570153789512795,-0.1680132608191348,-1.1094460399926154,-3.335036391307066,1.4284864524733576,-0.5743014031427114,0.01665798718503942,0.44768852878016574,-0.14537146159877018,0.7096342577787637,0.6882285738771412,0.6870165491818723,-0.16013605448887241,-0.5309619753791408,0.2528761022575012,-0.37849710069667264,-0.16207566010783162,1.7201690926015372,-0.6938224333663975,0.43864397012076806,-0.07235401881272846,-0.04653388164552726,-0.1106356804545153,1.114519997253805,0.1777588851150417,-0.43263509257326377,0.36365909896460585,0.30830684131235747,7
4.461365045962499,1.673590038619653,0.2561048708415165,0.1908482114162352,-0.5350521709446319,-1.5998241797855532,-1.3142398715584238,1.085390702222624,-1.7047131704423177,1.0586021819301077,0.247354480802028,0.1908011534570081,0.8038977859312917,0.5008224492987121,0.06239676258465697,-0.8010008392691428,-0.19951567919800453,-0.050918053122440056,0.09988831854089085,-0.10896805159908136,-0.06996486800789019,-0.7418331108420416,-0.6183459597958924,0.36531895324153213,-1.8728956401061068,0.02380814406790604,0.3102562940099017,-0.9669171045541957,0.35834558208677003,0.21562870303971066,4
1.8170948848216093,0.1966571695162951,-4.080339278332623,3.845367631187606,-0.27660474155662995,0.19810605193903705,0.12224823416361091,2.285246332703123,0.2508115327432764,-0.1977667912207299,-0.952397874626103,-0.3804448428598748,-1.1678331690094113,0.5849075543280655,1.0096999018604682,0.8294597868507894,0.4843263227889812,0.5932326761741094,-1.3154812938392155,-0.3331197786139978,-0.5648366157466884,-0.36658586119792125,0.37475867256991063,-0.3249122906886324,0.7440724198628137,0.245735661852111,-0.05862535919745778,-0.2625730687852929,-0.6275762065207783,-0.13530165436915972,0
-1.022208954976393,-0.804336086742267,-2.0401547240374094,1.962460178626982,0.02202823866439681,1.0429898601362606,-0.5828848170416093,-1.185740010442411,1.1004961614647264,0.08181487383940246,-1.085707920915903,1.783688060836609,-0.9134184857492299,0.111629177157734,0.4161228738789347,-0.1887701485036975,0.7813971899014908,0.5224525358292311,-0.7553109265758822,1.1709825774533857,-0.3430151301122001,-0.5869644704491223,0.7301137236913338,0.8949671591077311,0.45204751063595167,0.6547016929629854,0.5718551660976646,-1.2013021876113585,0.07458342162627649,0.23713936984380157,5
6.625837138658576,-3.338201075453082,3.1674568221358745,5.363650917712579,-7.5948262877503,11.124278115893043,5.65492479971095,10.67586056551815,15.016396735089637,12.051463297839016,12.439883122299328,11.567976207124662,2.933508982783295,0.4980686813146226,-0.5421588508526876,-1.205699701827818,0.7781289863223695,-6.531332016018729,4.482229713386968,0.8954493338823124,-1.0857952715868588,5.02529103937094,-1.5753736358926922,-2.1468843771420967,-1.1551322168627836,-1.591339910476914,-0.3035801348844705,-0.049402329752191,-2.4685353110413386,-1.1307800162192019,4
0.7119240566855422,0.5463263946379119,2.657746062362398,-0.4225332662214474,-1.4919970691368654,0.6156439374410515,0.6048500739907338,0.1889476625817307,-0.6480737348439042,-1.8987980721252407,-0.25627588720494743,0.881635109372663,-0.8606701441072916,1.0775257344927405,-0.2102558759100458,0.8241367280406924,0.6937328502488131,-0.15446039920133658,0.4555710050859207,-0.6259593755130118,-0.19537907429741114,-0.7076624105304136,-0.29666369650172647,0.15790797300727688,-0.9048239412137619,-0.20759408914485106,-0.2491763511178338,0.5898605843404253,-1.3691081928434168,1.0091508274481287,8
1.0081225239583458,0.3408173894208342,-3.868469794202441,-1.6070290033843284,-0.715958070385522,0.5156074380783874,1.2811739276182241,0.3189380355655854,1.522799938205291,-0.5532896044297098,-0.4907054553180998,-0.4201221590395022,-0.4266132357312067,0.9888452721824526,0.04640549297464459,0.19390693149763674,-0.13480613837509933,0.6183967115496422,0.4968610185058715,-0.2306416946444579,0.499898923676557,-1.4897008738979252,0.565231611059947,-0.8673870377801246,1.2763404456698706,0.47899504856170627,-0.2225935929971192,1.6301175459824202,-0.7523217162827802,-1.0869190322589763,9
0.06880454270645417,4.932451991953586,0.8036079714820565,-0.5338852902058648,-0.3419043068556599,-2.7853244921442992,1.4102442731222322,-0.09038933373170621,0.03277657300728328,0.7963214463144026,0.0777321975438345,-0.17936095849328063,-0.24615102057786808,1.7960955047906477,-0.362888489214008,-0.6704542786635216,0.020330498686836684,-0.8468901923888209,0.9230244604013651,0.9059275628057397,-0.053191243817653236,0.27557955717084776,0.35551097111326724,0.16635885233288925,0.4448169810943036,0.9783413704922046,0.2987150757969733,0.29587527015295834,0.4305772143686454,-0.1550909654792479,7
1.040971295355844,-1.054310270686656,-3.8333063837086025,1.1020196504386541,-0.8664043549516098,-0.1827254984404444,0.5856721018103076,1.697277664120346,0.15153265905704913,-1.2852572480408775,-0.711315223155486,-0.5132064956324252,-0.553627332491616,0.013129750543343968,0.4590901370906808,-0.22777854698946717,-0.1430897393512686,0.08661491653948053,-0.0709815776122442,0.19437990760387241,-0.017642003812665886,0.5564475440616804,-0.7336362802386496,0.7887981647308077,0.4450329571324188,-0.9234121580550172,0.08509282173844929,-0.18702426281525536,-0.4370065477704443,0.020141899061230203,0
2.9363791383888196,-0.05256944153270878,-0.23626294175656737,2.7984238727106074,1.174355068031844,-2.698154864246236,-1.2754188194260778,1.245272790275706,-1.2106351541005738,1.482943354077749,0.05957465165023307,1.2617002138444313,-0.1453920744474006,-1.4397168038035637,0.07372040469095745,-0.44924360404362423,-0.5452226742333934,0.3127706359753705,0.4376203031010041,-0.19768415777091838,0.2666403140427656,-0.9132547687733767,-0.1419888065102326,0.3700617320925173,-0.04897672480192991,-0.22824871454077023,0.9114647455780877,-0.4231103404295277,0.5971440272143094,0.042480376528508425,4
-0.8073977557067755,3.4077233614060933,1.2180123105322214,-0.04734305529025374,-1.822878171876912,-3.3694376133034383,1.7491190184129974,-0.49098967935598786,-1.063122849250634,0.6378782581074723,0.6527428019974183,0.46280147838163205,-0.1566113493605714,1.1472932020600493,-0.8562573320644207,-0.3106339696809885,0.5011756930696404,-1.115546723742653,-0.13419731321459805,1.2991099968395552,-0.3837434888892967,0.16558727272008608,-0.33668958100797913,0.7913616241255284,1.015553395943766,0.6755717015696993,0.2113421646430164,-0.18112833459789449,0.27434785868340816,-0.5792251650108836,7
2.4479763777166252,-3.583597455185689,2.6227773530963203,-0.6745330233479693,-0.021188601597210734,0.393529618832328,-0.4874202330999815,-2.1980615559712717,1.284388747767513,-0.7209168932138936,0.2868483338530752,-1.0521843037426948,0.48517080257453876,-0.28864265768462694,0.46621612784782246,-0.3376063564388487,0.40120413165747437,-0.5305740111033704,-0.21416886360137374,0.805883157922286,-0.4720200409211771,0.18338541248567555,-0.25662297162891295,0.002544325501565722,0.8503648953390224,-0.020303594182264188,-0.2719560041136023,0.4592903612906449,0.24750607206920536,-0.020997683046218664,6
-2.012565020019855,-0.5402511084849421,-0.41246434272083665,-2.700616909237921,-1.1594698086219877,0.056189974809087356,-0.8082168414154217,-1.54494504394251,-0.3224803321975621,0.009564995651864144,0.7178406228187089,1.0684723667122447,-0.09233174820090678,-1.8702580548146777,1.3223313909060976,0.2755597965690153,0.3137127135626601,-0.08945500788116623,-0.3502270219507124,0.3839975171758625,-0.921989726621693,0.7484022412088835,-0.22529145994395938,-0.19055094398914213,-0.43225705721453156,0.5614581883290387,-0.4246473950329562,0.18948515462360105,0.40697246722640756,1.2244487166143179,3
-4.317583440734835,-0.5543758300273138,-1.6771559735961707,-0.7960920043407673,-2.3651178748669923,2.1792538672411155,1.1622819998091645,-0.516722308868283,-0.12216616831192047,-0.6157458939255674,-0.6851615434950682,1.1556440044491632,0.04181442985819793,-1.5008468264025208,0.7932797394883461,0.4720196424973973,0.40940512740301066,0.38926978912516297,-0.534894167270861,0.6994186000480913,-0.14776455198065994,-0.6992528459831442,0.3119694771037431,0.2840378382878139,1.1577218068443764,0.5873666925063091,-0.12583972335211843,0.025314774234362455,-0.5243293499835703,0.6078944578830023,3
4.248973287572633,-0.10326615850549825,2.54887925258865,-1.4548592098896262,-3.17573082398924,1.3348472111725063,-0.9024868144708155,0.11703243637625316,-1.2679958801370792,0.4967848829817691,-0.2399633615216142,-0.41481114468626157,0.12266796500825068,-1.20540146888002,-0.40981848939212695,1.0018865462604485,-0.23796919846278125,0.9915224235226027,-1.151561303153474,-0.7854820818050934,0.25172653686717084,0.10284695327756821,-0.5529369344914586,-0.521290436839155,-0.3897237474216165,-0.7826229584658921,-0.4942132151043162,0.48251040079144997,-0.310632741424315,0.4833534373016018,4
-1.0574519919960157,1.1821170101384602,1.6541484451807194,2.862395759414552,-1.5888306228304943,0.4516559417123483,0.060745229297434415,-0.23422684494148266,-0.03614929200995745,-1.6389182537773939,-0.5139764793624503,0.1202379013147786,-0.4490781507544601,1.8959630307315825,-0.43481427185785254,1.4351263942532306,0.6498599279586942,0.15268435776817155,-1.3832546458701707,-0.5754196881225178,-0.01797011324037548,0.5052149297132802,-1.6331334439788483,-1.8142395189361709,-0.20289231205185926,-0.29612230157578834,-1.8302360327873466,0.12677724513730135,-0.47463339012030953,0.5379783829489281,8
-0.11555870043998849,0.5838536016142231,-1.2594222511253221,-1.374186284966112,0.374208638239987,-0.6438761796896518,-2.162187583478068,0.5789656693253401,1.16211083278146,-0.3424195197467625,0.5987787405364474,0.12026276916827829,0.010081445738433347,-0.4632595785512309,1.3226636953067992,-1.302825938492941,-0.49173993157811785,0.0950003107131214,0.6103779544126604,-0.26971880520486907,0.24529776926600522,-0.2768336439362396,-1.1921088004488132,0.5460079762076194,0.6592499823389323,-0.7395392932527793,0.3130452238160589,0.293248018322049,1.443499669386308,0.04069978234758351,8
-0.6029517171332875,0.7699215183603845,4.60645569637892,-1.5386748336682565,-0.7465132379793226,0.3999302322335308,-0.5550722563768583,0.2043512051125497,-0.48648708828912485,-1.7596802622849108,-0.22731457802098612,1.450516295358119,-0.1814978668242664,-0.8289551889825587,0.06846085537702677,0.17660078960242828,0.5750637139629139,-0.9216309681813276,1.1186423494347228,-0.44982170689907025,0.4692678341714547,-0.7831244401658797,-0.21576708494484445,-0.1012758214109504,0.0738737412555702,0.9134515571470683,0.607872028285105,-0.18184698482745934,0.11442171480698879,-0.22620964909220842,1
0.9494451474239045,-4.419988415572995,2.5765728476002017,-0.779287889368187,1.6502455591331926,-0.25260439972596027,0.10309733361087094,-2.0306753116867933,1.4890970111918345,-0.7163408881122716,-0.1698744858659477,-0.2629436314671412,-0.6711479127475246,-0.47408217225503696,0.8424080779353226,-0.693555898796943,-0.3942819739785488,-0.2623887938397627,1.2010523527487345,0.6786337101039243,-0.22089525530830473,0.19486031894127476,-0.6617340894089041,-0.5750482976228112,1.0990430526237476,-0.002760922261488237,-0.130016824100164,-0.3816491612532454,0.875061090435584,0.03692654948645349,6
-1.3415066963740172,1.3203180268559866,-0.3150083642441255,1.6419522572157605,0.7264858554133196,1.1635081757747756,-2.2982080382379535,-0.751497143289885,1.7974331890207198,-0.7114578846790929,-0.3828073906358332,-0.25418597533424936,0.3320169758390016,0.366570710843259,0.886435795829634,0.16618399243491988,0.5898812227937505,-0.010713700412936844,-0.9486429583528317,0.48923827312180035,-0.413637299249459,0.8336902279971985,0.4276139597705262,0.012750259101625177,0.7901316409390827,0.08830563400587813,-0.2763988024688712,0.6681104074353947,-0.7763332520251657,0.27486014759150207,5
-2.8034423733070963,-0.4755437867688801,-3.360099682920968,-0.5551067430535829,-0.15173222046300625,-0.12026695496893226,-0.8085184244483377,-0.1725898601630044,-1.6516041985090826,1.110242520573151,1.951051736926052,-0.2937702699290864,0.3409769223428433,0.22016551881404803,-0.6107569174736813,0.2137979668969846,-0.6957211538953239,-0.08106549569446753,0.43058893057416264,-1.0585477462753499,-0.13505399952464545,-0.0058204489147368746,-0.9443165965788822,-0.3242531418435201,0.10930083947808648,0.46459175419705423,0.9921681694478967,0.8000245569897061,0.03656456248619399,0.8929497488599066,9
-3.4321291909307017,-2.351890311506036,-0.2908992810612994,-1.627970386447085,0.7992189135748247,0.38387566893800334,-0.022752878970024055,-0.5163916895119461,-0.6062691946738564,0.39047779950452416,1.186941123732057,0.37778056798747023,-0.42009151101151126,-2.0702944848597298,-0.3452311315648936,-0.41476855323014833,-1.33227771784905,0.7947665805002815,0.7315551212035504,-0.362396986463691,-0.6021624773255491,0.833488989575487,2.0109620741853877,0.05412199689835415,-0.1250844643854207,0.19040964491800397,0.12668930396334818,0.9387977011939174,-0.6131667470061717,0.5116381317307238,3
-2.9105619525456223,-1.1988037919082943,2.125141045334503,-0.5731046900939794,0.014628121916384403,-0.38301965102895297,2.078537079075467,2.4015404615263845,1.3566519840008233,-0.3373040934371582,0.8690706312334489,-1.861685784738092,0.5685797540290193,0.8502877135315465,0.07710232350589995,-1.14083980747717,-0.2967824977031735,0.6090850162232821,-1.2820019040690869,0.2822999937819422,-0.7435567976290771,-1.2870844107591572,1.4584778597004864,0.8061960072093111,0.5612443485631734,-1.5228499598228071,1.056779586775416,-1.7144545461992315,0.16111345684823536,-0.2136012529471772,2
-3.844542255235668,-0.6350752597147371,0.3337896897246856,0.11074774979994319,-0.26302400551762684,-0.9691375912866065,1.0728495150593593,0.08299080671632081,-0.08029490978255312,-0.28767316414772187,1.1166427525444955,-0.9077049712265797,-0.7753225096625829,-1.4140393944077978,0.22616167818537186,0.8190547574706812,0.09772467151814108,-1.1621943988844916,0.20925074100507962,-0.8554279985136026,0.36203095670930435,1.1256920778860666,0.4089934825183386,-0.02009146894569212,0.7899220007531569,0.3445494195065402,0.13641653207256565,0.25220880234488696,-0.3483113050221562,0.47442965947821203,2
-0.36132699142001773,0.7121282330512235,4.6613618295956,-0.6567396084707744,-0.9059032236803743,0.06091620339196921,-0.6683593315451773,-0.20149280116732424,-0.10315325312574362,-2.156409200848042,-0.10014882825203962,0.9295889334742801,0.3953142494710899,-0.15855559380311443,-0.03795257831843183,0.369687867081012,1.1094046999546598,-1.2129896430410216,0.3664303361031311,-0.18014314822131713,0.29474902669696024,-0.4584960366117719,-0.27863533087575565,-0.1716567213479486,-0.13712210153541116,0.6020495481565733,0.11688045912511914,-0.18982861740317297,-0.05177166227518464,-0.09976800795128107,1
0.752640092877133,1.6551556241683356,-0.540137876165089,-1.5161003095212446,1.2654602811601356,-0.20739662680209914,-2.4771944734700146,1.0847560239291152,1.7073370920500235,-0.8595916889968473,0.3265365645409753,-0.3359456444696954,1.5142101176500617,-0.6069619251561312,2.059297770071579,-1.939919333218492,-1.0757682996898996,0.8661674797250878,0.7459377726640262,-0.37384125828622916,-0.518196336867569,0.1992054331415327,0.1626384473571947,-0.8816080428945009,0.7409353677729108,0.9463115675413527,0.2774020620324901,-0.4190042182180975,0.9439100436075911,0.0932239792660545,8
-4.8052239781416315,-1.126457242349891,2.5735208400276774,-1.746448826647388,1.0604129011448937,-1.2725473515131651,1.8646769945273216,2.192447341765704,-0.2632564884729895,0.2815297514790671,0.7124764403278087,-0.7309155105370015,-0.8347288238352402,0.16529636113032373,-0.5925082159876277,-0.25323388684754977,-0.003485068459597994,-0.27553195925288104,-1.3206330452443318,0.6502578298820465,-1.282394406284748,-0.37257466126925093,-0.03976531963022018,-0.6580415312222426,-0.6315251519655544,-0.4926704919335466,0.2672319393050586,-0.8669905687586996,-0.5941147548021273,-1.0221721343273618,2
5.204254253484446,7.835809534429303,-1.8093622551247623,-0.3666189322768935,10.465928067927413,4.6541144783896335,6.399807069818259,-1.585060016788625,1.0962994742809153,-1.9299668726870802,1.1460003166969055,-0.5951002690143538,1.041824078918915,-4.104482611598868,-2.7447291573252075,3.8185659079758807,0.023509540312399033,-0.7983586072661404,-0.5382865118774203,-1.6159145430191189,-2.8105063505922283,-0.7791980175603663,-2.546785347138208,2.3386589691743502,0.8894469789523157,-0.5776272598758815,-0.4240368295683541,-0.5040383827557772,0.7551924061534967,-0.12357761797772367,7
1.362440330946887,-3.962801163558751,-0.6403997553396745,-0.7259787445024809,0.10357399968447799,-0.2422614218818127,-0.19573687382462848,-2.210133344760806,0.05056805681699861,-0.9399001456549477,0.03352287928435085,1.4544579042922738,1.3830322123563175,-0.1187378682423396,-0.8864893847114822,-0.7015520583879697,-0.04992911774755556,0.159004493468809,0.35283659257404115,1.3787843603397953,-0.47112429050807775,-0.7086092634473273,-0.3055128657104693,-0.4224570358713127,0.6485367738223319,0.9105212385448892,0.042138746834474376,0.2626616042581308,-0.9647173108203867,-0.44038447440585315,6
1.2479978775197953,-2.592974612045273,-3.314577212748829,2.6011077087164174,-0.45253967791236416,-0.8994543134765769,0.8855195502529986,1.8477780015826029,-0.23927282581203035,-1.9193380119688541,-0.05526090617993083,-0.9547818437607178,1.2594764023017753,-0.04694103852759556,1.1851428609519774,-0.07186974297641976,0.45860576190220925,-0.5065444236551038,-0.6327319145190105,0.28365288988881265,-0.9380497346803433,0.6582281654413504,-0.2189492715815907,-0.7779557698224683,0.1995232881082175,0.9980112184752692,-0.09814433672332255,-0.5741786214946596,0.2303744687606594,0.2800863664555229,0
3.4376535081597246,-0.8721106217718786,2.251225709108577,-1.6887019534739998,-3.331138096705557,2.4462217552956798,-0.4423993414396335,0.29322020419387074,-0.4524528633462169,0.06938456382036606,-0.2669237305505393,-1.1336828278709388,0.0575856082387257,-1.0031109204540396,-0.5881637093259526,0.9440560477453867,-0.17220885554478943,0.6856265481945014,-1.2396938644216162,-0.6803607366764873,0.7193064595458099,0.15509908714698772,0.0031436060115303307,0.2536803214156629,1.5708795387512173,-0.2450842795665647,-0.5140223158350931,0.14991675386273987,-0.3125946775837284,0.5735778565564871,4
-0.922081826828217,-0.9008613913843802,-1.6410580014981757,-2.118500284119632,1.3129498123635324,-0.5096966040571834,-1.5207101021670937,1.566672940417269,1.648260697217926,-0.267312206153498,1.9556831749971488,-2.5453325916632252,2.4132674755765677,-0.646266128038029,1.5831656865727979,-1.8885159924723671,-0.9822409954183936,0.5873276156109941,-0.3312055882314165,-0.46251326934356113,-0.631371351784597,-0.46205579278536446,1.0463361530645623,0.04985177154177469,0.75621365581966,-0.06875045408046926,-0.30729154682544685,0.17908934085993805,-0.42514923901611806,0.12538895267547784,3
0.4615482552767616,-3.1420665916721973,-4.632596922157186,2.187805785438778,-0.5931532124966664,-1.212910739508046,1.8435606432237457,1.701874391368784,-1.024434346579478,-1.3204362746691725,-0.12716518725481143,-0.3773602571741974,1.0121668434374749,-0.06445177753158023,-0.10243926184706414,0.2225998247511065,0.3206791159491344,-0.43999025534269803,-0.4701732158048477,0.03963946886310745,-0.4787541716606293,0.4881683914932841,0.006187543998284394,-0.9867416851490673,-1.1805322824080586,1.1088632233893063,-0.13484419096452147,-0.9077216364462429,0.7305266586356692,-0.0544590580535874,0
-0.12522210253227573,2.233681026873698,0.35177983602737933,-0.32523353258506005,0.8266507665118352,-0.8706536164965639,-1.8996816268365109,0.34237426657904024,2.065497743339027,-1.1242348519354803,0.6024906657328583,-0.0291455694061026,0.05354915943279308,0.10291424538180897,1.023080822966752,-0.9900154260948526,-0.2846363468337197,0.3701765971416148,0.5441731740072431,-0.5752109329687995,0.25728658651022324,0.2564672659569334,0.10738606719470146,0.13310136542524684,0.12355089687250762,0.9867001818569111,0.3419231214306314,1.1872586476273868,0.6930529889990205,-0.812984148806541,8
-3.7633971157236448,-0.18089797730501922,0.6089957358543087,1.127742206801648,-1.298928619150867,-0.1287936836064821,1.5245674719835158,-0.04246328233477897,0.5708994215236758,-1.3605861551291525,0.9903656683584688,-0.12259737692890077,-1.2597108380070876,0.301058653823503,-0.641336806871198,0.7333690701709945,0.5049486382832544,-0.16384723325410935,-0.4809926999180637,-0.8408460157584065,0.05440858006674824,0.28146065827127326,1.1698521290960258,0.8789257212219707,-0.40025994716140767,-0.7863292129932188,0.9140389971517632,-0.07411588895156405,0.31197085994943186,0.04740872154213627,2
1.556229913584621,-4.298820183429698,0.40453077938865495,0.5593415571889822,1.1858165501446913,-1.036956000802678,0.6034058922248378,-2.6209425150732515,1.2201343137504352,0.5555130237907233,0.4347413961216032,-0.591722047587237,-2.028972566296059,-0.21822887906413685,-0.41742462541332553,-0.10288320975203857,-0.7941935058647731,0.309586700732821,0.8578404653197463,-0.2326347508692954,0.37333308884252814,0.8307133290462952,-0.38997317762719363,0.4625805941144958,-0.7951284136555631,0.037558293449226475,-0.0482761197467039,0.3271014717190194,0.06549318352194343,0.07266213311589807,6
-0.36149924675167355,-0.8798451921964787,0.5894268615343389,-2.058387390138829,1.0425261414249318,-0.6319270784387728,0.7346585689258233,2.707110287546368,0.5675176385493388,-0.20019219331252047,-1.50793211754967,-0.6561401874517062,0.3671983877472169,-0.9755851055041251,1.3852380460729345,-0.8051863397817989,-0.6891619002950891,-0.7051042817130317,0.7125206058189959,0.10866544269977545,1.0842563842419524,0.4171608508362125,-0.5971850870151452,1.0770982776510065,1.2458977323745337,-0.8059234928473223,-0.48054964619567997,-0.5602483500881864,0.13301151199085023,1.2857032766878287,2
-0.2679791252351394,1.880785445404688,3.2407099833608384,-2.064028469205319,-2.016209763171205,-0.003561490022222241,0.26686190571356794,0.6221448878301293,-0.17731801900117075,-1.9468346886466772,-0.6973034294726392,0.9080293715450928,0.3479562655199186,-0.45051015279656753,0.42446570715131304,-0.6523614073903724,-0.735842414723702,0.5582473315961143,0.7689077405850382,0.20863873072207317,0.14563384373802182,0.36911115246640364,-0.4456431054867857,-0.4146069657059962,0.5877420720042226,0.473402489672651,-0.05360485647938754,-0.4524377765159033,-0.30122391471165844,0.12966593416493194,1
2.0651428211384006,-2.623656299399908,0.38472903205558057,-0.9211366706869971,-0.43250827389859264,0.45249606469296255,-1.189587692464528,-2.0071280352923644,0.3556543882547792,-1.0930333993170525,-0.10764937085399619,0.8035077001631785,0.9393347955050793,-0.3257696842796841,-0.19497609489687295,-0.578231903580033,0.41059127016225483,-0.28587597999636105,0.05208929565364818,1.392011292723607,-0.47276843276151637,-0.015155943788646624,-0.5345481759746148,0.7221816645099378,0.4994739960856694,0.8820175760051523,0.34743779375926853,0.6970018507867786,-1.057259012094866,-0.32499115568050485,6
-3.3827041644317375,5.317888777193438,1.750451099967536,1.0541689756284431,-0.2076196266477235,0.8857593970003435,-0.019151658269990986,-1.5542060491283676,0.7751827430326409,1.2282729731378859,-1.5275198765398976,-0.6525490203222174,-0.34804694789309576,0.5682085577685705,0.28614963900518015,1.4830088812511313,0.592727288104224,-0.5200790407634477,-0.33977662387865953,-0.2503573599404567,0.8883317205398971,0.7571589471008962,-0.7271135739616628,-2.417427559028666,-0.5559057849106873,0.6450346323854814,-0.5605452155880766,-0.5112687807172357,0.38683757062851315,0.40519072037352905,3
-0.9013218848482438,-0.10410931563107724,-0.5552106676011872,1.0408411464973322,-1.41870101960515,1.274704219894536,-0.45551167409068943,-0.879675967896006,1.4093494092432,-1.3283443671918307,0.9281956984231202,-0.8318137315117174,-1.180999475782666,2.214275884733473,-0.13248110766431506,1.3524383811312928,0.829257600751253,0.38926645535057774,-1.658219340900988,-0.7957647614330562,-0.4820964510923154,0.5192453957433075,-0.6771207635178933,-0.00021702599700916585,-0.15652532992317214,-0.059876172360808555,-0.2216278675328202,0.7920218201660647,1.2531808061846135,0.5432685999385176,8
-3.5323939032170255,-0.40691685581769454,2.315067923888963,0.8534713095619253,-2.0106597264262307,0.3681975167705593,2.718108351358903,-0.34428269307093795,0.37380626410046647,-1.787772457397779,0.3053200379309908,0.11368948446499527,-0.37871092905052484,0.5400914311414924,-1.2832858480049816,-0.1148931354790724,0.11191088695691108,0.48212106231284996,-0.19283980981217333,-0.1459093139490996,-0.003802073970748149,-0.10163709515838014,1.5670372198608353,1.254682298600322,-1.2405045321792367,-0.06464197479230702,0.8520378061155586,-0.13294647726628178,-0.20443403218559278,-0.23883505541008404,2
1.726811847677534,-3.054578224952975,1.8842543831715697,-2.238323907352677,0.13706536440325742,-0.3661522505974007,0.16428940732610134,-2.641275394496793,-0.11675286446092509,0.2641448910020971,0.2777198806844917,0.2334533780335339,0.9226443601924217,-0.4658604800763584,-0.5837371803148608,-0.5163622883552208,-0.3397335958878566,-0.5307941096137051,1.5374311634315763,0.6152493212385668,0.30197845583002136,-0.34773912726300676,0.23262527006739703,-0.8142030598535601,0.6326280528433583,0.8944493750274328,0.5819525286399142,0.49873193953982653,0.17845235537099718,-0.2374429094333049,6
-2.392060256157634,1.8801051782862563,1.3643657979104946,1.5685384425986397,-2.816231905440469,-0.7599099121361994,2.298257891129214,-1.727739965815192,-3.299858170616306,0.667953524139924,1.2939259228622912,-0.4816524715162752,0.9484517260555413,1.3009279759210626,-1.2333175075814313,0.05724665691810903,-0.4123947560979953,-0.30637117443009176,-0.07244038368986286,0.9153659743619001,-1.9916668415101157,1.7079121286357375,0.11381392954789224,0.5047841126905502,0.14029301303953448,-0.9887924387540612,0.26292658036573197,1.1235666902479196,-1.2233263790907953,1.2127939071165479,7
-0.6462076400713975,1.9801999581483207,-1.797863321859155,0.19612834885325267,-1.3208313071561977,2.2092619896764805,0.8232288113319677,1.6107531076774217,2.3090846363083046,-1.8426619195327802,-2.5116550594980223,0.30386479135101657,1.0417528271162915,-0.3667006042866293,-1.0037881259035246,-0.29978228779139654,-0.3851682277932076,1.7676808151299366,-1.0569698349832357,1.1755159605841727,0.677406125618073,0.08371822114948983,2.288090090283475,0.740546779894413,-0.22068585823416853,-1.3330680855643096,0.24423273657241543,-0.33109269230508886,-0.5621313268888749,0.37070825794876655,5
-2.245646146509161,0.51972256332518,-3.8520149101375245,2.8657364949157973,-0.21708555725413906,1.5606113776131234,-0.7461925391718977,-1.962717636534926,-1.5612375051885943,2.441241051000223,-0.9035800028766438,0.5083459019283961,0.24056506857835389,1.1047058439350865,-0.10790399187604464,-0.10177579252381609,0.4982244123515519,-0.09586252892531402,-0.14151762795240502,0.49859436533550944,-0.24872191635946145,-0.5372900730508801,-1.1625456666550555,-0.5306959431266302,-0.08116174746528813,0.33126250677253166,0.6456292113975548,-0.4533431733813216,-0.6032734500946534,-0.47368305936456706,5
0.26693076129075105,-6.136521306723558,1.5107716124609842,-3.3285713722050447,3.9860743176517497,-3.8028079597319997,3.8706631905265474,-2.221642587650292,-1.199929225015303,3.575478372181313,-3.531226066462584,5.984766751124852,7.105055580930791,5.429867144332767,4.787304588571676,4.267229461498928,1.6957089330401092,2.50168217644277,-0.09005265991584073,-5.2518570325907845,1.7742265267696533,2.7859052510779554,0.9889767597798989,2.200711478408779,1.2728410802452148,-0.758534962496286,1.1796183893032997,-0.567120501767131,-0.7439146291835964,-1.7690211227268973,6
-2.732292436445254,-2.101826740828774,-2.464387640227191,-3.1519512643312195,1.4560634700547872,-1.453948910067828,1.3673494670692807,0.15860727251393325,-0.6938979905506715,1.9366892376305551,0.3013548393306837,1.089669887668249,0.4586140195562663,1.1050005988055362,-1.3944580506832438,0.07566191008332494,-0.16813805500136783,-0.07451546132581693,-0.1988339631882776,-0.028341943089271706,0.2638705396503947,-1.6765855441419746,-0.577583209910147,-0.6614520797885323,-0.9559704665380778,-1.061686366757538,-0.8628731025499666,-0.45340390016824383,-0.18518083591355636,1.5278142374454573,9
-0.3907997635744926,-0.5589035646968253,3.3476971381358007,-1.1673953986261503,-0.5944938709155654,0.558228096204784,-0.9529089820822825,0.02942642195146158,0.4762626439741658,-2.7428899197455814,-0.3116573948031223,1.2521186517358074,0.6427829266724687,0.0725904544098811,0.5941576754824496,-0.8696464391340829,0.0459667236396798,0.22684167037115638,0.1552695030036888,0.3629861222151409,-0.8151778590281215,-0.18218123973228484,-1.0037629597463618,-0.8268707771807642,0.3826936559884757,0.23733661304725828,0.28942588470610975,-1.3379440325976495,0.135549128581267,-0.6757337956543213,1
-0.4407368566321983,0.5093574492257049,0.07452300978996201,-0.5803755138050393,-0.7969590656589463,1.8305322885979267,1.3310940577479633,-1.0757395959890372,2.9510316795117655,-0.7412685147188092,0.12332527882038305,-0.17778375600268886,-2.449587497937207,3.020554503007807,0.9224872611163503,0.46288716829986487,0.28538783979235705,1.6693230428494437,-0.15823943948981672,-0.9634638344833095,-0.3446944384428046,-2.0029212964555914,0.3578577280834436,-0.04721850421550698,-0.3470134725279713,0.5471462521552097,0.9894958332007878,-0.1103398703949977,0.6839521779949839,0.01725441952680046,8
-2.175838124479512,1.5080046191530456,-3.6307796442101323,0.20304733986065818,-0.5121925476495464,0.0573917056027376,-0.942475951489817,0.40800530413128444,-1.264867640099493,-0.27019891646513644,-0.0910391429880836,1.652410818586455,-0.17814730463098222,0.05960992690184016,0.8650938589584806,-0.7023790188128414,-0.3401054731767966,0.6305053292111136,0.4135195631456551,0.1875990787869409,-1.1987685695209027,0.46378415647918336,-0.710760510087772,-0.6038325190888404,-0.27188955368971285,-0.7996268634288368,0.3666571769803436,-0.14972240130408032,0.27590380825958094,0.0006158209950635553,9
6.534999635403773,-1.0248026828658467,-0.27838315604908853,-0.5996890119867777,-4.972949295506632,3.9893625589994204,2.090480390461207,1.0789932059860488,-0.27063934490496727,3.1919915619146266,1.3020744033051952,-0.269316557403168,0.18681122657608215,0.5823206696696792,-0.2216090530105454,1.8176282695784955,1.180097044359238,-1.7161268105822687,-0.3145113892638023,0.2945405596339067,-1.695594411518653,1.6586585711685193,0.6802981755391951,-2.4794914184817918,1.0700379730132816,-0.03054972065430343,1.3697284588278331,0.7651732313866622,0.7234257270947174,-1.3444419490876856,4
1.6429548772363989,-3.3058201328528316,3.0746744324350708,-1.1980071182976555,0.8245871852451919,0.31689631925768175,-0.5001124354141471,-1.9207016452763443,0.96009487025061,-0.6781451151219134,-0.2559193057249836,-0.6335998381242353,-0.011592844851948125,-0.737674708171854,0.8377011986017558,-0.46622926381927765,0.181694930330033,-1.0191578288643444,1.0122717744195335,0.7856002530183946,-0.044309595775924214,0.5238520122286039,-0.4769960843759894,-0.10548129670969748,1.192854447876417,-0.08017457123117333,-0.0319796359960255,0.012256223978805065,1.0004484880176763,0.4106214627595572,6
4.7637673151152065,-0.0357404660923202,1.043944375004048,0.1581490482588774,-0.4387636298373771,0.11621653041114263,-1.2104868835321783,0.6242685999345204,-1.7122512452835859,-0.22449169931649682,-0.5054418807636375,0.4945631010253267,-0.011775860395386497,-0.1940581668940903,0.8269555313475975,-0.6994204331933473,-0.0784795684396629,-0.47161528077747794,1.222600363826273,0.26225597360257175,-0.9626378386653315,-0.3290551374075082,-1.035837805603223,-0.027465462186544914,0.03764106925134211,-0.9975676171618284,1.3484769734752307,-0.37736289048809657,-0.04355783446196235,-0.005272854882989739,4
1.075165683337097,-4.147536949296591,1.1781804154602686,1.508500034966352,1.535676325456014,-0.6620739240910254,-0.15738836241678708,-1.9469046496387568,1.2411473337954813,-0.4541219393476561,-0.09186413652235675,0.589912802834785,-1.7283934129086764,-0.26315493050398586,0.2905142927072624,-0.4430467513115145,-0.6676261585277774,0.6441866885085621,0.4775371623718022,0.22516651348686528,-0.3660426143507044,0.6653683351810503,-0.7884950340316815,-0.15884897289666158,0.20667306548208322,0.17905487279285814,-0.49137217949948414,-0.16927126482884003,0.1530542686344808,-0.07549647976731219,6
3.127152781070466,3.0689485931040825,-2.739975983497627,-4.567012981279075,-0.8299981294941812,2.6081772232044242,-1.2525736965244356,0.06258347485949735,-0.48114339737268347,1.4497675980425657,-0.7967681368794346,-2.305974424741957,0.4470036043401647,1.080747188435267,-1.4326794907489782,-0.22379759544146652,-1.077777097827864,0.000868830021781113,0.3751982465119707,-0.5262379377922862,0.6826869083884368,1.9829561522010413,0.6543796686343122,-0.2628648099301727,0.08928033949071987,1.296996792412852,0.13649756076328493,-1.1526387627741734,0.7878937984058042,-0.6073067363974702,1
5.7718805381187135,-1.0789070945153887,1.4671479617391097,0.6787614299362453,-2.0024721075133916,1.3536985254597143,-0.9864427797362905,0.6567277781549441,-0.6206331371117497,1.0291186097903737,-0.7569749606795407,-0.7367428199656255,0.20566973634463934,-1.0924619411383292,-0.0425229454604201,0.6604554413566963,0.011956935357053193,0.5821831366411897,-1.0980682220856488,-0.2851638778939723,0.15380142047220283,-1.0301348398905537,-0.1680484681375681,-0.22399013749227917,0.8818978321303182,-1.0532650396363965,0.4535449663142735,0.19295047426408246,-1.3459224992072156,0.5272862893328729,4
2.2065564852585102,-2.1153561080973704,-3.462914284738579,1.8567760115819878,0.18343913521478616,-0.6978085758655904,1.0339423272817947,0.90701384172913,0.5273772536252326,-1.194248331648143,-0.5060141165282014,-1.0115807137637935,-0.11053844013131564,0.9486492186523424,0.006074565387980214,0.3245003019203347,0.6226843358868723,-0.8374446219577867,0.2662564243097011,-0.16697138456750488,0.6381442120834878,-0.29322218315134674,-0.0591814764977692,0.3201153603697792,-0.6043635346782186,0.6079354988427278,-0.14471155686513568,0.4689842528049557,-0.31627101021446696,-0.7036871767669157,0
-6.165994230430606,0.09301225095274629,1.2848537193964564,0.653932098572268,-0.6174575174761209,0.06838627187120333,1.9771518145660667,0.5054779601524642,-0.4809499375899597,1.0522818751078238,1.6284733970451752,-2.5974536252639133,0.7325704805556285,0.12110941814614319,0.9740082032556172,-0.3987287770844659,-0.1704761458463537,0.13393159998786575,-0.8721522697616593,-0.4711036815737563,-1.219020945872287,-1.0581683468749699,-0.4474887025452657,-0.5074831951263481,-0.6728005861801654,-0.6231349157409148,0.86104089054403,-0.5181721416300622,-0.9107813581825775,-0.4389563152457213,2
0.571000992862018,3.7356345727102434,1.2083103201717478,0.15170621989309047,2.277816922604805,-0.78804004008337,-1.226822853604381,-0.26193856368525176,1.6707499028983408,0.28728054920530294,0.18196212544225696,0.28952536104903126,-0.23089044364446254,1.7408202696310016,-1.0541197742328727,-0.44098440666676125,-0.26167656097483005,0.09537745830020644,1.0879162964429776,-0.9098858770510233,1.06989458358495,-0.918045768537019,0.8225188291610003,0.048649264484836884,-0.06644106713839086,0.512704492836573,-0.9696187931392127,1.0641626350613962,0.07178102587552385,0.5568977656624722,9
-2.012211353271887,2.395135120986562,1.9632840217043899,0.8068680077180714,-1.4261174657057576,-0.035020309585265176,0.7689698555525517,-0.06036327861213636,0.5695279943579435,-1.432344289694106,-1.2080765934220417,1.259931606285356,-0.7473765860380105,0.8398461016767267,-0.016908743390260588,-0.14981342323358748,-0.20522080820481484,1.0299311210975306,-0.2659838056303105,0.2712202911263113,0.2394944175713081,-0.029300837406586587,-0.2832574792848385,-0.3119319712143995,0.4993099175023201,-0.7557623666347629,-1.264391689091251,-0.9354907629997474,-0.310195636963226,0.015545704905656887,8
1.4524982111848463,-4.6231416229099835,0.5256918501998926,2.0034572247348637,1.2247734747769174,-0.44049540792574143,0.3947588851332633,-1.3995108706289867,1.470630320260446,-0.07367028979964109,-0.30156936594438766,-0.047502875864135666,-1.77262215530926,-0.8117833350088413,-0.0784975545152876,-0.2399272750616919,-1.226103981014952,1.0220792663052474,0.41764029416163645,-0.4000550212067316,0.5482448060588341,0.9633148096425797,-0.11395284768786106,-0.3163396718943334,0.8389368696790052,0.18172485731161508,-0.5393169435943101,-0.4175472616813559,0.8245585929325976,-0.11651008707951625,6
2.287123639320534,-0.48359047450137704,-2.7218042905058173,2.2248424245927745,-0.41179593915494545,-0.47972703130338407,0.7155989598634596,2.600989018787305,0.005561818862138015,-2.346025918833684,-1.1059649196929822,-1.178414537679221,0.4945122210393511,-0.08792444666688194,1.339304641997937,0.06921632215610636,0.5040587520164203,-0.5997760538583268,0.1706094689082038,0.22229438598912282,-0.3065650905469891,1.005138309798021,0.41368723962949944,-0.07984309489705639,0.40318302046810484,0.47094628981902215,-0.1122726200098523,0.23835169576614842,0.02500460437519191,-0.004997207154995497,0
1.4304332797600068,-3.8478012177761225,1.3952650815468615,-0.5240855077399437,0.7332724199012194,-0.352187718857609,0.4845458356340802,-2.2050048820985846,2.049540331836555,0.08310886147181804,0.48986335628556726,-1.0465466422958616,0.1054442277156262,-0.7327175895625154,0.8406087268203646,-0.5304576062718678,0.29931734923344433,-0.5459927973656311,0.408349143351092,0.687151308666407,0.02419671255487074,-1.0636028106325714,0.4912494691729755,0.5551406248876141,0.7631664490617677,-0.8169032233850048,0.40422975555445884,-0.23644422182246494,0.6415610622583253,0.8229531691412099,6
0.10094343798337334,0.3360553829804263,-0.4017132595403573,2.587713698007323,0.6991567503021101,0.06376136266207964,-2.6547203069961807,-0.11398313249717494,-0.97497707847084,0.10062782700806382,-1.2191904776345568,2.9148460559801763,-0.6209484992268215,-0.7561560911643007,0.06427732774240517,-0.5668220240741715,0.22279934339545804,0.4550176337959276,-0.6069032644473689,1.2345337032382373,-0.8123870910567564,1.083211779518423,-0.14977675389240316,0.5686648099394876,0.14217993145511107,0.11484020803831967,-0.36846876771310344,-0.8084182447871812,-0.053765419685207524,0.3867162902153347,5
1.5438900016159853,-4.546868853927219,0.044803192219139185,1.1302777862171682,1.1523391461652406,-1.7671127718494095,0.19081950346621337,-1.6495043040873454,1.3427113198453342,0.48052362123301956,1.127408649149444,-1.1227377372679535,-0.16053714245227613,-1.2232546283621133,0.9290833420554517,-0.26377483914517225,0.24729084726555609,-0.17467621437995662,-0.6942623948407558,0.17334447796155752,-0.7407655520676029,-0.34057826695303883,0.1964187806813178,0.0939276786039834,-0.798396407550291,-0.24098298966480203,-0.06844170096103679,-0.533400695046016,-0.4610251817955689,0.09975481658913753,6
0.37649959691810914,3.639099073061184,-1.8543158259531638,0.5845446066542026,0.8922046159848831,-1.6598748028039714,-1.7598092121431317,1.5783970857662806,-0.435092776997449,1.0279419741887248,1.212429302919815,0.24739936191362086,-0.13389155934588462,1.8451309787671388,-0.19491667840068747,-0.6530943361677983,-0.3330451741388553,-0.12045472520251028,0.5968255447479559,-0.9406926440799869,0.41849568904387724,-1.4781415667695195,-0.5995924831252528,0.46398252627980685,1.4315767717413834,-0.14144241892780923,-0.27738925164840644,0.46997498302326995,0.33212523947636263,0.7657710431680318,9
3.0215978259805376,-0.17528187282292007,-3.258194302567538,0.7729649791768228,-0.33278504968482286,0.15621770963444134,0.9485821144762341,1.1615083712602892,0.9528980921761253,-0.9643572685989126,-0.7475079079187927,-1.917198591192755,-0.2985274708552065,1.1439057316078787,0.24056543630361468,-0.06412040007231055,0.2748374797819698,-0.4851163671346785,0.3092063105966355,0.12308751131083213,0.23749707114146554,-0.05834867322133811,0.4497455764438281,0.9514023182451827,0.023688360078879898,-0.24645986539155204,0.18639901323431055,0.7667344949204553,-1.25645479062261,-0.25656324243384127,0
-2.342394989042941,2.6984369484452517,-0.7798264678851435,-2.595497503874413,-0.7426321776809135,0.5786599770807911,-0.5155534949478985,-0.5378407181863809,1.5995746267225885,0.4529828424590087,-0.32032774334296144,-0.33570372407587473,-2.2858346989073075,-0.42004409714594865,0.8223941328594746,1.0388277037281028,0.4097839023258596,-0.04275743164306517,-0.49498792501646827,-0.8375176441453638,0.7449197350066022,0.7229687349194805,-0.45734660360927243,-0.2172050317334143,-0.6254715255102672,0.8458883993198948,-0.20680451347299852,-0.19115389972385283,0.11578051147806588,-0.8104935724769586,3
2.3058998630240253,0.13777049119204055,-1.4062332900451038,0.46843072571228134,0.014835043700744264,-0.598016488396516,-1.6726757605266005,-1.0817534619230993,-0.7783217244681172,1.0586080405136122,-0.4547572464729147,1.4991004235752434,-0.2900669921239577,-0.2330601546437253,-0.24681309018235445,-0.38354453124341625,0.47445482706684616,-0.16477477335603935,0.15838656476964758,1.2137583644670216,-0.552964751676881,-0.08757270421145534,0.13771451142088592,1.1701615382727528,-0.34170485166930886,-1.2550461113240403,0.7302026621216037,0.6062739824749531,-0.4720807091421475,0.31254496316268887,5
1.282590124161995,-4.155249293301635,-0.8144448769294539,-0.511171524773679,1.0024272635404865,-2.2459777719363108,0.9529008614180375,-2.6784835781897147,-0.41257983797213116,0.37817523610270354,-1.225303671871222,4.32269950154589,3.903862685811818,1.489732649442712,2.492444507636824,1.5621813832091156,1.2768300567571074,1.3754277913300381,0.3446193648051123,-2.0438342356062975,0.28798704545435033,0.5633916883152557,0.4786270902734241,0.2151908392395245,0.5733559959803989,-0.12779885934745322,0.8220792359076803,-1.099675213956905,-0.7450282715646457,-1.6989960759490688,6
2.57311343745693,5.284709665415582,-0.7703489846082842,-0.9540162754903048,1.7344409707023556,-1.1843196562436777,0.29926914767393487,0.2842273595757491,2.156736401542254,0.913707198230672,-1.9319902198494268,-0.3632946102416053,0.9339537101666987,-0.747761153228145,0.7462713666569856,-0.031218158539212518,-0.28577291914094927,0.30901562080042544,1.0445814893192547,0.5038240282283692,0.5593780892874476,-0.6307994736628595,1.5214476539239339,-1.5013254513772787,-1.3750238189627646,-0.9919107331409963,0.659799337450601,0.11056823492582897,0.6695849039122038,0.11571759848082508,7
4.324877779528646,-0.5908564128922368,0.5285924246019104,1.8793440075634038,0.04052833773355762,-1.557903529243094,-1.1964087692865775,1.4292790088220018,-1.1971334002778247,1.3480494334270283,-0.040939144689532976,0.7420303755479185,0.16099947186377492,-1.576605624674262,-0.4666168893506213,-0.40394464536180424,-1.1821995598555786,1.1937480636889184,-0.10166673689386986,-0.8456831400837159,0.6660317225931941,-1.0109669246318542,-0.4970223793808924,0.11572241287143113,-0.46853788457984336,-0.07327270274496918,0.1339740051600541,-0.29214001611474505,-0.5744991805021756,-0.2695509105455667,4
-1.8231729084960027,1.2811844501618768,0.09490929293682866,-3.115900079060348,-1.6086731355058417,0.4324864094742652,-0.05806801731038967,0.7112003516687228,0.8969149933546633,-0.8530918202261986,-0.07704068518334849,-0.11829965265468993,-1.411850859699887,-0.4365272317784085,0.9357708363129811,0.3960649052926853,0.45166960939235884,-0.46857080350338426,-0.15328560014180376,-0.6583898078205329,0.9081472763595702,-0.6016981761919875,-1.1656153506116547,0.7090522350903714,0.3589310336933602,1.196366401041463,-0.15342836102476756,-0.8245885475538228,-0.5526014569457194,-0.9235343661604248,3
1.7468790648643453,-0.2995699728946857,-3.3509283939508308,1.5870568378685677,-0.3199686348273788,-1.035435237679729,0.6207242704140696,2.2088197718453406,-0.9844879819670505,-1.3977646892937896,-0.3870734272992638,-0.8866310686640321,0.07654190668164314,-0.19227662845930057,0.5812251250663943,-0.09558206944491004,-0.09100416804184865,-0.6113235959974811,0.7722350120286612,-0.039381084566383444,-0.17714518940038318,1.3523373432120092,-0.23749023876523281,0.5106827662659091,0.13863946947207786,0.06714003402297902,0.2011795712022787,0.5160380261176244,0.4677728783125374,0.1869756702347811,0
3.0171663877940977,4.202450524342205,-1.9172771937163955,-1.1959062227179145,1.7679713801615606,0.8575749901404195,-1.5069730380811899,0.03434497988197327,0.7978259179391932,0.9115055415929566,-0.748942156927737,-0.5196773779906261,0.4314815078220511,1.861273111412457,-0.513241964766491,-0.6504723196382561,-0.24835132951138372,-0.03600066633922436,1.4470842535316786,-0.16499232311672746,0.1157189945512482,-0.6291108364379485,1.7230326757804642,-0.20171534281979073,-0.19683230860208104,-0.04428988733604066,0.3479861670642412,0.40649884017325794,-1.5978381596900568,1.1228088188397591,9
-5.833515162546974,-1.0812687331425637,1.0818291178766228,1.7474892954004484,-1.3571487813510157,1.8069036510213052,1.9622691050692893,-0.514260375784193,-0.606638492507071,-0.41240563370137917,0.8232427944216191,-1.7437602510453811,0.5559169248309923,1.2101658293399677,0.10557981234522888,0.3210012247564281,0.8163487565608947,-0.0564402207304234,-1.1433339477402573,-0.052482880323910915,-1.1731795069163162,-0.6191940141197237,-0.07681254223125986,-0.22087435941747172,-0.6752478590836495,-0.10647513941309676,0.8923004636573605,-0.5552201946861542,-0.6217908417997823,0.11094508735886119,2
0.5488688682194829,-3.4273180368566103,-2.4895291176763257,0.27280172066183533,0.4908665569314807,-1.6644453191589177,1.5417981659686206,0.22785863788999927,-0.23264520435017727,-0.6231146761602654,-0.14793315285614078,-1.133662256287163,0.8471710634305696,-0.3748002590914282,-0.8104153118445856,0.1437026851553317,0.2301178218918673,-1.5488430766019832,0.9444312750573595,-0.15628446962722675,1.218184991486061,0.4803825542278884,-0.22591104956701663,-0.5439203659986518,-0.8407836609348024,-0.3505879499119072,-0.4037640611311458,-0.7516061996682106,0.7243543963797477,0.8612834666486819,0
3.028432156149567,1.1512649078978388,1.4171823191542288,0.4357371481584874,-0.9037544430191277,-1.7371873770156319,0.42162835975429097,-0.3052040147825542,0.9721675380588066,-0.9808211942762943,0.7388111320456864,-0.7383020666894752,0.4162172971468994,2.22577359257173,0.4555318567429932,-0.6488877194963659,-0.0026828558004637097,0.09482626369183053,0.3339856325604826,-0.13312339892317565,-0.31319562776945303,-1.13819181733963,-1.3154318548407866,-0.20235053515847765,0.10286317743822142,0.3407070557169269,-0.04671368263653176,0.5505933723249092,-1.908348768208264,0.3405447565068356,8
2.451869999429921,1.270253116853874,-2.132239859460331,-4.004658022422884,-2.3159517668861973,1.6321843255992454,-1.421920879894623,-0.9378061313589063,-0.7255990054493411,2.0729200261417735,-0.0011180969962153358,-2.200315789810619,-0.5498604079177712,1.325810151825813,-2.134753712059549,-0.02014987735866061,-0.804282895409165,-0.11024309166744194,-0.8242445430215177,0.05339570836317576,0.9948462408048251,2.1652280127630523,-1.6210765809634224,1.1743772321075803,0.5320280176057652,0.8733998797094107,-0.24601480182644445,-0.7389374674565132,0.07134970809250359,-0.14748722613940193,1
-2.2719721858077975,-0.9206392973385613,1.1061786729543002,-3.6777125679321245,2.816696318163328,-0.5083870804380797,1.6795918628653024,6.26556935979312,-0.8411624107525117,2.1349220255880677,-3.4966490948528928,-0.4801731057214791,-1.3946480250710078,0.42381146684055787,1.2793818410769409,0.08505884300979441,0.009161418156533804,-0.6636570555757585,-1.4938667676187911,3.284401638530475,-0.4123947724126277,-0.18688890278632866,-2.026743860644223,0.491286556840262,0.019481717668783344,-0.21471674716174163,-0.10966364335613371,0.9791280728570537,0.1316111910310562,0.489213276768579,2
-2.359095203151234,2.206780283726057,1.1572775164553706,0.5074231339091848,-1.9962569907594123,-2.7896713818211336,1.444139766852977,-1.4393833676084893,-1.609282216987901,1.5697330819099373,0.9195327296783603,0.9556753887792376,0.004634368645271777,-0.8396985460848011,-1.2988933378010024,0.287582171017995,-0.07593133574887,-0.09455274082051927,-0.9918269129313475,0.9641650790557992,-0.7296366353668254,0.8840432210795776,0.8737974402424097,0.13934738067788738,0.610062453527917,-0.8424891832962581,-0.18295378624008649,-0.31980880482051727,0.3159835156973846,-0.11266854107671163,7
0.7024899701397384,-2.1163184914127338,-3.0392102239676277,2.1501232847398697,-0.23490084738416625,-0.505336429582123,0.6635834945230195,2.003850136727473,-0.8984547085409065,-1.354702023134762,-0.5241357730644224,-0.5666751234615397,1.1700088832528628,-0.7133297718662418,-0.25345257599171633,0.20316417076486507,0.3133788426923531,-0.8984528204535562,-0.16755147623784908,0.048497809675335075,0.3185014534439788,0.6788429790541187,0.4936644911884994,-0.20497307923712507,-0.12509761751876033,0.3089565956829596,-0.5605572034023845,0.2600931918253199,-0.09070340882040775,-0.030740371874703305,0
0.5519508702623054,2.884016976044168,1.2137281387952625,1.2151447368695094,-0.52940523882394,-2.6319312972926956,0.5455007746850736,-0.3714383144370311,1.764373901052924,0.4712837206932853,-0.8006323367630381,0.39494419559854355,0.39591426851339606,-1.0007817560536938,-0.2281146706449349,-0.19955728674175216,-0.5201511328947718,1.346156598440049,-1.2874207579945975,0.815209108341253,0.4746935139933093,0.47890738182202075,0.34990252374694014,-0.6658774466136411,-0.24502899369401707,-0.46788491453128783,-1.3364887944814487,0.1627844213579213,0.7637006229756748,-1.0437544066152045,7
1.2127352132929294,-1.3639808071643502,-2.676336227013102,1.242345893042516,-0.009918899917641479,0.4417625489614499,-0.11506289665138945,0.6538348695583376,-0.0160369236032393,-1.9968135268854605,-1.3774221887729514,-0.10165984269060832,0.01835282630947837,0.7420208981751834,-0.3547473911848287,0.20714860185108386,0.82829210686817,-1.2360558915013051,0.6297134861065186,0.3797961667174877,0.7329798275594037,0.7724601402705384,-0.19400767514560155,0.3945912162336265,-0.549795793117769,-0.9057626162162215,-0.4982794863237029,0.4080646044256542,0.030847762074831718,0.007259373523326687,0
1.19630621532864,5.304142960520811,-0.03199488484799374,-0.3987884623276208,0.23903453319354556,-3.0799226982854817,2.0594625408655594,-1.6084146256921417,1.2653346897962654,2.3365581071671726,-0.7915389072863207,-0.4718198187037223,-0.44280546896245315,0.8558143262713146,0.5372860703394745,0.2004361611052253,-0.1637237152738713,0.06044505683845377,0.3903643446009861,1.0611913566256508,-0.196517992959449,0.10241204387172506,0.5107424379746702,-1.3211985881269612,0.4193948285409589,1.5325154366136402,0.09565793328211807,-0.9554046835817854,-0.23186056652950807,0.5685008143631842,7
-4.547311001017733,0.6925860865859098,-2.3407175951173236,-1.129247075484678,-1.6415528170317908,0.46875001998977467,0.19376788743820583,-1.5616188516549412,-1.2859992235262812,1.1512586138533387,-0.2786518299467733,1.2740841087254373,0.4675864654987098,-1.774970700232538,1.032888968733462,0.8048536088122921,0.42161975284860015,-0.4236314953688145,-0.36504664712555945,0.5639703066609694,-0.23752450616437926,0.012980141772141551,-0.6418744252097422,-1.6449045478075977,0.8285773665270928,0.9166205870149233,-0.7252427665940426,0.01714647879541153,-0.04853128375692487,0.5238155648101787,3
0.6254274754155512,-6.428167935541302,2.779147363377643,-4.050427995498369,4.165341784079049,-3.573992820345006,3.6754352929172347,-1.9274056204559635,-1.260419668796166,3.759936634777292,-3.6546339146792124,5.76637352551648,7.731388192459162,5.549111103567721,4.975855334213011,4.269182938441401,1.7521322020316588,2.551579700711387,-0.5927344889843562,-4.935497813559598,1.4251413642032398,2.700432097364509,0.6661492550065462,1.9454817996730427,1.415303102601007,-0.9806200034736654,1.1488779583771054,-0.4357840910697709,-0.4789018160233242,-1.5655495176581293,6
-3.823863159704503,2.1531443635914513,-1.3382163418548587,-1.6046588236182937,-1.033801224638114,0.27167604790876304,-0.5418414441848164,-0.7237461403511717,0.6808857406879343,1.0090147702300005,0.6063953957975844,-0.48109591972455573,-2.3433282578426056,-0.38947885521235853,1.121217172021444,1.4920466874573615,0.524019840281098,-0.5457146948575758,-0.7085236369444443,-1.0359752811434149,0.4588634191764607,0.6397289012794969,-1.1926515699234779,-0.28549507176658384,-0.18670365429571995,0.27612799875216404,-0.22852417869606387,0.5695024263149113,0.18044120723067708,-0.35946884718594446,3
3.828349692594416,-0.09464939585630029,1.2197950577975598,1.478213497833854,1.1268598311387859,-1.057643955536207,-0.7165514249868095,0.03766933913312118,-0.928902164576353,1.0068793215383733,-0.322165147928326,0.5912767846554831,-1.997304164142592,-0.06623692246622032,0.3948446853844889,-0.4215517864144858,-0.9061946154092794,0.3831452539084629,1.6977807109661371,-0.6861423709789027,-0.14672263990677586,-0.09912159847161814,-0.48605100044599675,0.4338314232981133,-0.47697632294667847,-1.1358653854112497,1.0505389028474341,-0.5323488983645887,-0.1746997350353489,0.5573601528993619,4
-0.4898339696484559,-0.6674173729258525,-2.7724090584227805,-3.05700539858275,-0.9426921486743943,0.041057732836729914,1.1597397059473185,-0.0883460517093942,0.12858230445505586,-1.0369060244962067,-0.13566041930348086,0.3190036776537451,0.5545652374683516,0.7445802025994515,-0.6740066876942568,-0.8150649816602457,-0.26695150380379257,-0.22778735702935612,1.2349955947425144,0.4672366737631762,0.4511399663883258,-0.8333809376680099,-0.2554486327848246,0.4805576409722109,-0.2139150720023492,0.3602012912709386,0.03550215105283045,0.45676318205682426,-0.2976396090188874,-0.17670805788838403,9
-1.7481435760108803,-2.143516030215414,2.841715093325611,-0.9661007768909599,2.99879594919175,-0.34284753467346024,0.34417292745654987,2.6523986495125635,0.0225583879985303,1.1391395034869538,-0.5085304053615544,-0.7401259024549808,-1.3249649000526904,-0.162657925454773,-1.4045814809028985,-0.5370923802679356,-1.0199355054369137,-0.024290961961773768,-0.10062386689079397,-0.2776733996415286,0.9064394915806802,0.44746189740566267,0.9782717322667397,0.9747264906196813,0.1775255693479469,-0.08613480209562949,-0.6306883624605518,-0.7929393406980902,-0.1990950884879745,-0.26367240307981904,2
3.247269052901281,-1.0308961882623198,3.913246840302546,-0.630667850015561,-1.7801241756159725,0.8685181513817116,-1.3616335953629657,-1.1619104510072669,-0.8463459202315321,-0.5181211874336923,-0.128108278591401,1.301578746901711,0.4958917685986131,-1.7206241126661574,-0.021092647769890845,0.771950595347904,0.43351628091942324,0.3705271385760756,-0.36490962427428253,-0.19886292227134225,-0.023611437357268283,-0.39239433635256804,-0.09900730158193713,-0.599780904011512,-0.14928265814207814,0.3696763306710377,-0.7395396795665348,0.9125934586199523,0.0968481985061647,0.8906928880122627,4
-1.6306227347784041,0.587018706945517,-1.273043619407053,-2.1137716797178543,-0.6659669483769878,-0.8409283639657135,-1.0503003074248776,0.28696671512884314,0.4984667885416308,-0.5656343346906432,0.14518903538275557,1.2328514800960375,0.8919718023346106,-2.4045286973431894,1.4377826498747779,-0.4597653269879257,0.3108502385341285,0.0640863908795683,-0.010836565343277814,0.3025130536273531,-0.04397934367377274,-0.5997594500436726,0.8099491404229928,-0.05693838299906262,-0.7468308787244562,0.07582194775681454,-0.0033640163606501136,0.8388044361522135,0.6273201646328256,-0.6333205992359212,3
3.769107442309865,0.2950006638826623,0.9546232272646663,0.9504726190827716,1.3660259289320207,-1.3314986471065149,-0.42929069829090566,0.15627985062362554,-1.49628315717041,1.3311209247480047,-0.4142633277820722,0.7529737489384881,-1.6678032440852015,0.12170606314906568,-0.11384949754628024,-0.8094784013690953,-0.995348812540948,-0.1138916666775639,2.371204150503403,-0.19794236753985125,0.06318590837990347,-0.08838469267936917,0.06591662692560842,0.7309567499472853,-0.1977994229381179,-0.9263111402837073,1.1861976338633102,-0.40281807221414634,0.6878600187032469,0.5665940303222448,4
-0.9081673596458255,-1.1754428128786796,-2.1969875180811753,-1.366428815457322,0.5310088386213035,-0.08098234435357958,-1.8029478438491353,-0.925101167325131,-0.04418888384976223,0.4926335314894931,1.072058812429072,0.7722416983036395,-0.35614465601204937,0.5616203332420211,-0.5225275855906705,-0.7457889934920574,-0.3952122763121165,0.5149209857940217,-0.19573929955692132,-0.5734916877218593,0.05381770416613627,-0.23575493390636465,-1.2193171226863437,0.33031111527228924,-1.2507038728371072,0.24574117929757083,-0.45301971310503014,-0.341893192849794,-0.03094610619492862,-0.06861371498316889,9
1.2281554376561985,-5.651384529045805,1.5910144496928864,-2.7558065838163834,2.3806295373604125,-2.005005976123997,1.7675326924617734,-2.139043584097677,-0.1397969668010364,2.0045214501735953,-1.6120815251766383,2.598464824098338,5.134303529519836,2.4586728072307378,2.9010198169809702,2.1730586423529807,1.832509088376229,0.6821312213502403,-1.2661795194089474,-1.5904039298206443,0.004391476952062603,0.6566572671126858,0.1865243103831209,1.0428565106773116,0.26453562270244757,-0.9970965724594973,-0.013677047897662966,-0.11648708921046293,-0.8142138838444338,-0.015155290617276681,6
1.2853854976549706,-4.324781571105527,0.7384241439443888,0.1044910468517286,1.3875806965863897,-0.7880456543507608,0.8272839149724879,-2.4078757121844987,1.106784155623507,0.493924804338928,-0.015513746677848056,-0.8687236787570525,-1.3447388578723727,-0.3752933095891711,-0.6861159652074981,0.007218049768817502,-0.9823972151348677,-0.12086532089586056,1.381518594179648,-0.3778141976701739,1.1747621410504814,0.8241524638563988,-0.02020157916910779,-0.2760186786056538,0.46639727229706557,-0.6004081177462097,-0.6438210192160931,-0.24920838703422266,0.4979473100899452,0.8712643171222685,6
-3.7032742163073724,-1.4847204255839095,1.20504100873957,0.260354948542014,0.8093436080511079,-0.7308786441748787,0.10892668931331992,1.0516933882275548,-0.49353356312078994,-0.34105980686225823,2.38201768784973,-1.7327356695321903,0.06910784049823664,-0.09042857879117149,-0.9145784357039278,0.2095220541428179,-0.1452159914369349,-0.4724456161341186,-0.43243481709102793,-1.3320972456253057,-0.5881365684452987,0.5147959091927166,1.2078672909428168,-0.031620617824755455,-0.3610557684016931,0.07959076105380336,1.169663798183178,-0.2560148779765008,-0.8411894870402479,-0.1784591226519672,2
-0.6898396102992644,3.4543444256941394,0.735394226607713,0.5727846432321845,-0.3899440966869165,-2.2001245701691916,1.2001118856364656,-2.010553924146849,1.9869601007875697,2.0130148118537066,0.22757248437749952,-1.0297322508547253,-0.9310109706494109,-0.400645617345027,-1.560729066866956,0.8146266316460113,-0.3720238492556127,0.8122047783849408,-1.851034061947952,0.37081833315278867,0.4057301263198922,1.4056264000029015,0.8407353179054362,0.130643179546798,-0.17611583522530982,-0.7368622093062515,-0.5628920353873098,0.18584959679822793,-0.21365329210870196,-1.0861282364640583,7
-0.7646827817946098,0.043616702847619634,1.244007109211956,0.553217179952132,-1.8333781525500066,1.2585390867792225,-0.8161017123203285,0.4315128336475047,0.7754803065764203,-2.8685555034259367,0.29018973089985567,0.9396156114742706,-0.35560424660222706,0.4645152629944243,0.7690583443452168,-0.10754286156528545,-0.15676110338935015,1.7395230760217568,-0.8290733334515198,-0.36235283612342833,-0.9369229585654235,0.6588011250493409,0.1306240495269509,0.5038783630901313,-0.48252714863104623,-0.7311542718402689,-0.2858161421389054,0.8912285351405245,0.8706866257294942,0.5756405630355579,8
-1.067083680856538,-0.5911162343484357,-3.575768199693056,0.6437732957904924,0.3949480952716797,0.2809667715683289,-1.3958322567062156,-0.6778000293267977,-0.8349626127430749,0.8610396517956337,0.08589309381689904,0.7466328660141247,0.17916503559719038,0.6286447901176442,-1.4504453859937985,0.7478793113932156,0.7793871837092768,-1.128450828996656,-0.2579054419116259,0.05250439397022112,0.4576899017831964,-0.0630635471444337,0.3567395864311501,-0.5843086031783613,0.7554243616170366,0.5767258496452791,0.3933121872079108,-0.2689433367765883,-0.11186830996762763,0.18528770607204573,5
-0.28987725596583686,4.216409170206231,0.3017888756933143,0.7315247881595222,1.1727148056258503,0.012470237303596155,0.3727585410547798,-0.6012356040239702,0.9619026972308392,1.5055926427434625,-0.7518212748892157,-1.312044375657632,-1.5283090147162404,1.0853122706899871,1.519589863140072,-0.32748391765995954,-0.1155844702599187,0.12972422196590094,1.5225713725077346,-1.0567233658697264,0.41336637286212274,-0.3461706795936289,0.3188724046565538,0.35740324156278863,-1.5559731062036437,-0.5276789921492007,-0.2899462010520043,0.22569132455686636,-0.45783365688376326,0.5611313659944228,3
-2.9026447568279705,-0.9195324794565701,-1.3176376789141642,-0.915431230279265,-0.3612246545702372,-0.055065345455778514,0.04366727339378023,-0.13437316921516673,-0.37449654342151867,-0.3250356037109958,0.17544952373168357,1.4838763532578212,-1.5800434396162328,-2.0503858348656387,-0.4733159010798576,0.22999305045270055,-0.09836714861569688,0.16751993638289892,0.23986317637186153,-0.2216747756114523,0.06554486168676925,0.7196120257717391,1.324384541476513,0.977768430659205,0.1637765977432228,-0.052681745781071876,0.4148524151772514,-0.08096346348609693,-0.33035536369299207,-0.42104059394717414,3
-4.378299742903668,0.7961027384610895,-3.2545273452407155,-1.0614557711861317,-1.1158470648069618,0.17130494299508475,-0.20464107060391196,-0.9516960486167376,-0.9484416518241037,1.559187694665743,0.6187755270293022,0.37561123990336104,-0.3463560718757374,-1.0441590237961664,-0.05201311858542821,1.6018480686340113,0.7841282816260402,-0.8345968019490739,-0.5864499010245515,-0.607103439615728,0.5848446300164076,-0.6231755639026513,-0.5169405176928145,-1.0310468924006613,0.1985528147997538,0.21896576621416602,-0.414625965091918,0.5969564804154734,-0.5183646805594212,0.46204394706657576,3
-3.0848435591723304,3.448133323427139,0.6682855091319133,2.536065116410603,1.0214943722015446,3.4230022049313154,-0.9672753672848617,-1.407788996137764,1.3655466304770436,0.8977797440897817,-2.9085387299052603,0.4295938335091341,0.6284599549558538,-0.30561486648424424,1.125558064198341,-0.5064654164209761,0.34677206359051427,0.6022430432974845,0.29452674755349356,0.9652138496656546,0.2749481981396789,-0.3573224184083568,1.1009484093283832,-0.5087861440350443,-0.27238355794600244,-0.7693705166356178,-0.2875821650055005,0.2879994232243698,-0.11245918756990306,0.09696978452191476,5
-1.7456403390842978,-4.134983146382943,4.553077601328486,-2.9799032902497475,5.304374228992262,1.0702962552938728,-0.009578258202994213,2.847582810896258,-0.7203830844427095,1.9284274437833318,-2.7041837488789264,0.9322955223948419,-1.3973277263940593,3.233260198354406,0.05942840395827759,0.5570398795210149,-0.17225391021752973,0.002565659756452253,-0.8294962332737973,1.3871337593520134,-0.7316374298728666,0.5612219951151682,-1.2671507520439393,-0.5284722142786962,-1.1937991625882214,0.21610680732002197,-0.2285308936545308,1.5790610499109425,1.2664330804985529,0.9519582011815965,1
-1.453324937643119,-1.4038779155397163,-2.9568347405911553,-3.24407914416045,-0.6185609876578413,0.15929572264897382,0.5715426528060098,-0.031626582649626256,-0.7309125689874894,-0.5277403718536604,-0.1894345432008737,1.3603631542951136,0.12613106440386987,-0.30156325618903645,-1.769195613914425,-0.5616171410740776,-0.7384938837911066,0.2339838048474434,1.188048886692823,0.06891994774585639,0.8371973740801133,-0.4947310718563221,-0.40219910726406194,0.08867450146709427,-0.6413804880826727,-0.1911867770544615,-0.014969456459029517,0.27232068853816915,-0.2178161538863088,-0.4168745295720976,9
